student_id,cumulative_gpa,academic_hours,training_hours,total_warnings_max,consecutive_warnings_max,military_education,graduation_status,year1_fall_gpa,year1_spring_gpa,year1_total_courses,year1_passed_courses,year1_failed_courses,year1_credits,year1_points,year1_avg_grade,year1_max_grade,year1_min_grade,year2_fall_gpa,year2_spring_gpa,year2_total_courses,year2_passed_courses,year2_failed_courses,year2_credits,year2_points,year2_avg_grade,year2_max_grade,year2_min_grade,year3_fall_gpa,year3_spring_gpa,year3_total_courses,year3_passed_courses,year3_failed_courses,year3_credits,year3_points,year3_avg_grade,year3_max_grade,year3_min_grade,year4_fall_gpa,year4_spring_gpa,year4_total_courses,year4_passed_courses,year4_failed_courses,year4_credits,year4_points,year4_avg_grade,year4_max_grade,year4_min_grade,total_courses,passed_courses,failed_courses,total_credits_all_years,total_points_all_years,avg_numeric_grade,highest_grade,lowest_grade,semester_gpa_count,overall_semester_gpa_avg,years_available,complete_four_year_record,promoted_to_year3
210142,2.09,55.0,70.0,1,0,,,2.15,1.79,13,12,1,35.0,68.8,1.938,2.6,0.0,2.07,,6,6,0,18.0,37.2,2.067,2.6,1.0,,,0,0,0,0.0,0.0,,,,,,0,0,0,0.0,0.0,,,,19,18,1,53.0,106.0,1.979,2.6,0.0,3,2.003,2,0,1
210174,2.17,55.0,110.0,0,0,,,2.21,2.3,13,13,0,35.0,79.0,2.3,3.4,1.0,2.0,,6,6,0,18.0,36.0,2.0,2.6,1.0,,,0,0,0,0.0,0.0,,,,,,0,0,0,0.0,0.0,,,,19,19,0,53.0,115.0,2.205,3.4,1.0,3,2.17,2,0,1
210294,1.96,49.0,110.0,3,0,,,1.74,1.7,11,10,1,32.0,55.1,1.755,3.2,0.0,2.0,,5,5,0,15.0,30.0,2.0,2.6,1.0,,,0,0,0,0.0,0.0,,,,,,0,0,0,0.0,0.0,,,,16,15,1,47.0,85.1,1.831,3.2,0.0,3,1.813,2,0,0
210389,2.73,55.0,40.0,0,0,,,2.49,3.11,13,13,0,35.0,98.3,2.862,3.7,1.0,2.65,,6,6,0,18.0,47.7,2.65,3.7,1.0,,,0,0,0,0.0,0.0,,,,,,0,0,0,0.0,0.0,,,,19,19,0,53.0,146.0,2.795,3.7,1.0,3,2.75,2,0,1
210430,2.73,55.0,110.0,0,0,,,2.55,3.19,13,13,0,35.0,100.7,2.908,4.0,1.5,2.57,,6,6,0,18.0,46.2,2.567,2.8,2.2,,,0,0,0,0.0,0.0,,,,,,0,0,0,0.0,0.0,,,,19,19,0,53.0,146.9,2.8,4.0,1.5,3,2.77,2,0,1
210464,1.83,52.0,110.0,3,0,,,1.75,1.94,11,11,0,32.0,58.8,1.827,3.7,1.0,1.84,,5,4,1,14.0,25.8,1.72,2.4,0.0,,,0,0,0,0.0,0.0,,,,,,0,0,0,0.0,0.0,,,,16,15,1,46.0,84.6,1.794,3.7,0.0,3,1.843,2,0,1
210474,2.11,52.0,70.0,1,0,,,1.96,2.19,13,12,1,35.0,72.9,2.092,3.7,0.0,2.17,,6,6,0,18.0,39.0,2.167,2.8,1.0,,,0,0,0,0.0,0.0,,,,,,0,0,0,0.0,0.0,,,,19,18,1,53.0,111.9,2.116,3.7,0.0,3,2.107,2,0,1
210520,2.33,60.0,110.0,0,0,,,2.21,2.9,13,13,0,35.0,89.8,2.577,4.0,1.5,1.92,,6,6,0,17.0,32.7,1.9,2.2,1.5,,,0,0,0,0.0,0.0,,,,,,0,0,0,0.0,0.0,,,,19,19,0,52.0,122.5,2.363,4.0,1.5,3,2.343,2,0,1
210621,2.1,55.0,110.0,1,0,,,2.0,1.96,13,11,2,35.0,69.3,1.946,3.7,0.0,1.77,,6,6,0,18.0,31.8,1.767,2.2,1.0,,,0,0,0,0.0,0.0,,,,,,0,0,0,0.0,0.0,,,,19,17,2,53.0,101.1,1.889,3.7,0.0,3,1.91,2,0,1
210651,2.02,53.0,110.0,1,0,,,2.3,1.69,13,12,1,35.0,69.6,1.969,3.2,0.0,2.1,,5,5,0,15.0,31.5,2.1,2.4,1.5,,,0,0,0,0.0,0.0,,,,,,0,0,0,0.0,0.0,,,,18,17,1,50.0,101.1,2.006,3.2,0.0,3,2.03,2,0,1
210668,2.67,34.0,70.0,1,0,,,1.46,2.6,12,9,3,31.0,61.2,2.142,3.7,0.0,2.5,,5,4,1,15.0,37.5,2.5,3.7,0.0,,,0,0,0,0.0,0.0,,,,,,0,0,0,0.0,0.0,,,,17,13,4,46.0,98.7,2.247,3.7,0.0,3,2.187,2,0,0
210723,2.03,47.0,70.0,1,0,,,2.01,1.53,13,11,2,35.0,61.7,1.769,3.0,0.0,2.36,,5,5,0,15.0,35.4,2.36,2.6,2.2,,,0,0,0,0.0,0.0,,,,,,0,0,0,0.0,0.0,,,,18,16,2,50.0,97.1,1.933,3.0,0.0,3,1.967,2,0,1
210749,2.54,58.0,110.0,0,0,,,2.32,2.83,13,13,0,35.0,90.4,2.623,4.0,2.0,2.32,,6,6,0,18.0,41.7,2.317,2.8,1.5,,,0,0,0,0.0,0.0,,,,,,0,0,0,0.0,0.0,,,,19,19,0,53.0,132.1,2.526,4.0,1.5,3,2.49,2,0,1
210758,1.8,55.0,0.0,3,0,,,,,0,0,0,0.0,0.0,,,,1.84,,5,5,0,15.0,27.6,1.84,2.2,1.5,,,0,0,0,0.0,0.0,,,,,,0,0,0,0.0,0.0,,,,5,5,0,15.0,27.6,1.84,2.2,1.5,1,1.84,1,0,1
210778,2.87,55.0,70.0,0,0,,,2.64,3.22,13,13,0,35.0,102.8,2.954,4.0,2.0,2.8,,6,6,0,18.0,50.4,2.8,3.2,2.4,,,0,0,0,0.0,0.0,,,,,,0,0,0,0.0,0.0,,,,19,19,0,53.0,153.2,2.905,4.0,2.0,3,2.887,2,0,1
210839,1.96,42.0,40.0,3,0,,,,,0,0,0,0.0,0.0,,,,1.9,,5,5,0,15.0,28.5,1.9,2.0,1.5,,,0,0,0,0.0,0.0,,,,,,0,0,0,0.0,0.0,,,,5,5,0,15.0,28.5,1.9,2.0,1.5,1,1.9,1,0,0
210890,1.07,13.0,0.0,1,0,,,,,0,0,0,0.0,0.0,,,,1.07,,7,5,2,18.0,19.3,1.129,2.4,0.0,,,0,0,0,0.0,0.0,,,,,,0,0,0,0.0,0.0,,,,7,5,2,18.0,19.3,1.129,2.4,0.0,1,1.07,1,0,1
210914,1.74,49.0,110.0,2,0,,,1.72,2.53,10,10,0,29.0,59.5,2.07,3.4,1.0,1.17,,6,5,1,18.0,21.0,1.167,2.0,0.0,,,0,0,0,0.0,0.0,,,,,,0,0,0,0.0,0.0,,,,16,15,1,47.0,80.5,1.731,3.4,0.0,3,1.807,2,0,1
210915,2.11,44.0,30.0,2,0,,,1.25,1.9,11,9,2,29.0,44.1,1.536,2.4,0.0,2.76,,5,5,0,15.0,41.4,2.76,3.0,2.4,,,0,0,0,0.0,0.0,,,,,,0,0,0,0.0,0.0,,,,16,14,2,44.0,85.5,1.919,3.0,0.0,3,1.97,2,0,0
210955,2.38,53.0,70.0,1,0,,,1.97,2.28,13,12,1,35.0,74.5,2.115,4.0,0.0,2.6,,6,6,0,18.0,46.8,2.6,3.2,2.0,,,0,0,0,0.0,0.0,,,,,,0,0,0,0.0,0.0,,,,19,18,1,53.0,121.3,2.268,4.0,0.0,3,2.283,2,0,1
210964,1.97,52.0,70.0,1,0,,,2.09,2.19,13,13,0,35.0,74.9,2.146,3.2,1.0,1.6,,6,5,1,18.0,28.8,1.6,2.2,0.0,,,0,0,0,0.0,0.0,,,,,,0,0,0,0.0,0.0,,,,19,18,1,53.0,103.7,1.974,3.2,0.0,3,1.96,2,0,1
211035,2.38,60.0,110.0,0,0,,,2.04,3.0,13,13,0,35.0,88.7,2.562,4.0,1.0,1.71,,6,6,0,17.0,29.0,1.667,2.6,1.0,,,0,0,0,0.0,0.0,,,,,,0,0,0,0.0,0.0,,,,19,19,0,52.0,117.7,2.279,4.0,1.0,3,2.25,2,0,1
211373,2.07,46.0,70.0,2,0,,,1.32,2.08,12,9,3,32.0,53.6,1.8,3.2,0.0,2.14,,5,5,0,15.0,32.1,2.14,2.8,1.5,,,0,0,0,0.0,0.0,,,,,,0,0,0,0.0,0.0,,,,17,14,3,47.0,85.7,1.9,3.2,0.0,3,1.847,2,0,1
211411,2.25,58.0,70.0,1,0,,,1.92,2.12,11,11,0,32.0,64.5,2.045,3.4,1.0,2.5,,6,6,0,18.0,45.0,2.5,3.0,2.0,,,0,0,0,0.0,0.0,,,,,,0,0,0,0.0,0.0,,,,17,17,0,50.0,109.5,2.206,3.4,1.0,3,2.18,2,0,1
211633,2.29,55.0,70.0,0,0,,,2.11,2.54,13,13,0,35.0,81.6,2.315,3.2,1.0,2.23,,6,6,0,18.0,40.2,2.233,2.8,1.0,,,0,0,0,0.0,0.0,,,,,,0,0,0,0.0,0.0,,,,19,19,0,53.0,121.8,2.289,3.2,1.0,3,2.293,2,0,1
211816,1.81,55.0,110.0,2,0,,,2.11,1.78,13,11,2,35.0,67.9,1.885,3.0,0.0,1.17,,6,5,1,18.0,21.0,1.167,2.0,0.0,,,0,0,0,0.0,0.0,,,,,,0,0,0,0.0,0.0,,,,19,16,3,53.0,88.9,1.658,3.0,0.0,3,1.687,2,0,1
211930,2.16,60.0,80.0,0,0,,,2.04,2.46,13,13,0,35.0,78.9,2.285,3.4,1.5,1.98,,6,6,0,17.0,33.6,1.95,3.0,1.5,,,0,0,0,0.0,0.0,,,,,,0,0,0,0.0,0.0,,,,19,19,0,52.0,112.5,2.179,3.4,1.5,3,2.16,2,0,1
211943,1.94,50.0,70.0,2,0,,,2.01,1.63,13,12,1,35.0,63.4,1.846,2.8,0.0,1.84,,5,5,0,15.0,27.6,1.84,2.2,1.5,,,0,0,0,0.0,0.0,,,,,,0,0,0,0.0,0.0,,,,18,17,1,50.0,91.0,1.844,2.8,0.0,3,1.827,2,0,1
212157,2.17,51.0,70.0,1,0,,,1.57,2.8,11,10,1,32.0,68.7,2.082,4.0,0.0,2.03,,6,6,0,17.0,34.5,2.05,2.8,1.0,,,0,0,0,0.0,0.0,,,,,,0,0,0,0.0,0.0,,,,17,16,1,49.0,103.2,2.071,4.0,0.0,3,2.133,2,0,1
212170,2.43,52.0,70.0,1,0,,,1.89,2.96,11,11,0,32.0,76.6,2.382,4.0,1.5,2.53,,6,6,0,18.0,45.6,2.533,3.0,2.0,,,0,0,0,0.0,0.0,,,,,,0,0,0,0.0,0.0,,,,17,17,0,50.0,122.2,2.435,4.0,1.5,3,2.46,2,0,1
212264,2.5,52.0,40.0,0,0,,,2.61,2.69,13,13,0,35.0,92.8,2.6,4.0,1.5,2.2,,6,6,0,17.0,37.4,2.233,3.0,1.0,,,0,0,0,0.0,0.0,,,,,,0,0,0,0.0,0.0,,,,19,19,0,52.0,130.2,2.484,4.0,1.0,3,2.5,2,0,1
212297,2.6,60.0,110.0,0,0,,,2.52,3.0,13,13,0,35.0,96.8,2.769,4.0,2.2,2.29,,6,6,0,17.0,39.0,2.25,2.8,1.5,,,0,0,0,0.0,0.0,,,,,,0,0,0,0.0,0.0,,,,19,19,0,52.0,135.8,2.605,4.0,1.5,3,2.603,2,0,1
212417,2.06,51.0,60.0,1,0,,,1.71,2.48,11,11,0,32.0,66.2,2.091,3.7,1.0,2.06,,6,6,0,17.0,35.0,2.067,2.6,1.0,,,0,0,0,0.0,0.0,,,,,,0,0,0,0.0,0.0,,,,17,17,0,49.0,101.2,2.082,3.7,1.0,3,2.083,2,0,1
212475,2.47,55.0,70.0,0,0,,,2.01,2.98,13,13,0,35.0,87.9,2.554,3.7,1.5,2.48,,6,6,0,18.0,44.7,2.483,3.0,1.5,,,0,0,0,0.0,0.0,,,,,,0,0,0,0.0,0.0,,,,19,19,0,53.0,132.6,2.532,3.7,1.5,3,2.49,2,0,1
212489,1.82,51.0,0.0,1,0,,,2.06,1.73,13,11,2,35.0,66.2,1.831,4.0,0.0,1.42,,6,6,0,18.0,25.5,1.417,2.0,1.0,,,0,0,0,0.0,0.0,,,,,,0,0,0,0.0,0.0,,,,19,17,2,53.0,91.7,1.7,4.0,0.0,3,1.737,2,0,1
212615,2.08,43.0,60.0,1,0,,,1.87,2.01,12,9,3,32.0,62.0,1.958,3.7,0.0,1.76,,6,5,1,17.0,29.9,1.717,2.6,0.0,,,0,0,0,0.0,0.0,,,,,,0,0,0,0.0,0.0,,,,18,14,4,49.0,91.9,1.878,3.7,0.0,3,1.88,2,0,0
212712,2.46,55.0,110.0,0,0,,,2.23,2.62,13,13,0,35.0,85.0,2.4,3.7,1.0,2.5,,6,6,0,18.0,45.0,2.5,3.0,2.0,,,0,0,0,0.0,0.0,,,,,,0,0,0,0.0,0.0,,,,19,19,0,53.0,130.0,2.432,3.7,1.0,3,2.45,2,0,1
212715,2.76,60.0,110.0,0,0,,,2.21,3.19,13,13,0,35.0,95.0,2.746,3.7,1.5,2.66,,6,6,0,17.0,45.2,2.667,3.2,1.0,,,0,0,0,0.0,0.0,,,,,,0,0,0,0.0,0.0,,,,19,19,0,52.0,140.2,2.721,3.7,1.0,3,2.687,2,0,1
212769,2.42,57.0,110.0,1,0,,,1.93,2.78,11,11,0,32.0,74.5,2.336,3.7,1.0,2.67,,6,6,0,17.0,45.4,2.667,2.8,2.4,,,0,0,0,0.0,0.0,,,,,,0,0,0,0.0,0.0,,,,17,17,0,49.0,119.9,2.453,3.7,1.0,3,2.46,2,0,1
212852,2.17,49.0,110.0,1,0,,,1.92,2.46,11,10,1,32.0,69.6,2.109,4.0,0.0,1.91,,6,6,0,17.0,32.5,1.95,3.0,1.0,,,0,0,0,0.0,0.0,,,,,,0,0,0,0.0,0.0,,,,17,16,1,49.0,102.1,2.053,4.0,0.0,3,2.097,2,0,1
212892,2.33,52.0,30.0,0,0,,,2.09,2.32,13,13,0,35.0,77.4,2.215,3.4,1.0,2.64,,5,5,0,15.0,39.6,2.64,3.0,2.4,,,0,0,0,0.0,0.0,,,,,,0,0,0,0.0,0.0,,,,18,18,0,50.0,117.0,2.333,3.4,1.0,3,2.35,2,0,1
212945,2.08,52.0,70.0,1,0,,,1.91,2.28,11,11,0,32.0,66.6,2.109,4.0,1.0,2.08,,7,7,0,18.0,37.4,2.029,2.6,1.0,,,0,0,0,0.0,0.0,,,,,,0,0,0,0.0,0.0,,,,18,18,0,50.0,104.0,2.078,4.0,1.0,3,2.09,2,0,1
213006,2.55,48.0,70.0,1,0,,,,,0,0,0,0.0,0.0,,,,2.45,,6,6,0,17.0,41.7,2.45,3.0,1.5,,,0,0,0,0.0,0.0,,,,,,0,0,0,0.0,0.0,,,,6,6,0,17.0,41.7,2.45,3.0,1.5,1,2.45,1,0,1
213442,2.06,52.0,70.0,1,0,,,2.18,1.72,12,12,0,32.0,62.9,1.942,3.0,1.0,2.24,,5,5,0,15.0,33.6,2.24,2.6,2.0,,,0,0,0,0.0,0.0,,,,,,0,0,0,0.0,0.0,,,,17,17,0,47.0,96.5,2.029,3.0,1.0,3,2.047,2,0,1
213453,2.6,55.0,70.0,0,0,,,2.01,3.13,13,13,0,35.0,90.6,2.608,4.0,1.5,2.75,,6,6,0,18.0,49.5,2.75,3.2,1.5,,,0,0,0,0.0,0.0,,,,,,0,0,0,0.0,0.0,,,,19,19,0,53.0,140.1,2.653,4.0,1.5,3,2.63,2,0,1
213517,2.01,45.0,70.0,2,0,,,1.34,2.0,11,8,3,32.0,52.8,1.6,3.7,0.0,2.14,,5,5,0,15.0,32.1,2.14,2.6,1.5,,,0,0,0,0.0,0.0,,,,,,0,0,0,0.0,0.0,,,,16,13,3,47.0,84.9,1.769,3.7,0.0,3,1.827,2,0,1
213858,2.26,60.0,70.0,0,0,,,2.25,2.42,13,13,0,35.0,81.8,2.354,4.0,1.0,2.05,,6,6,0,17.0,34.8,2.067,2.6,1.5,,,0,0,0,0.0,0.0,,,,,,0,0,0,0.0,0.0,,,,19,19,0,52.0,116.6,2.263,4.0,1.0,3,2.24,2,0,1
213885,2.41,60.0,70.0,0,0,,,2.12,2.87,13,13,0,35.0,87.8,2.508,3.7,1.0,2.26,,5,5,0,14.0,31.6,2.28,3.0,1.0,,,0,0,0,0.0,0.0,,,,,,0,0,0,0.0,0.0,,,,18,18,0,49.0,119.4,2.444,3.7,1.0,3,2.417,2,0,1
220006,2.14,53.0,70.0,0,0,,,2.27,1.8,13,11,2,35.0,71.0,1.985,3.4,0.0,1.95,,6,6,0,18.0,35.1,1.95,2.4,1.0,,,0,0,0,0.0,0.0,,,,,,0,0,0,0.0,0.0,,,,19,17,2,53.0,106.1,1.974,3.4,0.0,3,2.007,2,0,1
220023,2.5,52.0,70.0,0,0,,,,,0,0,0,0.0,0.0,,,,2.64,,6,6,0,17.0,44.8,2.633,3.0,2.4,,,0,0,0,0.0,0.0,,,,,,0,0,0,0.0,0.0,,,,6,6,0,17.0,44.8,2.633,3.0,2.4,1,2.64,1,0,1
220048,2.77,53.0,70.0,0,0,,,2.87,2.64,13,13,0,35.0,96.3,2.7,4.0,1.0,2.8,,6,6,0,18.0,50.4,2.8,3.0,2.4,,,0,0,0,0.0,0.0,,,,,,0,0,0,0.0,0.0,,,,19,19,0,53.0,146.7,2.732,4.0,1.0,3,2.77,2,0,1
220049,2.63,52.0,110.0,0,0,,,2.92,2.65,13,13,0,35.0,97.4,2.815,3.7,1.0,2.32,,6,6,0,17.0,39.4,2.333,2.6,2.2,,,0,0,0,0.0,0.0,,,,,,0,0,0,0.0,0.0,,,,19,19,0,52.0,136.8,2.663,3.7,1.0,3,2.63,2,0,1
220051,2.95,53.0,70.0,0,0,,,2.79,3.02,13,13,0,35.0,101.9,2.892,4.0,2.0,2.97,,6,6,0,18.0,53.4,2.967,3.4,2.6,,,0,0,0,0.0,0.0,,,,,,0,0,0,0.0,0.0,,,,19,19,0,53.0,155.3,2.916,4.0,2.0,3,2.927,2,0,1
220057,2.09,52.0,70.0,0,0,,,2.23,2.08,13,13,0,35.0,75.3,2.131,3.7,1.0,1.98,,6,6,0,17.0,33.6,2.033,3.0,1.0,,,0,0,0,0.0,0.0,,,,,,0,0,0,0.0,0.0,,,,19,19,0,52.0,108.9,2.1,3.7,1.0,3,2.097,2,0,1
220060,2.56,52.0,110.0,0,0,,,2.49,2.51,13,13,0,35.0,87.5,2.5,3.7,1.0,2.67,,6,6,0,17.0,45.4,2.667,2.8,2.6,,,0,0,0,0.0,0.0,,,,,,0,0,0,0.0,0.0,,,,19,19,0,52.0,132.9,2.553,3.7,1.0,3,2.557,2,0,1
220072,2.47,49.0,70.0,0,0,,,2.34,2.77,13,13,0,35.0,89.5,2.585,4.0,1.0,2.28,,6,5,1,17.0,38.8,2.333,3.2,0.0,,,0,0,0,0.0,0.0,,,,,,0,0,0,0.0,0.0,,,,19,18,1,52.0,128.3,2.505,4.0,0.0,3,2.463,2,0,1
220080,2.56,53.0,110.0,0,0,,,2.6,2.64,13,13,0,35.0,91.8,2.562,3.7,1.5,2.43,,6,6,0,18.0,43.8,2.433,3.0,2.0,,,0,0,0,0.0,0.0,,,,,,0,0,0,0.0,0.0,,,,19,19,0,53.0,135.6,2.521,3.7,1.5,3,2.557,2,0,1
220090,3.14,55.0,100.0,0,0,,,3.37,3.15,13,13,0,35.0,114.0,3.231,4.0,2.0,2.93,,7,7,0,20.0,58.7,2.929,3.7,2.4,,,0,0,0,0.0,0.0,,,,,,0,0,0,0.0,0.0,,,,20,20,0,55.0,172.7,3.125,4.0,2.0,3,3.15,2,0,1
220105,2.09,50.0,70.0,1,0,,,1.84,2.2,11,11,0,32.0,64.3,2.009,3.0,1.0,2.24,,7,7,0,18.0,40.3,2.271,2.8,1.5,,,0,0,0,0.0,0.0,,,,,,0,0,0,0.0,0.0,,,,18,18,0,50.0,104.6,2.111,3.0,1.0,3,2.093,2,0,0
220110,3.01,56.0,70.0,0,0,,,2.99,3.06,14,13,1,38.0,115.2,2.979,3.7,0.0,2.96,,7,7,0,20.0,59.2,2.971,3.4,2.6,,,0,0,0,0.0,0.0,,,,,,0,0,0,0.0,0.0,,,,21,20,1,58.0,174.4,2.976,3.7,0.0,3,3.003,2,0,1
220112,2.98,53.0,70.0,0,0,,,2.74,3.23,13,13,0,35.0,104.8,3.0,4.0,2.2,2.97,,6,6,0,18.0,53.4,2.967,3.2,2.6,,,0,0,0,0.0,0.0,,,,,,0,0,0,0.0,0.0,,,,19,19,0,53.0,158.2,2.989,4.0,2.2,3,2.98,2,0,1
220123,2.86,53.0,70.0,0,0,,,2.87,2.88,13,13,0,35.0,100.7,2.892,4.0,2.0,2.83,,6,6,0,18.0,51.0,2.833,3.2,2.4,,,0,0,0,0.0,0.0,,,,,,0,0,0,0.0,0.0,,,,19,19,0,53.0,151.7,2.874,4.0,2.0,3,2.86,2,0,1
220133,2.31,48.0,30.0,0,0,,,2.91,2.11,13,12,1,35.0,87.5,2.431,3.7,0.0,1.91,,6,5,1,17.0,32.4,1.8,2.4,0.0,,,0,0,0,0.0,0.0,,,,,,0,0,0,0.0,0.0,,,,19,17,2,52.0,119.9,2.232,3.7,0.0,3,2.31,2,0,1
220142,2.62,53.0,110.0,0,0,,,2.78,2.74,13,13,0,35.0,96.5,2.738,3.7,1.5,2.37,,6,6,0,18.0,42.6,2.367,2.8,2.0,,,0,0,0,0.0,0.0,,,,,,0,0,0,0.0,0.0,,,,19,19,0,53.0,139.1,2.621,3.7,1.5,3,2.63,2,0,1
220162,2.27,58.0,110.0,0,0,,,2.51,2.16,13,13,0,35.0,81.4,2.331,3.7,1.0,2.16,,6,6,0,17.0,36.7,2.15,2.8,1.5,,,0,0,0,0.0,0.0,,,,,,0,0,0,0.0,0.0,,,,19,19,0,52.0,118.1,2.274,3.7,1.0,3,2.277,2,0,1
220177,3.15,58.0,110.0,0,0,,,3.18,3.24,14,14,0,38.0,122.2,3.2,4.0,2.4,3.03,,7,7,0,20.0,60.6,3.029,3.4,2.8,,,0,0,0,0.0,0.0,,,,,,0,0,0,0.0,0.0,,,,21,21,0,58.0,182.8,3.143,4.0,2.4,3,3.15,2,0,1
220178,2.11,50.0,110.0,2,0,,,1.54,2.42,11,9,2,32.0,62.4,1.891,3.7,0.0,1.95,,6,6,0,18.0,35.1,1.95,2.6,1.0,,,0,0,0,0.0,0.0,,,,,,0,0,0,0.0,0.0,,,,17,15,2,50.0,97.5,1.912,3.7,0.0,3,1.97,2,0,1
220179,1.99,50.0,110.0,3,0,,,1.29,2.28,11,9,2,32.0,56.1,1.7,3.4,0.0,1.8,,6,6,0,18.0,32.4,1.8,2.4,1.0,,,0,0,0,0.0,0.0,,,,,,0,0,0,0.0,0.0,,,,17,15,2,50.0,88.5,1.735,3.4,0.0,3,1.79,2,0,1
220182,1.95,52.0,40.0,3,0,,,,,0,0,0,0.0,0.0,,,,1.53,,6,6,0,17.0,26.0,1.5,2.0,1.0,,,0,0,0,0.0,0.0,,,,,,0,0,0,0.0,0.0,,,,6,6,0,17.0,26.0,1.5,2.0,1.0,1,1.53,1,0,1
220191,3.09,58.0,70.0,0,0,,,2.98,3.23,14,14,0,38.0,118.4,3.114,4.0,2.2,3.05,,7,7,0,20.0,60.9,3.043,3.7,2.4,,,0,0,0,0.0,0.0,,,,,,0,0,0,0.0,0.0,,,,21,21,0,58.0,179.3,3.09,4.0,2.2,3,3.087,2,0,1
220192,3.05,53.0,70.0,0,0,,,2.52,3.38,13,13,0,35.0,103.8,2.962,4.0,1.0,3.2,,6,6,0,18.0,57.6,3.2,3.7,2.2,,,0,0,0,0.0,0.0,,,,,,0,0,0,0.0,0.0,,,,19,19,0,53.0,161.4,3.037,4.0,1.0,3,3.033,2,0,1
220196,1.96,56.0,70.0,2,0,,,1.9,2.14,11,11,0,32.0,64.4,2.018,3.7,1.0,1.67,,6,6,0,18.0,30.0,1.667,2.0,1.0,,,0,0,0,0.0,0.0,,,,,,0,0,0,0.0,0.0,,,,17,17,0,50.0,94.4,1.894,3.7,1.0,3,1.903,2,0,1
220199,2.54,53.0,70.0,0,0,,,2.49,2.97,13,13,0,35.0,95.8,2.723,4.0,2.0,2.15,,6,6,0,18.0,38.7,2.15,2.6,1.5,,,0,0,0,0.0,0.0,,,,,,0,0,0,0.0,0.0,,,,19,19,0,53.0,134.5,2.542,4.0,1.5,3,2.537,2,0,1
220212,2.33,53.0,70.0,0,0,,,2.14,2.33,13,13,0,35.0,78.4,2.246,3.2,1.5,2.5,,6,6,0,18.0,45.0,2.5,2.8,2.2,,,0,0,0,0.0,0.0,,,,,,0,0,0,0.0,0.0,,,,19,19,0,53.0,123.4,2.326,3.2,1.5,3,2.323,2,0,1
220234,2.28,52.0,70.0,0,0,,,2.04,2.47,13,13,0,35.0,79.1,2.285,4.0,1.0,2.32,,6,6,0,17.0,39.4,2.333,2.8,2.0,,,0,0,0,0.0,0.0,,,,,,0,0,0,0.0,0.0,,,,19,19,0,52.0,118.5,2.3,4.0,1.0,3,2.277,2,0,1
220247,2.58,51.0,70.0,0,0,,,2.63,2.69,13,13,0,35.0,93.1,2.685,4.0,1.0,2.4,,6,6,0,16.0,38.4,2.35,3.0,1.5,,,0,0,0,0.0,0.0,,,,,,0,0,0,0.0,0.0,,,,19,19,0,51.0,131.5,2.579,4.0,1.0,3,2.573,2,0,1
220259,2.37,49.0,80.0,0,0,,,2.53,2.48,13,13,0,35.0,87.6,2.538,3.2,2.0,2.09,,6,5,1,17.0,35.6,2.1,3.0,0.0,,,0,0,0,0.0,0.0,,,,,,0,0,0,0.0,0.0,,,,19,18,1,52.0,123.2,2.4,3.2,0.0,3,2.367,2,0,1
220264,3.1,58.0,70.0,0,0,,,3.25,3.11,14,14,0,38.0,120.5,3.164,4.0,2.2,2.96,,7,7,0,20.0,59.2,2.971,3.4,2.4,,,0,0,0,0.0,0.0,,,,,,0,0,0,0.0,0.0,,,,21,21,0,58.0,179.7,3.1,4.0,2.2,3,3.107,2,0,1
220266,2.8,53.0,110.0,0,0,,,2.76,2.83,13,13,0,35.0,97.8,2.8,4.0,1.5,2.77,,6,6,0,18.0,49.8,2.767,3.2,2.2,,,0,0,0,0.0,0.0,,,,,,0,0,0,0.0,0.0,,,,19,19,0,53.0,147.6,2.789,4.0,1.5,3,2.787,2,0,1
220270,2.12,52.0,110.0,0,0,,,2.18,2.08,13,12,1,35.0,74.5,2.131,3.2,0.0,1.76,,6,5,1,17.0,29.9,1.817,2.8,0.0,,,0,0,0,0.0,0.0,,,,,,0,0,0,0.0,0.0,,,,19,17,2,52.0,104.4,2.032,3.2,0.0,3,2.007,2,0,1
220275,2.01,53.0,70.0,0,0,,,2.12,1.96,13,13,0,35.0,71.2,2.069,3.0,1.0,1.97,,6,6,0,18.0,35.4,1.967,3.0,1.0,,,0,0,0,0.0,0.0,,,,,,0,0,0,0.0,0.0,,,,19,19,0,53.0,106.6,2.037,3.0,1.0,3,2.017,2,0,1
220278,2.37,47.0,110.0,2,0,,,1.8,1.72,11,8,3,32.0,56.4,1.8,4.0,0.0,2.43,,6,6,0,18.0,43.8,2.433,3.0,2.2,,,0,0,0,0.0,0.0,,,,,,0,0,0,0.0,0.0,,,,17,14,3,50.0,100.2,2.024,4.0,0.0,3,1.983,2,0,1
220287,2.76,53.0,110.0,0,0,,,,,0,0,0,0.0,0.0,,,,2.47,,6,6,0,18.0,44.4,2.467,3.0,2.0,,,0,0,0,0.0,0.0,,,,,,0,0,0,0.0,0.0,,,,6,6,0,18.0,44.4,2.467,3.0,2.0,1,2.47,1,0,1
220290,2.77,53.0,110.0,0,0,,,2.64,3.14,13,13,0,35.0,101.4,2.908,4.0,1.5,2.53,,6,6,0,18.0,45.6,2.533,3.2,2.0,,,0,0,0,0.0,0.0,,,,,,0,0,0,0.0,0.0,,,,19,19,0,53.0,147.0,2.789,4.0,1.5,3,2.77,2,0,1
220294,1.95,50.0,70.0,1,0,,,2.23,2.16,13,13,0,35.0,76.7,2.185,3.4,1.0,1.48,,6,5,1,18.0,26.7,1.483,2.4,0.0,,,0,0,0,0.0,0.0,,,,,,0,0,0,0.0,0.0,,,,19,18,1,53.0,103.4,1.963,3.4,0.0,3,1.957,2,0,1
220302,2.29,53.0,110.0,0,0,,,2.2,2.43,13,13,0,35.0,81.1,2.308,3.4,1.0,2.23,,6,6,0,18.0,40.2,2.233,2.8,1.5,,,0,0,0,0.0,0.0,,,,,,0,0,0,0.0,0.0,,,,19,19,0,53.0,121.3,2.284,3.4,1.0,3,2.287,2,0,1
220307,3.25,58.0,70.0,0,0,,,3.28,3.34,14,14,0,38.0,126.0,3.286,4.0,2.6,3.13,,7,7,0,20.0,62.5,3.1,3.7,2.6,,,0,0,0,0.0,0.0,,,,,,0,0,0,0.0,0.0,,,,21,21,0,58.0,188.5,3.224,4.0,2.6,3,3.25,2,0,1
220310,2.1,53.0,110.0,1,0,,,1.97,2.49,13,13,0,35.0,78.3,2.238,3.7,1.0,1.83,,6,6,0,18.0,33.0,1.833,2.4,1.0,,,0,0,0,0.0,0.0,,,,,,0,0,0,0.0,0.0,,,,19,19,0,53.0,111.3,2.111,3.7,1.0,3,2.097,2,0,1
220314,2.62,52.0,110.0,0,0,,,2.34,2.97,13,13,0,35.0,93.1,2.638,4.0,1.0,2.54,,6,6,0,17.0,43.2,2.533,3.2,2.0,,,0,0,0,0.0,0.0,,,,,,0,0,0,0.0,0.0,,,,19,19,0,52.0,136.3,2.605,4.0,1.0,3,2.617,2,0,1
220316,2.17,41.0,30.0,2,0,,,,,0,0,0,0.0,0.0,,,,2.08,,5,5,0,15.0,31.2,2.08,2.2,2.0,,,0,0,0,0.0,0.0,,,,,,0,0,0,0.0,0.0,,,,5,5,0,15.0,31.2,2.08,2.2,2.0,1,2.08,1,0,0
220328,2.49,52.0,80.0,0,0,,,,,0,0,0,0.0,0.0,,,,2.37,,6,6,0,17.0,40.3,2.383,2.8,1.5,,,0,0,0,0.0,0.0,,,,,,0,0,0,0.0,0.0,,,,6,6,0,17.0,40.3,2.383,2.8,1.5,1,2.37,1,0,1
220331,1.64,44.0,110.0,3,0,,,1.34,1.44,11,9,2,32.0,44.4,1.345,2.6,0.0,1.44,,5,4,1,15.0,21.6,1.44,2.2,0.0,,,0,0,0,0.0,0.0,,,,,,0,0,0,0.0,0.0,,,,16,13,3,47.0,66.0,1.375,2.6,0.0,3,1.407,2,0,0
220335,2.16,52.0,110.0,0,0,,,2.25,1.91,13,13,0,35.0,72.7,2.054,3.4,1.0,2.34,,6,6,0,17.0,39.7,2.35,2.8,1.5,,,0,0,0,0.0,0.0,,,,,,0,0,0,0.0,0.0,,,,19,19,0,52.0,112.4,2.147,3.4,1.0,3,2.167,2,0,1
220336,2.32,53.0,110.0,0,0,,,2.1,2.51,13,13,0,35.0,80.9,2.308,3.2,1.0,2.33,,6,6,0,18.0,42.0,2.333,2.6,2.0,,,0,0,0,0.0,0.0,,,,,,0,0,0,0.0,0.0,,,,19,19,0,53.0,122.9,2.316,3.2,1.0,3,2.313,2,0,1
220341,2.06,50.0,70.0,0,0,,,2.24,1.94,13,12,1,35.0,73.0,2.085,3.7,0.0,1.75,,6,5,1,18.0,31.5,1.75,3.0,0.0,,,0,0,0,0.0,0.0,,,,,,0,0,0,0.0,0.0,,,,19,17,2,53.0,104.5,1.979,3.7,0.0,3,1.977,2,0,1
220355,2.77,52.0,70.0,0,0,,,,,0,0,0,0.0,0.0,,,,3.02,,6,6,0,17.0,51.4,3.0,3.4,2.6,,,0,0,0,0.0,0.0,,,,,,0,0,0,0.0,0.0,,,,6,6,0,17.0,51.4,3.0,3.4,2.6,1,3.02,1,0,1
220358,2.47,52.0,70.0,0,0,,,2.24,2.76,13,13,0,35.0,87.6,2.477,4.0,1.0,2.4,,6,6,0,17.0,40.8,2.4,2.8,2.0,,,0,0,0,0.0,0.0,,,,,,0,0,0,0.0,0.0,,,,19,19,0,52.0,128.4,2.453,4.0,1.0,3,2.467,2,0,1
220362,2.15,53.0,70.0,0,0,,,2.01,2.01,13,13,0,35.0,70.4,1.992,3.7,1.0,2.43,,6,6,0,18.0,43.8,2.433,2.8,2.2,,,0,0,0,0.0,0.0,,,,,,0,0,0,0.0,0.0,,,,19,19,0,53.0,114.2,2.132,3.7,1.0,3,2.15,2,0,1
220363,2.41,58.0,110.0,0,0,,,2.11,2.48,13,13,0,35.0,80.4,2.331,3.7,1.0,2.35,,6,6,0,17.0,40.0,2.333,2.6,2.0,,,0,0,0,0.0,0.0,,,,,,0,0,0,0.0,0.0,,,,19,19,0,52.0,120.4,2.332,3.7,1.0,3,2.313,2,0,1
220367,1.83,47.0,110.0,3,0,,,1.36,1.78,11,10,1,32.0,49.8,1.509,3.4,0.0,2.04,,5,5,0,15.0,30.6,2.04,2.6,1.0,,,0,0,0,0.0,0.0,,,,,,0,0,0,0.0,0.0,,,,16,15,1,47.0,80.4,1.675,3.4,0.0,3,1.727,2,0,0
220369,2.44,53.0,70.0,0,0,,,2.41,2.69,13,13,0,35.0,89.4,2.554,3.7,1.5,2.22,,6,6,0,18.0,39.9,2.217,2.6,1.5,,,0,0,0,0.0,0.0,,,,,,0,0,0,0.0,0.0,,,,19,19,0,53.0,129.3,2.447,3.7,1.5,3,2.44,2,0,1
220373,1.94,50.0,70.0,1,0,,,2.22,2.34,13,13,0,35.0,79.9,2.315,3.7,1.0,1.27,,6,5,1,18.0,22.8,1.267,2.4,0.0,,,0,0,0,0.0,0.0,,,,,,0,0,0,0.0,0.0,,,,19,18,1,53.0,102.7,1.984,3.7,0.0,3,1.943,2,0,1
220375,2.63,53.0,70.0,0,0,,,2.43,2.58,13,12,1,35.0,87.8,2.462,3.7,0.0,2.57,,6,6,0,18.0,46.2,2.567,3.0,2.2,,,0,0,0,0.0,0.0,,,,,,0,0,0,0.0,0.0,,,,19,18,1,53.0,134.0,2.495,3.7,0.0,3,2.527,2,0,1
220384,2.66,51.0,110.0,0,0,,,,,0,0,0,0.0,0.0,,,,2.86,,6,6,0,16.0,45.8,2.833,3.4,2.6,,,0,0,0,0.0,0.0,,,,,,0,0,0,0.0,0.0,,,,6,6,0,16.0,45.8,2.833,3.4,2.6,1,2.86,1,0,1
220387,2.11,47.0,110.0,0,0,,,2.58,2.52,13,13,0,35.0,89.2,2.5,4.0,1.5,1.27,,6,4,2,18.0,22.8,1.267,2.6,0.0,,,0,0,0,0.0,0.0,,,,,,0,0,0,0.0,0.0,,,,19,17,2,53.0,112.0,2.111,4.0,0.0,3,2.123,2,0,1
220390,2.17,53.0,70.0,0,0,,,2.08,2.27,13,13,0,35.0,76.3,2.208,3.7,1.0,2.15,,6,6,0,18.0,38.7,2.15,2.6,1.5,,,0,0,0,0.0,0.0,,,,,,0,0,0,0.0,0.0,,,,19,19,0,53.0,115.0,2.189,3.7,1.0,3,2.167,2,0,1
220396,2.33,53.0,110.0,0,0,,,2.19,2.53,13,13,0,35.0,82.9,2.331,4.0,1.0,2.25,,6,6,0,18.0,40.5,2.25,2.8,1.5,,,0,0,0,0.0,0.0,,,,,,0,0,0,0.0,0.0,,,,19,19,0,53.0,123.4,2.305,4.0,1.0,3,2.323,2,0,1
220401,2.09,53.0,80.0,0,0,,,2.22,2.34,13,13,0,35.0,79.8,2.277,3.4,1.0,1.73,,6,6,0,18.0,31.2,1.733,2.2,1.0,,,0,0,0,0.0,0.0,,,,,,0,0,0,0.0,0.0,,,,19,19,0,53.0,111.0,2.105,3.4,1.0,3,2.097,2,0,1
220402,2.33,53.0,70.0,0,0,,,2.21,2.65,13,13,0,35.0,85.2,2.462,3.7,1.0,2.13,,6,6,0,18.0,38.4,2.133,3.0,1.5,,,0,0,0,0.0,0.0,,,,,,0,0,0,0.0,0.0,,,,19,19,0,53.0,123.6,2.358,3.7,1.0,3,2.33,2,0,1
220404,2.62,52.0,110.0,0,0,,,2.62,2.95,13,13,0,35.0,97.6,2.808,3.7,1.0,2.28,,6,6,0,17.0,38.8,2.333,3.2,1.0,,,0,0,0,0.0,0.0,,,,,,0,0,0,0.0,0.0,,,,19,19,0,52.0,136.4,2.658,3.7,1.0,3,2.617,2,0,1
220411,2.22,53.0,100.0,0,0,,,2.12,2.0,13,12,1,35.0,72.0,2.046,3.2,0.0,2.3,,6,6,0,18.0,41.4,2.3,2.6,2.2,,,0,0,0,0.0,0.0,,,,,,0,0,0,0.0,0.0,,,,19,18,1,53.0,113.4,2.126,3.2,0.0,3,2.14,2,0,1
220423,2.69,53.0,40.0,0,0,,,,,0,0,0,0.0,0.0,,,,2.3,,6,6,0,18.0,41.4,2.3,3.0,1.5,,,0,0,0,0.0,0.0,,,,,,0,0,0,0.0,0.0,,,,6,6,0,18.0,41.4,2.3,3.0,1.5,1,2.3,1,0,1
220428,2.36,52.0,70.0,0,0,,,2.58,2.36,13,13,0,35.0,86.2,2.423,4.0,1.5,2.16,,6,6,0,17.0,36.7,2.183,2.6,1.5,,,0,0,0,0.0,0.0,,,,,,0,0,0,0.0,0.0,,,,19,19,0,52.0,122.9,2.347,4.0,1.5,3,2.367,2,0,1
220429,1.92,44.0,70.0,2,0,,,2.02,1.7,13,11,2,35.0,64.9,1.831,3.7,0.0,2.08,,5,5,0,14.0,29.1,2.1,2.4,1.5,,,0,0,0,0.0,0.0,,,,,,0,0,0,0.0,0.0,,,,18,16,2,49.0,94.0,1.906,3.7,0.0,3,1.933,2,0,0
220431,2.27,53.0,110.0,0,0,,,2.31,2.29,13,13,0,35.0,80.5,2.246,3.4,1.5,2.2,,6,6,0,18.0,39.6,2.2,2.8,1.0,,,0,0,0,0.0,0.0,,,,,,0,0,0,0.0,0.0,,,,19,19,0,53.0,120.1,2.232,3.4,1.0,3,2.267,2,0,1
220436,2.19,50.0,70.0,1,0,,,1.93,2.8,11,11,0,32.0,74.8,2.327,3.7,1.0,1.92,,6,6,0,18.0,34.5,1.917,2.6,1.0,,,0,0,0,0.0,0.0,,,,,,0,0,0,0.0,0.0,,,,17,17,0,50.0,109.3,2.182,3.7,1.0,3,2.217,2,0,1
220438,2.58,53.0,110.0,0,0,,,2.55,2.81,13,13,0,35.0,93.8,2.662,3.7,2.0,2.38,,6,6,0,18.0,42.9,2.383,2.8,1.5,,,0,0,0,0.0,0.0,,,,,,0,0,0,0.0,0.0,,,,19,19,0,53.0,136.7,2.574,3.7,1.5,3,2.58,2,0,1
220446,2.77,52.0,110.0,0,0,,,2.8,2.97,13,13,0,35.0,101.0,2.869,4.0,2.0,2.53,,6,6,0,17.0,43.0,2.5,3.0,2.0,,,0,0,0,0.0,0.0,,,,,,0,0,0,0.0,0.0,,,,19,19,0,52.0,144.0,2.753,4.0,2.0,3,2.767,2,0,1
220448,2.05,49.0,70.0,2,0,,,1.22,2.52,11,9,2,32.0,58.5,1.773,3.4,0.0,1.88,,6,6,0,17.0,32.0,1.933,2.8,1.0,,,0,0,0,0.0,0.0,,,,,,0,0,0,0.0,0.0,,,,17,15,2,49.0,90.5,1.829,3.4,0.0,3,1.873,2,0,1
220462,2.12,50.0,70.0,0,0,,,,,0,0,0,0.0,0.0,,,,1.43,,6,5,1,18.0,25.8,1.433,2.4,0.0,,,0,0,0,0.0,0.0,,,,,,0,0,0,0.0,0.0,,,,6,5,1,18.0,25.8,1.433,2.4,0.0,1,1.43,1,0,1
220467,3.08,55.0,70.0,0,0,,,3.07,3.15,13,13,0,35.0,108.9,3.108,4.0,2.6,2.98,,7,7,0,20.0,59.6,2.971,3.4,2.6,,,0,0,0,0.0,0.0,,,,,,0,0,0,0.0,0.0,,,,20,20,0,55.0,168.5,3.06,4.0,2.6,3,3.067,2,0,1
220469,2.04,47.0,110.0,2,0,,,1.91,1.54,11,9,2,32.0,55.5,1.682,3.2,0.0,2.36,,5,5,0,15.0,35.4,2.36,2.6,2.0,,,0,0,0,0.0,0.0,,,,,,0,0,0,0.0,0.0,,,,16,14,2,47.0,90.9,1.894,3.2,0.0,3,1.937,2,0,1
220470,2.52,52.0,80.0,0,0,,,2.41,2.8,13,13,0,35.0,91.3,2.592,4.0,1.5,2.32,,6,6,0,17.0,39.5,2.35,2.8,1.5,,,0,0,0,0.0,0.0,,,,,,0,0,0,0.0,0.0,,,,19,19,0,52.0,130.8,2.516,4.0,1.5,3,2.51,2,0,1
220478,1.78,49.0,110.0,3,0,,,1.81,1.5,11,10,1,32.0,53.2,1.673,4.0,0.0,1.58,,5,5,0,15.0,23.7,1.58,2.4,1.0,,,0,0,0,0.0,0.0,,,,,,0,0,0,0.0,0.0,,,,16,15,1,47.0,76.9,1.644,4.0,0.0,3,1.63,2,0,1
220481,1.87,43.0,80.0,3,0,,,1.65,2.2,11,10,1,32.0,61.1,1.882,4.0,0.0,1.48,,7,4,3,18.0,26.6,1.4,2.8,0.0,,,0,0,0,0.0,0.0,,,,,,0,0,0,0.0,0.0,,,,18,14,4,50.0,87.7,1.694,4.0,0.0,3,1.777,2,0,0
220492,2.32,52.0,70.0,0,0,,,2.33,2.56,13,13,0,35.0,85.6,2.462,3.7,1.0,2.06,,6,6,0,17.0,35.1,2.083,2.8,1.0,,,0,0,0,0.0,0.0,,,,,,0,0,0,0.0,0.0,,,,19,19,0,52.0,120.7,2.342,3.7,1.0,3,2.317,2,0,1
220493,2.58,53.0,110.0,0,0,,,2.52,2.84,13,13,0,35.0,94.1,2.7,3.7,1.5,2.37,,6,6,0,18.0,42.6,2.367,2.8,2.0,,,0,0,0,0.0,0.0,,,,,,0,0,0,0.0,0.0,,,,19,19,0,53.0,136.7,2.595,3.7,1.5,3,2.577,2,0,1
220495,2.36,49.0,70.0,0,0,,,2.04,2.25,13,12,1,35.0,75.2,2.215,3.7,0.0,2.38,,6,6,0,17.0,40.4,2.4,2.8,2.0,,,0,0,0,0.0,0.0,,,,,,0,0,0,0.0,0.0,,,,19,18,1,52.0,115.6,2.274,3.7,0.0,3,2.223,2,0,1
220496,2.07,49.0,70.0,0,0,,,2.12,2.62,13,13,0,35.0,83.2,2.362,4.0,1.5,1.42,,6,5,1,17.0,24.2,1.4,2.2,0.0,,,0,0,0,0.0,0.0,,,,,,0,0,0,0.0,0.0,,,,19,18,1,52.0,107.4,2.058,4.0,0.0,3,2.053,2,0,1
220498,3.26,58.0,110.0,0,0,,,3.19,3.5,14,14,0,38.0,127.6,3.35,4.0,2.8,3.09,,7,7,0,20.0,61.7,3.1,3.7,2.6,,,0,0,0,0.0,0.0,,,,,,0,0,0,0.0,0.0,,,,21,21,0,58.0,189.3,3.267,4.0,2.6,3,3.26,2,0,1
220499,2.09,53.0,70.0,0,0,,,2.51,1.73,13,12,1,35.0,73.7,2.046,3.4,0.0,1.95,,6,6,0,18.0,35.1,1.95,2.4,1.0,,,0,0,0,0.0,0.0,,,,,,0,0,0,0.0,0.0,,,,19,18,1,53.0,108.8,2.016,3.4,0.0,3,2.063,2,0,1
220509,2.05,53.0,70.0,1,0,,,1.99,2.55,13,13,0,35.0,79.8,2.254,3.7,1.0,1.62,,6,6,0,18.0,29.1,1.617,2.2,1.0,,,0,0,0,0.0,0.0,,,,,,0,0,0,0.0,0.0,,,,19,19,0,53.0,108.9,2.053,3.7,1.0,3,2.053,2,0,1
220524,2.09,49.0,70.0,2,0,,,1.61,2.3,11,10,1,32.0,61.8,1.873,3.7,0.0,2.48,,5,5,0,15.0,37.2,2.48,3.0,2.0,,,0,0,0,0.0,0.0,,,,,,0,0,0,0.0,0.0,,,,16,15,1,47.0,99.0,2.062,3.7,0.0,3,2.13,2,0,1
220527,1.81,47.0,110.0,2,0,,,1.84,2.2,11,11,0,32.0,64.2,1.991,3.2,1.0,1.45,,6,5,1,18.0,26.1,1.45,2.2,0.0,,,0,0,0,0.0,0.0,,,,,,0,0,0,0.0,0.0,,,,17,16,1,50.0,90.3,1.8,3.2,0.0,3,1.83,2,0,1
220529,2.26,53.0,70.0,0,0,,,2.56,2.46,13,13,0,35.0,87.7,2.477,4.0,1.5,1.78,,6,6,0,18.0,32.1,1.783,2.6,1.0,,,0,0,0,0.0,0.0,,,,,,0,0,0,0.0,0.0,,,,19,19,0,53.0,119.8,2.258,4.0,1.0,3,2.267,2,0,1
220532,2.04,50.0,110.0,2,0,,,1.46,2.26,11,9,2,32.0,58.8,1.782,3.7,0.0,2.0,,6,6,0,18.0,36.0,2.0,2.6,1.0,,,0,0,0,0.0,0.0,,,,,,0,0,0,0.0,0.0,,,,17,15,2,50.0,94.8,1.859,3.7,0.0,3,1.907,2,0,1
220537,2.92,53.0,70.0,0,0,,,2.89,2.94,13,13,0,35.0,102.1,2.923,4.0,2.0,2.83,,6,6,0,18.0,51.0,2.833,3.2,2.4,,,0,0,0,0.0,0.0,,,,,,0,0,0,0.0,0.0,,,,19,19,0,53.0,153.1,2.895,4.0,2.0,3,2.887,2,0,1
220538,2.35,44.0,70.0,1,0,,,1.69,2.64,11,9,2,32.0,68.4,2.118,3.4,0.0,1.93,,6,6,0,18.0,34.8,1.933,2.8,1.0,,,0,0,0,0.0,0.0,,,,,,0,0,0,0.0,0.0,,,,17,15,2,50.0,103.2,2.053,3.4,0.0,3,2.087,2,0,1
220540,2.0,55.0,70.0,1,0,,,2.05,2.12,13,12,1,35.0,73.0,2.062,3.7,0.0,1.66,,6,6,0,17.0,28.3,1.717,2.6,1.0,,,0,0,0,0.0,0.0,,,,,,0,0,0,0.0,0.0,,,,19,18,1,52.0,101.3,1.953,3.7,0.0,3,1.943,2,0,1
220554,2.31,50.0,110.0,0,0,,,2.4,2.64,13,13,0,35.0,88.3,2.562,4.0,1.0,1.9,,6,5,1,18.0,34.2,1.9,3.2,0.0,,,0,0,0,0.0,0.0,,,,,,0,0,0,0.0,0.0,,,,19,18,1,53.0,122.5,2.353,4.0,0.0,3,2.313,2,0,1
220571,2.79,52.0,110.0,0,0,,,2.98,2.67,13,13,0,35.0,98.7,2.808,4.0,2.0,2.73,,6,6,0,17.0,46.4,2.733,3.0,2.4,,,0,0,0,0.0,0.0,,,,,,0,0,0,0.0,0.0,,,,19,19,0,52.0,145.1,2.784,4.0,2.0,3,2.793,2,0,1
220574,2.33,53.0,110.0,0,0,,,2.52,2.47,13,13,0,35.0,87.3,2.492,3.7,1.0,2.02,,6,6,0,18.0,36.3,2.017,3.0,1.0,,,0,0,0,0.0,0.0,,,,,,0,0,0,0.0,0.0,,,,19,19,0,53.0,123.6,2.342,3.7,1.0,3,2.337,2,0,1
220582,2.15,53.0,80.0,0,0,,,2.52,2.12,13,13,0,35.0,81.0,2.292,4.0,1.5,1.83,,6,6,0,18.0,33.0,1.833,2.4,1.0,,,0,0,0,0.0,0.0,,,,,,0,0,0,0.0,0.0,,,,19,19,0,53.0,114.0,2.147,4.0,1.0,3,2.157,2,0,1
220585,2.41,53.0,110.0,0,0,,,2.34,2.3,13,12,1,35.0,81.2,2.308,3.7,0.0,2.28,,6,6,0,18.0,41.1,2.283,2.8,1.5,,,0,0,0,0.0,0.0,,,,,,0,0,0,0.0,0.0,,,,19,18,1,53.0,122.3,2.3,3.7,0.0,3,2.307,2,0,1
220593,2.4,53.0,110.0,0,0,,,2.28,2.91,13,13,0,35.0,91.1,2.615,4.0,1.5,2.0,,6,6,0,18.0,36.0,2.0,2.8,1.0,,,0,0,0,0.0,0.0,,,,,,0,0,0,0.0,0.0,,,,19,19,0,53.0,127.1,2.421,4.0,1.0,3,2.397,2,0,1
220606,2.51,53.0,70.0,0,0,,,2.4,2.86,13,13,0,35.0,92.3,2.662,3.7,1.0,2.27,,6,6,0,18.0,40.8,2.267,3.2,1.0,,,0,0,0,0.0,0.0,,,,,,0,0,0,0.0,0.0,,,,19,19,0,53.0,133.1,2.537,3.7,1.0,3,2.51,2,0,1
220608,2.46,52.0,70.0,0,0,,,2.5,2.43,13,12,1,35.0,86.3,2.438,4.0,0.0,2.15,,6,6,0,17.0,36.5,2.183,3.0,1.0,,,0,0,0,0.0,0.0,,,,,,0,0,0,0.0,0.0,,,,19,18,1,52.0,122.8,2.358,4.0,0.0,3,2.36,2,0,1
220611,1.89,47.0,110.0,3,0,,,1.64,1.78,11,10,1,32.0,54.5,1.718,3.2,0.0,1.88,,5,5,0,15.0,28.2,1.88,2.2,1.5,,,0,0,0,0.0,0.0,,,,,,0,0,0,0.0,0.0,,,,16,15,1,47.0,82.7,1.769,3.2,0.0,3,1.767,2,0,1
220613,1.63,44.0,110.0,1,0,,,2.15,2.17,13,13,0,35.0,75.7,2.162,3.0,1.0,0.58,,6,3,3,18.0,10.5,0.583,1.5,0.0,,,0,0,0,0.0,0.0,,,,,,0,0,0,0.0,0.0,,,,19,16,3,53.0,86.2,1.663,3.0,0.0,3,1.633,2,0,1
220618,2.9,53.0,110.0,0,0,,,2.65,3.11,13,13,0,35.0,101.0,2.915,4.0,1.0,2.93,,6,6,0,18.0,52.8,2.933,3.4,2.6,,,0,0,0,0.0,0.0,,,,,,0,0,0,0.0,0.0,,,,19,19,0,53.0,153.8,2.921,4.0,1.0,3,2.897,2,0,1
220626,2.51,53.0,110.0,0,0,,,2.42,2.56,13,13,0,35.0,87.2,2.469,3.7,1.5,2.53,,6,6,0,18.0,45.6,2.533,3.0,2.0,,,0,0,0,0.0,0.0,,,,,,0,0,0,0.0,0.0,,,,19,19,0,53.0,132.8,2.489,3.7,1.5,3,2.503,2,0,1
220628,1.93,42.0,100.0,2,0,,,2.12,1.7,13,10,3,35.0,66.6,1.923,4.0,0.0,1.98,,5,5,0,15.0,29.7,1.98,2.2,1.5,,,0,0,0,0.0,0.0,,,,,,0,0,0,0.0,0.0,,,,18,15,3,50.0,96.3,1.939,4.0,0.0,3,1.933,2,0,1
220631,2.2,50.0,70.0,0,0,,,2.11,2.83,13,13,0,35.0,86.7,2.462,4.0,1.0,1.67,,6,5,1,18.0,30.0,1.667,2.4,0.0,,,0,0,0,0.0,0.0,,,,,,0,0,0,0.0,0.0,,,,19,18,1,53.0,116.7,2.211,4.0,0.0,3,2.203,2,0,1
220632,1.74,47.0,70.0,2,0,,,1.84,2.4,11,11,0,32.0,67.2,2.109,3.7,1.0,1.2,,5,5,0,15.0,18.0,1.2,1.5,1.0,,,0,0,0,0.0,0.0,,,,,,0,0,0,0.0,0.0,,,,16,16,0,47.0,85.2,1.825,3.7,1.0,3,1.813,2,0,1
220634,2.78,53.0,70.0,0,0,,,3.0,2.81,13,13,0,35.0,101.6,2.854,4.0,1.5,2.53,,6,6,0,18.0,45.6,2.533,3.0,2.2,,,0,0,0,0.0,0.0,,,,,,0,0,0,0.0,0.0,,,,19,19,0,53.0,147.2,2.753,4.0,1.5,3,2.78,2,0,1
220635,2.1,41.0,70.0,2,0,,,1.89,1.52,11,9,2,32.0,54.9,1.709,3.4,0.0,2.49,,6,6,0,15.0,37.4,2.533,2.8,2.0,,,0,0,0,0.0,0.0,,,,,,0,0,0,0.0,0.0,,,,17,15,2,47.0,92.3,2.0,3.4,0.0,3,1.967,2,0,1
220637,2.48,53.0,30.0,0,0,,,2.76,2.81,13,13,0,35.0,97.5,2.777,4.0,2.0,1.9,,6,6,0,18.0,34.2,1.9,2.8,1.0,,,0,0,0,0.0,0.0,,,,,,0,0,0,0.0,0.0,,,,19,19,0,53.0,131.7,2.5,4.0,1.0,3,2.49,2,0,0
220638,2.43,53.0,70.0,0,0,,,2.44,2.48,13,13,0,35.0,86.1,2.469,3.7,1.0,2.35,,6,6,0,18.0,42.3,2.35,3.2,1.5,,,0,0,0,0.0,0.0,,,,,,0,0,0,0.0,0.0,,,,19,19,0,53.0,128.4,2.432,3.7,1.0,3,2.423,2,0,1
220640,2.04,53.0,110.0,1,0,,,1.97,2.42,13,13,0,35.0,77.1,2.238,3.2,1.0,1.72,,6,6,0,18.0,30.9,1.717,2.6,1.0,,,0,0,0,0.0,0.0,,,,,,0,0,0,0.0,0.0,,,,19,19,0,53.0,108.0,2.074,3.2,1.0,3,2.037,2,0,1
220642,2.22,53.0,110.0,0,0,,,2.44,2.32,13,13,0,35.0,83.3,2.392,3.4,1.0,1.9,,6,6,0,18.0,34.2,1.9,2.6,1.0,,,0,0,0,0.0,0.0,,,,,,0,0,0,0.0,0.0,,,,19,19,0,53.0,117.5,2.237,3.4,1.0,3,2.22,2,0,1
220650,2.44,53.0,70.0,0,0,,,2.6,2.74,13,13,0,35.0,93.6,2.7,3.7,1.5,1.98,,6,6,0,18.0,35.7,1.983,2.6,1.5,,,0,0,0,0.0,0.0,,,,,,0,0,0,0.0,0.0,,,,19,19,0,53.0,129.3,2.474,3.7,1.5,3,2.44,2,0,1
220656,3.07,58.0,110.0,0,0,,,3.25,3.23,14,14,0,38.0,123.0,3.207,4.0,2.4,2.76,,7,7,0,20.0,55.2,2.771,3.0,2.4,,,0,0,0,0.0,0.0,,,,,,0,0,0,0.0,0.0,,,,21,21,0,58.0,178.2,3.062,4.0,2.4,3,3.08,2,0,1
220657,2.98,57.0,110.0,0,0,,,3.02,3.1,14,14,0,38.0,116.4,3.064,3.7,2.2,2.81,,7,7,0,19.0,53.4,2.829,3.2,2.4,,,0,0,0,0.0,0.0,,,,,,0,0,0,0.0,0.0,,,,21,21,0,57.0,169.8,2.986,3.7,2.2,3,2.977,2,0,1
220659,2.96,52.0,110.0,0,0,,,2.82,3.13,13,13,0,35.0,104.4,3.0,4.0,1.5,2.91,,6,6,0,17.0,49.4,2.9,3.2,2.6,,,0,0,0,0.0,0.0,,,,,,0,0,0,0.0,0.0,,,,19,19,0,52.0,153.8,2.968,4.0,1.5,3,2.953,2,0,1
220661,2.27,52.0,110.0,0,0,,,2.39,1.83,13,12,1,35.0,73.6,2.115,3.4,0.0,2.42,,6,6,0,17.0,41.2,2.467,3.2,2.0,,,0,0,0,0.0,0.0,,,,,,0,0,0,0.0,0.0,,,,19,18,1,52.0,114.8,2.226,3.4,0.0,3,2.213,2,0,1
220662,2.3,50.0,70.0,0,0,,,,,0,0,0,0.0,0.0,,,,1.45,,6,5,1,17.0,24.6,1.367,2.2,0.0,,,0,0,0,0.0,0.0,,,,,,0,0,0,0.0,0.0,,,,6,5,1,17.0,24.6,1.367,2.2,0.0,1,1.45,1,0,1
220665,2.3,49.0,40.0,1,0,,,1.94,2.42,11,11,0,32.0,69.3,2.173,3.4,1.0,2.54,,6,6,0,17.0,43.2,2.533,3.0,2.0,,,0,0,0,0.0,0.0,,,,,,0,0,0,0.0,0.0,,,,17,17,0,49.0,112.5,2.3,3.4,1.0,3,2.3,2,0,1
220673,1.97,53.0,70.0,2,0,,,2.21,1.69,13,12,1,35.0,68.0,2.031,3.4,0.0,1.87,,6,6,0,18.0,33.6,1.867,2.6,1.0,,,0,0,0,0.0,0.0,,,,,,0,0,0,0.0,0.0,,,,19,18,1,53.0,101.6,1.979,3.4,0.0,3,1.923,2,0,1
220679,2.27,53.0,70.0,0,0,,,2.48,2.42,13,13,0,35.0,85.6,2.454,4.0,1.0,1.93,,6,6,0,18.0,34.8,1.933,3.0,1.5,,,0,0,0,0.0,0.0,,,,,,0,0,0,0.0,0.0,,,,19,19,0,53.0,120.4,2.289,4.0,1.0,3,2.277,2,0,1
220682,2.11,50.0,110.0,1,0,,,1.95,2.35,13,12,1,35.0,75.5,2.131,4.0,0.0,1.8,,6,5,1,18.0,32.4,1.8,2.6,0.0,,,0,0,0,0.0,0.0,,,,,,0,0,0,0.0,0.0,,,,19,17,2,53.0,107.9,2.026,4.0,0.0,3,2.033,2,0,1
220683,2.33,53.0,110.0,0,0,,,2.26,2.54,13,13,0,35.0,84.2,2.4,3.2,1.5,2.18,,6,6,0,18.0,39.3,2.183,2.8,1.5,,,0,0,0,0.0,0.0,,,,,,0,0,0,0.0,0.0,,,,19,19,0,53.0,123.5,2.332,3.2,1.5,3,2.327,2,0,1
220691,2.04,44.0,110.0,2,0,,,1.25,1.64,11,8,3,32.0,45.8,1.418,3.7,0.0,2.04,,5,5,0,15.0,30.6,2.04,2.4,1.0,,,0,0,0,0.0,0.0,,,,,,0,0,0,0.0,0.0,,,,16,13,3,47.0,76.4,1.613,3.7,0.0,3,1.643,2,0,1
220704,3.16,58.0,110.0,0,0,,,3.12,3.41,14,14,0,38.0,124.7,3.279,4.0,2.4,2.94,,7,7,0,20.0,58.8,2.943,3.4,2.4,,,0,0,0,0.0,0.0,,,,,,0,0,0,0.0,0.0,,,,21,21,0,58.0,183.5,3.167,4.0,2.4,3,3.157,2,0,1
220716,1.94,50.0,70.0,1,0,,,2.16,1.94,13,13,0,35.0,71.6,2.077,3.7,1.0,1.72,,6,5,1,18.0,30.9,1.717,2.4,0.0,,,0,0,0,0.0,0.0,,,,,,0,0,0,0.0,0.0,,,,19,18,1,53.0,102.5,1.963,3.7,0.0,3,1.94,2,0,1
220722,1.95,47.0,110.0,3,0,,,1.65,2.0,11,11,0,32.0,58.0,1.818,4.0,1.0,2.24,,5,5,0,15.0,33.6,2.24,2.4,2.2,,,0,0,0,0.0,0.0,,,,,,0,0,0,0.0,0.0,,,,16,16,0,47.0,91.6,1.95,4.0,1.0,3,1.963,2,0,0
220730,1.99,49.0,110.0,2,0,,,2.28,1.42,13,11,2,35.0,64.2,1.885,3.2,0.0,1.95,,6,6,0,17.0,33.2,1.9,2.6,1.0,,,0,0,0,0.0,0.0,,,,,,0,0,0,0.0,0.0,,,,19,17,2,52.0,97.4,1.889,3.2,0.0,3,1.883,2,0,1
220732,2.24,52.0,70.0,0,0,,,2.4,2.33,13,13,0,35.0,82.8,2.385,3.2,2.0,1.98,,6,6,0,17.0,33.6,2.0,2.4,1.5,,,0,0,0,0.0,0.0,,,,,,0,0,0,0.0,0.0,,,,19,19,0,52.0,116.4,2.263,3.2,1.5,3,2.237,2,0,1
220733,2.1,50.0,70.0,1,0,,,2.01,1.78,13,13,0,35.0,66.2,1.885,2.8,1.0,2.6,,5,5,0,15.0,39.0,2.6,3.0,2.0,,,0,0,0,0.0,0.0,,,,,,0,0,0,0.0,0.0,,,,18,18,0,50.0,105.2,2.083,3.0,1.0,3,2.13,2,0,1
220742,2.46,53.0,110.0,0,0,,,2.29,2.66,13,13,0,35.0,86.8,2.508,3.7,1.0,2.43,,6,6,0,18.0,43.8,2.433,2.8,2.0,,,0,0,0,0.0,0.0,,,,,,0,0,0,0.0,0.0,,,,19,19,0,53.0,130.6,2.484,3.7,1.0,3,2.46,2,0,1
220744,2.1,52.0,110.0,1,0,,,2.16,1.82,13,12,1,35.0,69.5,1.977,3.4,0.0,2.09,,6,6,0,17.0,35.5,2.117,3.0,1.0,,,0,0,0,0.0,0.0,,,,,,0,0,0,0.0,0.0,,,,19,18,1,52.0,105.0,2.021,3.4,0.0,3,2.023,2,0,1
220746,2.88,56.0,70.0,0,0,,,3.02,2.83,14,14,0,38.0,110.8,2.9,4.0,2.0,2.8,,6,6,0,18.0,50.4,2.8,3.2,2.0,,,0,0,0,0.0,0.0,,,,,,0,0,0,0.0,0.0,,,,20,20,0,56.0,161.2,2.87,4.0,2.0,3,2.883,2,0,1
220750,2.3,50.0,110.0,1,0,,,1.71,2.68,11,11,0,32.0,69.3,2.145,4.0,1.0,2.53,,6,6,0,18.0,45.6,2.533,3.2,1.0,,,0,0,0,0.0,0.0,,,,,,0,0,0,0.0,0.0,,,,17,17,0,50.0,114.9,2.282,4.0,1.0,3,2.307,2,0,1
220752,2.52,53.0,70.0,0,0,,,2.46,2.93,13,13,0,35.0,94.5,2.7,4.0,1.5,2.18,,6,6,0,18.0,39.3,2.183,2.8,1.0,,,0,0,0,0.0,0.0,,,,,,0,0,0,0.0,0.0,,,,19,19,0,53.0,133.8,2.537,4.0,1.0,3,2.523,2,0,1
220755,3.14,58.0,110.0,0,0,,,2.98,3.61,14,14,0,38.0,126.4,3.314,4.0,2.4,2.78,,7,7,0,20.0,55.6,2.771,3.4,2.2,,,0,0,0,0.0,0.0,,,,,,0,0,0,0.0,0.0,,,,21,21,0,58.0,182.0,3.133,4.0,2.2,3,3.123,2,0,1
220761,2.66,53.0,110.0,0,0,,,2.61,3.01,13,13,0,35.0,98.6,2.815,4.0,1.0,2.35,,6,6,0,18.0,42.3,2.35,3.0,1.5,,,0,0,0,0.0,0.0,,,,,,0,0,0,0.0,0.0,,,,19,19,0,53.0,140.9,2.668,4.0,1.0,3,2.657,2,0,1
220767,2.43,53.0,70.0,0,0,,,2.48,2.29,13,13,0,35.0,83.5,2.438,3.7,1.0,2.52,,6,6,0,18.0,45.3,2.517,3.2,1.5,,,0,0,0,0.0,0.0,,,,,,0,0,0,0.0,0.0,,,,19,19,0,53.0,128.8,2.463,3.7,1.0,3,2.43,2,0,1
220775,2.85,53.0,110.0,0,0,,,2.58,3.14,13,13,0,35.0,100.4,2.854,4.0,1.5,2.8,,6,6,0,18.0,50.4,2.8,3.2,2.4,,,0,0,0,0.0,0.0,,,,,,0,0,0,0.0,0.0,,,,19,19,0,53.0,150.8,2.837,4.0,1.5,3,2.84,2,0,1
220776,2.65,53.0,110.0,0,0,,,2.31,2.73,13,13,0,35.0,88.4,2.538,3.7,1.5,2.9,,6,6,0,18.0,52.2,2.9,3.2,2.8,,,0,0,0,0.0,0.0,,,,,,0,0,0,0.0,0.0,,,,19,19,0,53.0,140.6,2.653,3.7,1.5,3,2.647,2,0,1
220778,2.55,56.0,110.0,0,0,,,2.82,2.71,13,13,0,35.0,96.8,2.738,4.0,1.5,2.4,,6,6,0,18.0,43.2,2.4,2.6,2.0,,,0,0,0,0.0,0.0,,,,,,0,0,0,0.0,0.0,,,,19,19,0,53.0,140.0,2.632,4.0,1.5,3,2.643,2,0,1
220779,2.55,53.0,70.0,0,0,,,2.16,2.67,13,13,0,35.0,84.7,2.469,3.7,1.0,2.8,,6,6,0,18.0,50.4,2.8,3.4,2.0,,,0,0,0,0.0,0.0,,,,,,0,0,0,0.0,0.0,,,,19,19,0,53.0,135.1,2.574,3.7,1.0,3,2.543,2,0,1
220780,2.0,47.0,80.0,2,0,,,1.88,2.02,11,10,1,32.0,62.2,1.964,3.4,0.0,1.69,,6,5,1,17.0,28.8,1.6,2.4,0.0,,,0,0,0,0.0,0.0,,,,,,0,0,0,0.0,0.0,,,,17,15,2,49.0,91.0,1.835,3.4,0.0,3,1.863,2,0,1
220788,2.61,53.0,70.0,0,0,,,2.61,2.77,13,13,0,35.0,94.3,2.708,4.0,1.0,2.45,,6,6,0,18.0,44.1,2.45,3.2,1.5,,,0,0,0,0.0,0.0,,,,,,0,0,0,0.0,0.0,,,,19,19,0,53.0,138.4,2.626,4.0,1.0,3,2.61,2,0,1
220794,2.3,50.0,110.0,1,0,,,1.89,2.44,11,11,0,32.0,68.7,2.127,3.4,1.0,2.58,,7,7,0,18.0,46.4,2.571,3.0,2.0,,,0,0,0,0.0,0.0,,,,,,0,0,0,0.0,0.0,,,,18,18,0,50.0,115.1,2.3,3.4,1.0,3,2.303,2,0,1
220825,2.13,53.0,70.0,0,0,,,2.34,1.73,13,12,1,35.0,70.8,1.962,3.2,0.0,2.23,,6,6,0,18.0,40.2,2.233,2.8,1.0,,,0,0,0,0.0,0.0,,,,,,0,0,0,0.0,0.0,,,,19,18,1,53.0,111.0,2.047,3.2,0.0,3,2.1,2,0,1
220835,1.91,47.0,70.0,3,0,,,1.49,2.04,11,11,0,32.0,56.0,1.727,2.8,1.0,2.26,,6,6,0,15.0,33.9,2.317,2.8,1.5,,,0,0,0,0.0,0.0,,,,,,0,0,0,0.0,0.0,,,,17,17,0,47.0,89.9,1.935,2.8,1.0,3,1.93,2,0,0
220865,3.0,55.0,110.0,0,0,,,2.82,3.22,13,13,0,35.0,105.9,3.015,4.0,2.2,2.96,,7,7,0,20.0,59.1,2.957,3.7,2.2,,,0,0,0,0.0,0.0,,,,,,0,0,0,0.0,0.0,,,,20,20,0,55.0,165.0,2.995,4.0,2.2,3,3.0,2,0,1
220879,2.89,53.0,110.0,0,0,,,2.65,3.04,13,13,0,35.0,99.7,2.838,3.7,1.5,2.97,,6,6,0,18.0,53.4,2.967,3.4,2.2,,,0,0,0,0.0,0.0,,,,,,0,0,0,0.0,0.0,,,,19,19,0,53.0,153.1,2.879,3.7,1.5,3,2.887,2,0,1
220882,2.18,50.0,110.0,1,0,,,1.6,2.62,11,10,1,32.0,66.5,2.082,3.7,0.0,2.0,,6,6,0,18.0,36.0,2.0,2.6,1.5,,,0,0,0,0.0,0.0,,,,,,0,0,0,0.0,0.0,,,,17,16,1,50.0,102.5,2.053,3.7,0.0,3,2.073,2,0,1
220887,2.61,53.0,70.0,0,0,,,2.84,2.29,13,13,0,35.0,89.5,2.531,3.7,2.0,2.7,,6,6,0,18.0,48.6,2.7,3.0,2.4,,,0,0,0,0.0,0.0,,,,,,0,0,0,0.0,0.0,,,,19,19,0,53.0,138.1,2.584,3.7,2.0,3,2.61,2,0,1
220897,3.11,58.0,110.0,0,0,,,3.08,3.4,14,14,0,38.0,123.9,3.264,4.0,2.4,2.82,,7,7,0,20.0,56.4,2.829,3.4,2.4,,,0,0,0,0.0,0.0,,,,,,0,0,0,0.0,0.0,,,,21,21,0,58.0,180.3,3.119,4.0,2.4,3,3.1,2,0,1
220905,2.61,56.0,110.0,0,0,,,2.79,2.0,13,12,1,35.0,83.4,2.369,3.4,0.0,2.53,,6,6,0,18.0,45.6,2.533,2.8,2.2,,,0,0,0,0.0,0.0,,,,,,0,0,0,0.0,0.0,,,,19,18,1,53.0,129.0,2.421,3.4,0.0,3,2.44,2,0,1
220910,2.76,50.0,70.0,1,0,,,1.81,3.12,11,10,1,32.0,77.6,2.418,4.0,0.0,2.87,,7,7,0,18.0,51.6,2.929,3.7,2.4,,,0,0,0,0.0,0.0,,,,,,0,0,0,0.0,0.0,,,,18,17,1,50.0,129.2,2.617,4.0,0.0,3,2.6,2,0,1
220928,2.59,52.0,70.0,0,0,,,2.76,2.73,13,13,0,35.0,96.0,2.738,3.7,1.0,2.26,,6,6,0,17.0,38.5,2.283,3.0,1.5,,,0,0,0,0.0,0.0,,,,,,0,0,0,0.0,0.0,,,,19,19,0,52.0,134.5,2.595,3.7,1.0,3,2.583,2,0,1
220929,2.27,53.0,110.0,0,0,,,2.08,2.23,13,13,0,35.0,75.4,2.177,3.2,1.0,2.5,,6,6,0,18.0,45.0,2.5,2.6,2.2,,,0,0,0,0.0,0.0,,,,,,0,0,0,0.0,0.0,,,,19,19,0,53.0,120.4,2.279,3.2,1.0,3,2.27,2,0,1
220944,2.33,53.0,70.0,0,0,,,2.31,2.44,13,13,0,35.0,83.2,2.369,3.7,1.0,2.25,,6,6,0,18.0,40.5,2.25,2.8,1.5,,,0,0,0,0.0,0.0,,,,,,0,0,0,0.0,0.0,,,,19,19,0,53.0,123.7,2.332,3.7,1.0,3,2.333,2,0,1
220959,2.43,53.0,110.0,0,0,,,2.34,2.65,13,13,0,35.0,87.5,2.538,3.7,1.0,2.3,,6,6,0,18.0,41.4,2.3,2.8,2.0,,,0,0,0,0.0,0.0,,,,,,0,0,0,0.0,0.0,,,,19,19,0,53.0,128.9,2.463,3.7,1.0,3,2.43,2,0,1
220973,2.18,53.0,70.0,0,0,,,2.19,2.32,13,13,0,35.0,78.9,2.285,4.0,1.0,2.03,,6,6,0,18.0,36.6,2.033,2.6,1.5,,,0,0,0,0.0,0.0,,,,,,0,0,0,0.0,0.0,,,,19,19,0,53.0,115.5,2.205,4.0,1.0,3,2.18,2,0,1
220980,2.37,53.0,70.0,1,0,,,1.96,2.8,13,13,0,35.0,83.7,2.438,4.0,1.0,2.33,,6,6,0,18.0,42.0,2.333,2.6,2.0,,,0,0,0,0.0,0.0,,,,,,0,0,0,0.0,0.0,,,,19,19,0,53.0,125.7,2.405,4.0,1.0,3,2.363,2,0,1
220981,2.82,52.0,110.0,0,0,,,2.76,3.14,13,13,0,35.0,103.5,2.977,4.0,1.5,2.54,,6,6,0,17.0,43.2,2.533,2.8,2.2,,,0,0,0,0.0,0.0,,,,,,0,0,0,0.0,0.0,,,,19,19,0,52.0,146.7,2.837,4.0,1.5,3,2.813,2,0,1
220988,1.89,47.0,70.0,2,0,,,2.06,1.45,13,11,2,35.0,61.1,1.746,3.7,0.0,1.66,,5,4,1,15.0,24.9,1.66,2.4,0.0,,,0,0,0,0.0,0.0,,,,,,0,0,0,0.0,0.0,,,,18,15,3,50.0,86.0,1.722,3.7,0.0,3,1.723,2,0,1
220995,2.23,53.0,70.0,0,0,,,2.02,2.61,13,13,0,35.0,81.2,2.331,3.7,1.0,2.05,,6,6,0,18.0,36.9,2.05,2.8,1.5,,,0,0,0,0.0,0.0,,,,,,0,0,0,0.0,0.0,,,,19,19,0,53.0,118.1,2.242,3.7,1.0,3,2.227,2,0,1
221000,2.2,51.0,110.0,0,0,,,2.19,2.33,13,13,0,35.0,79.2,2.215,4.0,1.0,2.07,,6,6,0,16.0,33.1,2.05,2.8,1.0,,,0,0,0,0.0,0.0,,,,,,0,0,0,0.0,0.0,,,,19,19,0,51.0,112.3,2.163,4.0,1.0,3,2.197,2,0,1
221008,2.84,53.0,70.0,0,0,,,2.86,2.93,13,13,0,35.0,101.4,2.877,4.0,2.0,2.73,,6,6,0,18.0,49.2,2.733,3.0,2.6,,,0,0,0,0.0,0.0,,,,,,0,0,0,0.0,0.0,,,,19,19,0,53.0,150.6,2.832,4.0,2.0,3,2.84,2,0,1
221009,2.95,51.0,70.0,0,0,,,2.58,3.29,13,12,1,35.0,103.0,2.9,4.0,0.0,2.97,,6,6,0,18.0,53.4,2.967,3.4,2.6,,,0,0,0,0.0,0.0,,,,,,0,0,0,0.0,0.0,,,,19,18,1,53.0,156.4,2.921,4.0,0.0,3,2.947,2,0,1
221019,2.65,53.0,70.0,0,0,,,2.19,2.36,13,12,1,35.0,79.7,2.338,3.7,0.0,3.03,,6,6,0,18.0,54.6,3.033,3.4,2.4,,,0,0,0,0.0,0.0,,,,,,0,0,0,0.0,0.0,,,,19,18,1,53.0,134.3,2.558,3.7,0.0,3,2.527,2,0,1
221020,1.94,47.0,30.0,1,0,,,2.09,1.94,13,12,1,35.0,70.6,1.969,3.7,0.0,1.53,,6,4,2,18.0,27.6,1.533,2.6,0.0,,,0,0,0,0.0,0.0,,,,,,0,0,0,0.0,0.0,,,,19,16,3,53.0,98.2,1.832,3.7,0.0,3,1.853,2,0,1
221037,2.24,53.0,70.0,0,0,,,2.14,2.39,13,13,0,35.0,79.3,2.292,3.2,1.0,2.18,,6,6,0,18.0,39.3,2.183,2.6,1.5,,,0,0,0,0.0,0.0,,,,,,0,0,0,0.0,0.0,,,,19,19,0,53.0,118.6,2.258,3.2,1.0,3,2.237,2,0,1
221041,2.65,53.0,110.0,0,0,,,2.63,2.88,13,13,0,35.0,96.5,2.746,4.0,2.0,2.43,,6,6,0,18.0,43.8,2.433,3.2,2.0,,,0,0,0,0.0,0.0,,,,,,0,0,0,0.0,0.0,,,,19,19,0,53.0,140.3,2.647,4.0,2.0,3,2.647,2,0,1
221058,2.32,53.0,110.0,1,0,,,2.06,1.94,13,11,2,35.0,69.9,1.946,3.7,0.0,2.47,,6,6,0,18.0,44.4,2.467,3.4,2.2,,,0,0,0,0.0,0.0,,,,,,0,0,0,0.0,0.0,,,,19,17,2,53.0,114.3,2.111,3.7,0.0,3,2.157,2,0,1
221071,3.02,57.0,110.0,0,0,,,3.06,3.09,14,14,0,38.0,116.8,3.064,4.0,2.2,2.91,,7,7,0,19.0,55.2,2.929,3.7,2.4,,,0,0,0,0.0,0.0,,,,,,0,0,0,0.0,0.0,,,,21,21,0,57.0,172.0,3.019,4.0,2.2,3,3.02,2,0,1
221073,2.64,53.0,70.0,0,0,,,2.44,2.87,13,13,0,35.0,93.1,2.654,3.2,1.5,2.6,,6,6,0,18.0,46.8,2.6,3.0,2.4,,,0,0,0,0.0,0.0,,,,,,0,0,0,0.0,0.0,,,,19,19,0,53.0,139.9,2.637,3.2,1.5,3,2.637,2,0,1
221075,2.74,52.0,110.0,0,0,,,2.64,3.2,13,13,0,35.0,102.5,2.938,4.0,1.5,2.36,,6,6,0,17.0,40.2,2.367,2.6,2.0,,,0,0,0,0.0,0.0,,,,,,0,0,0,0.0,0.0,,,,19,19,0,52.0,142.7,2.758,4.0,1.5,3,2.733,2,0,1
221086,1.98,46.0,70.0,3,0,,,1.92,1.9,11,10,1,32.0,61.1,1.918,3.2,0.0,1.94,,6,5,1,17.0,33.0,2.0,3.0,0.0,,,0,0,0,0.0,0.0,,,,,,0,0,0,0.0,0.0,,,,17,15,2,49.0,94.1,1.947,3.2,0.0,3,1.92,2,0,1
221087,2.41,53.0,70.0,0,0,,,2.24,2.86,13,13,0,35.0,89.5,2.577,3.7,1.5,2.12,,6,6,0,18.0,38.1,2.117,2.8,1.0,,,0,0,0,0.0,0.0,,,,,,0,0,0,0.0,0.0,,,,19,19,0,53.0,127.6,2.432,3.7,1.0,3,2.407,2,0,1
221102,2.52,53.0,110.0,0,0,,,2.58,2.23,13,13,0,35.0,84.1,2.438,4.0,1.0,2.73,,6,6,0,18.0,49.2,2.733,3.4,2.2,,,0,0,0,0.0,0.0,,,,,,0,0,0,0.0,0.0,,,,19,19,0,53.0,133.3,2.532,4.0,1.0,3,2.513,2,0,1
221105,2.14,53.0,100.0,0,0,,,2.25,2.36,13,13,0,35.0,80.7,2.354,3.7,1.0,1.82,,6,6,0,18.0,32.7,1.817,2.8,1.0,,,0,0,0,0.0,0.0,,,,,,0,0,0,0.0,0.0,,,,19,19,0,53.0,113.4,2.184,3.7,1.0,3,2.143,2,0,1
221109,2.22,50.0,70.0,0,0,,,2.07,2.64,13,13,0,35.0,82.8,2.377,3.4,1.0,1.92,,6,5,1,17.0,32.7,1.817,2.6,0.0,,,0,0,0,0.0,0.0,,,,,,0,0,0,0.0,0.0,,,,19,18,1,52.0,115.5,2.2,3.4,0.0,3,2.21,2,0,1
221115,2.41,53.0,70.0,0,0,,,2.26,2.86,13,13,0,35.0,90.0,2.585,3.7,1.0,2.1,,6,6,0,18.0,37.8,2.1,2.6,1.0,,,0,0,0,0.0,0.0,,,,,,0,0,0,0.0,0.0,,,,19,19,0,53.0,127.8,2.432,3.7,1.0,3,2.407,2,0,1
221123,2.19,50.0,110.0,0,0,,,2.23,2.32,13,13,0,35.0,79.7,2.262,3.7,1.0,2.03,,6,5,1,18.0,36.6,2.033,3.0,0.0,,,0,0,0,0.0,0.0,,,,,,0,0,0,0.0,0.0,,,,19,18,1,53.0,116.3,2.189,3.7,0.0,3,2.193,2,0,1
221126,1.83,45.0,70.0,3,0,,,,,0,0,0,0.0,0.0,,,,1.34,,7,5,2,18.0,24.2,1.371,2.6,0.0,,,0,0,0,0.0,0.0,,,,,,0,0,0,0.0,0.0,,,,7,5,2,18.0,24.2,1.371,2.6,0.0,1,1.34,1,0,0
221127,2.58,53.0,110.0,0,0,,,2.43,2.81,13,13,0,35.0,91.9,2.623,3.4,1.5,2.5,,6,6,0,18.0,45.0,2.5,2.8,2.2,,,0,0,0,0.0,0.0,,,,,,0,0,0,0.0,0.0,,,,19,19,0,53.0,136.9,2.584,3.4,1.5,3,2.58,2,0,1
221129,2.44,52.0,70.0,0,0,,,2.64,2.48,13,13,0,35.0,89.4,2.569,3.7,1.5,2.21,,6,6,0,17.0,37.5,2.25,3.0,1.0,,,0,0,0,0.0,0.0,,,,,,0,0,0,0.0,0.0,,,,19,19,0,52.0,126.9,2.468,3.7,1.0,3,2.443,2,0,1
221130,2.17,50.0,70.0,0,0,,,2.01,2.56,13,12,1,35.0,80.3,2.238,3.7,0.0,1.72,,6,5,1,18.0,30.9,1.717,2.4,0.0,,,0,0,0,0.0,0.0,,,,,,0,0,0,0.0,0.0,,,,19,17,2,53.0,111.2,2.074,3.7,0.0,3,2.097,2,0,1
221137,3.24,58.0,110.0,0,0,,,3.22,3.37,14,14,0,38.0,125.5,3.293,4.0,2.2,3.12,,7,7,0,20.0,62.3,3.1,3.7,2.6,,,0,0,0,0.0,0.0,,,,,,0,0,0,0.0,0.0,,,,21,21,0,58.0,187.8,3.229,4.0,2.2,3,3.237,2,0,1
221138,2.26,53.0,70.0,0,0,,,,,0,0,0,0.0,0.0,,,,2.23,,6,6,0,18.0,40.2,2.233,3.0,1.5,,,0,0,0,0.0,0.0,,,,,,0,0,0,0.0,0.0,,,,6,6,0,18.0,40.2,2.233,3.0,1.5,1,2.23,1,0,1
221145,2.0,48.0,70.0,2,0,,,2.2,1.77,13,12,1,35.0,69.3,1.977,3.0,0.0,2.04,,5,5,0,15.0,30.6,2.04,2.4,1.0,,,0,0,0,0.0,0.0,,,,,,0,0,0,0.0,0.0,,,,18,17,1,50.0,99.9,1.994,3.0,0.0,3,2.003,2,0,1
221155,2.2,53.0,110.0,0,0,,,2.33,2.14,13,13,0,35.0,78.2,2.262,3.4,1.0,2.13,,6,6,0,18.0,38.4,2.133,2.8,1.0,,,0,0,0,0.0,0.0,,,,,,0,0,0,0.0,0.0,,,,19,19,0,53.0,116.6,2.221,3.4,1.0,3,2.2,2,0,1
221159,2.45,53.0,30.0,0,0,,,2.69,2.61,13,13,0,35.0,92.6,2.623,3.7,1.5,2.07,,6,6,0,18.0,37.2,2.067,2.4,1.0,,,0,0,0,0.0,0.0,,,,,,0,0,0,0.0,0.0,,,,19,19,0,53.0,129.8,2.447,3.7,1.0,3,2.457,2,0,1
221162,2.98,52.0,70.0,0,0,,,2.88,3.01,13,13,0,35.0,103.1,2.938,3.7,2.2,3.05,,6,6,0,17.0,51.8,3.033,3.4,2.6,,,0,0,0,0.0,0.0,,,,,,0,0,0,0.0,0.0,,,,19,19,0,52.0,154.9,2.968,3.7,2.2,3,2.98,2,0,1
221167,1.98,46.0,70.0,3,0,,,1.72,2.04,11,11,0,32.0,59.9,1.845,3.2,1.0,2.22,,5,5,0,14.0,31.1,2.3,3.4,1.5,,,0,0,0,0.0,0.0,,,,,,0,0,0,0.0,0.0,,,,16,16,0,46.0,91.0,1.988,3.4,1.0,3,1.993,2,0,0
221176,2.76,53.0,110.0,0,0,,,2.69,2.83,13,13,0,35.0,96.7,2.746,4.0,2.0,2.77,,6,6,0,18.0,49.8,2.767,3.2,2.0,,,0,0,0,0.0,0.0,,,,,,0,0,0,0.0,0.0,,,,19,19,0,53.0,146.5,2.753,4.0,2.0,3,2.763,2,0,1
221180,1.74,46.0,110.0,2,0,,,2.15,1.39,13,12,1,35.0,61.5,1.792,4.0,0.0,1.56,,5,4,1,15.0,23.4,1.56,2.4,0.0,,,0,0,0,0.0,0.0,,,,,,0,0,0,0.0,0.0,,,,18,16,2,50.0,84.9,1.728,4.0,0.0,3,1.7,2,0,1
221186,2.6,53.0,70.0,0,0,,,2.69,2.63,13,12,1,35.0,93.0,2.615,3.7,0.0,2.23,,6,6,0,18.0,40.2,2.233,2.8,1.5,,,0,0,0,0.0,0.0,,,,,,0,0,0,0.0,0.0,,,,19,18,1,53.0,133.2,2.495,3.7,0.0,3,2.517,2,0,1
221188,1.97,47.0,110.0,3,0,,,1.64,1.78,11,9,2,32.0,54.6,1.727,3.2,0.0,1.92,,5,5,0,15.0,28.8,1.92,2.4,1.0,,,0,0,0,0.0,0.0,,,,,,0,0,0,0.0,0.0,,,,16,14,2,47.0,83.4,1.788,3.2,0.0,3,1.78,2,0,0
221195,2.44,53.0,100.0,0,0,,,2.58,2.41,13,13,0,35.0,87.3,2.485,3.7,1.0,2.33,,6,6,0,18.0,42.0,2.333,2.8,1.0,,,0,0,0,0.0,0.0,,,,,,0,0,0,0.0,0.0,,,,19,19,0,53.0,129.3,2.437,3.7,1.0,3,2.44,2,0,1
221197,2.56,53.0,70.0,0,0,,,2.45,2.56,13,13,0,35.0,87.6,2.531,3.7,1.0,2.67,,6,6,0,18.0,48.0,2.667,2.8,2.6,,,0,0,0,0.0,0.0,,,,,,0,0,0,0.0,0.0,,,,19,19,0,53.0,135.6,2.574,3.7,1.0,3,2.56,2,0,1
221201,2.8,52.0,70.0,0,0,,,2.75,2.84,13,13,0,35.0,97.9,2.777,3.7,2.0,2.82,,6,6,0,17.0,47.9,2.717,3.7,1.0,,,0,0,0,0.0,0.0,,,,,,0,0,0,0.0,0.0,,,,19,19,0,52.0,145.8,2.758,3.7,1.0,3,2.803,2,0,1
221202,2.23,53.0,70.0,0,0,,,2.44,2.04,13,13,0,35.0,78.2,2.215,3.7,1.5,2.22,,6,6,0,18.0,39.9,2.217,2.6,1.5,,,0,0,0,0.0,0.0,,,,,,0,0,0,0.0,0.0,,,,19,19,0,53.0,118.1,2.216,3.7,1.5,3,2.233,2,0,1
221206,2.52,53.0,110.0,0,0,,,2.37,2.26,13,12,1,35.0,81.0,2.323,3.7,0.0,2.43,,6,6,0,18.0,43.8,2.433,3.0,2.0,,,0,0,0,0.0,0.0,,,,,,0,0,0,0.0,0.0,,,,19,18,1,53.0,124.8,2.358,3.7,0.0,3,2.353,2,0,1
221209,2.21,44.0,70.0,2,0,,,1.81,2.16,11,10,1,32.0,63.1,1.973,3.7,0.0,2.24,,5,5,0,15.0,33.6,2.24,2.4,2.0,,,0,0,0,0.0,0.0,,,,,,0,0,0,0.0,0.0,,,,16,15,1,47.0,96.7,2.056,3.7,0.0,3,2.07,2,0,1
221210,1.81,49.0,70.0,3,0,,,1.85,1.16,11,10,1,32.0,48.9,1.527,3.2,0.0,1.94,,5,5,0,15.0,29.1,1.94,2.6,1.0,,,0,0,0,0.0,0.0,,,,,,0,0,0,0.0,0.0,,,,16,15,1,47.0,78.0,1.656,3.2,0.0,3,1.65,2,0,0
221213,2.6,53.0,70.0,1,0,,,1.65,2.94,11,10,1,32.0,72.2,2.218,3.7,0.0,2.58,,7,7,0,18.0,46.4,2.629,3.4,2.0,,,0,0,0,0.0,0.0,,,,,,0,0,0,0.0,0.0,,,,18,17,1,50.0,118.6,2.378,3.7,0.0,3,2.39,2,0,1
221214,2.17,53.0,70.0,0,0,,,2.08,2.39,13,13,0,35.0,78.5,2.246,4.0,1.0,2.02,,6,6,0,18.0,36.3,2.017,2.6,1.0,,,0,0,0,0.0,0.0,,,,,,0,0,0,0.0,0.0,,,,19,19,0,53.0,114.8,2.174,4.0,1.0,3,2.163,2,0,1
221221,2.3,53.0,70.0,0,0,,,,,0,0,0,0.0,0.0,,,,2.15,,6,6,0,18.0,38.7,2.15,3.0,1.5,,,0,0,0,0.0,0.0,,,,,,0,0,0,0.0,0.0,,,,6,6,0,18.0,38.7,2.15,3.0,1.5,1,2.15,1,0,1
221223,2.88,56.0,70.0,0,0,,,2.86,3.16,13,13,0,35.0,105.5,2.992,4.0,1.5,2.66,,7,7,0,21.0,55.8,2.657,3.0,2.2,,,0,0,0,0.0,0.0,,,,,,0,0,0,0.0,0.0,,,,20,20,0,56.0,161.3,2.875,4.0,1.5,3,2.893,2,0,1
221225,2.44,53.0,70.0,0,0,,,2.04,2.79,13,13,0,35.0,84.8,2.462,3.4,1.0,2.47,,6,6,0,18.0,44.4,2.467,3.2,2.0,,,0,0,0,0.0,0.0,,,,,,0,0,0,0.0,0.0,,,,19,19,0,53.0,129.2,2.463,3.4,1.0,3,2.433,2,0,1
221227,1.98,47.0,70.0,1,0,,,,,0,0,0,0.0,0.0,,,,1.5,,6,5,1,18.0,27.0,1.5,2.0,0.0,,,0,0,0,0.0,0.0,,,,,,0,0,0,0.0,0.0,,,,6,5,1,18.0,27.0,1.5,2.0,0.0,1,1.5,1,0,1
221228,2.43,49.0,70.0,0,0,,,2.4,2.44,13,12,1,35.0,84.7,2.354,3.7,0.0,2.44,,6,6,0,16.0,39.0,2.433,2.6,2.2,,,0,0,0,0.0,0.0,,,,,,0,0,0,0.0,0.0,,,,19,18,1,51.0,123.7,2.379,3.7,0.0,3,2.427,2,0,1
221238,1.78,50.0,110.0,1,0,,,2.12,2.07,13,13,0,35.0,73.4,2.123,3.7,1.0,1.17,,6,5,1,18.0,21.0,1.167,2.0,0.0,,,0,0,0,0.0,0.0,,,,,,0,0,0,0.0,0.0,,,,19,18,1,53.0,94.4,1.821,3.7,0.0,3,1.787,2,0,1
221239,2.1,39.0,30.0,2,0,,,0.62,2.37,11,7,4,29.0,38.9,1.464,4.0,0.0,2.52,,5,5,0,15.0,37.8,2.52,2.6,2.4,,,0,0,0,0.0,0.0,,,,,,0,0,0,0.0,0.0,,,,16,12,4,44.0,76.7,1.794,4.0,0.0,3,1.837,2,0,0
221254,2.01,50.0,110.0,2,0,,,1.62,2.14,11,10,1,32.0,59.6,1.873,3.7,0.0,2.03,,6,6,0,18.0,36.6,2.033,2.4,1.0,,,0,0,0,0.0,0.0,,,,,,0,0,0,0.0,0.0,,,,17,16,1,50.0,96.2,1.929,3.7,0.0,3,1.93,2,0,1
221256,3.17,57.0,110.0,0,0,,,3.05,2.72,14,13,1,38.0,108.9,2.886,4.0,0.0,3.28,,6,6,0,17.0,55.8,3.267,3.7,3.0,,,0,0,0,0.0,0.0,,,,,,0,0,0,0.0,0.0,,,,20,19,1,55.0,164.7,3.0,4.0,0.0,3,3.017,2,0,1
221288,2.32,53.0,70.0,0,0,,,2.05,2.51,13,13,0,35.0,80.0,2.3,4.0,1.5,2.33,,6,6,0,18.0,42.0,2.333,2.6,2.2,,,0,0,0,0.0,0.0,,,,,,0,0,0,0.0,0.0,,,,19,19,0,53.0,122.0,2.311,4.0,1.5,3,2.297,2,0,1
221290,2.56,53.0,70.0,0,0,,,2.42,2.74,13,13,0,35.0,90.5,2.569,3.7,1.0,2.5,,6,6,0,18.0,45.0,2.5,2.8,2.0,,,0,0,0,0.0,0.0,,,,,,0,0,0,0.0,0.0,,,,19,19,0,53.0,135.5,2.547,3.7,1.0,3,2.553,2,0,1
221292,2.76,52.0,70.0,0,0,,,2.34,3.14,13,13,0,35.0,96.3,2.762,4.0,1.5,2.76,,6,6,0,17.0,47.0,2.8,3.4,1.0,,,0,0,0,0.0,0.0,,,,,,0,0,0,0.0,0.0,,,,19,19,0,52.0,143.3,2.774,4.0,1.0,3,2.747,2,0,1
221294,2.93,53.0,70.0,0,0,,,2.71,3.1,13,13,0,35.0,101.8,2.908,4.0,2.0,2.97,,6,6,0,18.0,53.4,2.967,3.2,2.8,,,0,0,0,0.0,0.0,,,,,,0,0,0,0.0,0.0,,,,19,19,0,53.0,155.2,2.926,4.0,2.0,3,2.927,2,0,1
221301,2.76,53.0,70.0,0,0,,,2.78,2.81,13,13,0,35.0,97.8,2.762,4.0,1.0,2.7,,6,6,0,18.0,48.6,2.7,3.2,2.2,,,0,0,0,0.0,0.0,,,,,,0,0,0,0.0,0.0,,,,19,19,0,53.0,146.4,2.742,4.0,1.0,3,2.763,2,0,1
221305,2.28,53.0,70.0,1,0,,,1.99,2.31,13,13,0,35.0,75.3,2.146,3.4,1.0,2.53,,6,6,0,18.0,45.6,2.533,3.0,2.0,,,0,0,0,0.0,0.0,,,,,,0,0,0,0.0,0.0,,,,19,19,0,53.0,120.9,2.268,3.4,1.0,3,2.277,2,0,1
221312,2.9,52.0,110.0,0,0,,,2.89,3.0,13,13,0,35.0,103.2,2.962,3.7,2.0,2.81,,6,6,0,17.0,47.8,2.833,3.2,2.4,,,0,0,0,0.0,0.0,,,,,,0,0,0,0.0,0.0,,,,19,19,0,52.0,151.0,2.921,3.7,2.0,3,2.9,2,0,1
221325,2.28,50.0,70.0,0,0,,,2.51,2.86,13,13,0,35.0,94.2,2.677,4.0,1.5,1.48,,6,5,1,18.0,26.7,1.483,2.2,0.0,,,0,0,0,0.0,0.0,,,,,,0,0,0,0.0,0.0,,,,19,18,1,53.0,120.9,2.3,4.0,0.0,3,2.283,2,0,1
221328,2.37,53.0,70.0,0,0,,,2.28,2.58,13,13,0,35.0,85.3,2.454,3.7,1.0,2.25,,6,6,0,18.0,40.5,2.25,2.8,1.5,,,0,0,0,0.0,0.0,,,,,,0,0,0,0.0,0.0,,,,19,19,0,53.0,125.8,2.389,3.7,1.0,3,2.37,2,0,1
221334,2.18,50.0,70.0,1,0,,,1.9,2.24,11,11,0,32.0,65.9,2.027,2.8,1.0,2.4,,7,7,0,18.0,43.2,2.429,3.0,2.0,,,0,0,0,0.0,0.0,,,,,,0,0,0,0.0,0.0,,,,18,18,0,50.0,109.1,2.183,3.0,1.0,3,2.18,2,0,1
221335,2.82,53.0,70.0,0,0,,,2.75,2.94,13,13,0,35.0,99.6,2.831,4.0,2.0,2.77,,6,6,0,18.0,49.8,2.767,3.0,2.6,,,0,0,0,0.0,0.0,,,,,,0,0,0,0.0,0.0,,,,19,19,0,53.0,149.4,2.811,4.0,2.0,3,2.82,2,0,1
221338,2.36,51.0,70.0,0,0,,,2.21,2.94,13,12,1,35.0,90.5,2.554,3.7,0.0,1.93,,6,6,0,18.0,34.8,1.933,2.4,1.5,,,0,0,0,0.0,0.0,,,,,,0,0,0,0.0,0.0,,,,19,18,1,53.0,125.3,2.358,3.7,0.0,3,2.36,2,0,1
221344,2.1,51.0,40.0,0,0,,,2.41,2.23,13,12,1,35.0,81.1,2.285,3.4,0.0,1.67,,6,6,0,18.0,30.0,1.667,2.0,1.0,,,0,0,0,0.0,0.0,,,,,,0,0,0,0.0,0.0,,,,19,18,1,53.0,111.1,2.089,3.4,0.0,3,2.103,2,0,1
221349,2.52,52.0,70.0,0,0,,,2.15,2.73,13,13,0,35.0,85.8,2.454,3.4,1.0,2.65,,6,6,0,17.0,45.1,2.683,3.2,1.5,,,0,0,0,0.0,0.0,,,,,,0,0,0,0.0,0.0,,,,19,19,0,52.0,130.9,2.526,3.4,1.0,3,2.51,2,0,1
221358,2.88,53.0,70.0,0,0,,,2.6,2.87,13,13,0,35.0,95.8,2.738,4.0,2.2,3.15,,6,6,0,18.0,56.7,3.15,3.7,2.6,,,0,0,0,0.0,0.0,,,,,,0,0,0,0.0,0.0,,,,19,19,0,53.0,152.5,2.868,4.0,2.2,3,2.873,2,0,1
221367,2.2,49.0,110.0,1,0,,,1.76,2.42,11,11,0,32.0,66.2,2.073,3.4,1.0,2.44,,6,6,0,17.0,41.4,2.433,2.8,2.0,,,0,0,0,0.0,0.0,,,,,,0,0,0,0.0,0.0,,,,17,17,0,49.0,107.6,2.2,3.4,1.0,3,2.207,2,0,1
221370,2.06,50.0,70.0,0,0,,,2.31,2.48,13,13,0,35.0,83.9,2.415,3.4,1.0,1.42,,6,5,1,18.0,25.5,1.417,2.0,0.0,,,0,0,0,0.0,0.0,,,,,,0,0,0,0.0,0.0,,,,19,18,1,53.0,109.4,2.1,3.4,0.0,3,2.07,2,0,1
221373,2.93,53.0,110.0,0,0,,,2.55,3.07,13,13,0,35.0,98.6,2.862,4.0,1.0,3.15,,6,6,0,18.0,56.7,3.15,3.7,2.4,,,0,0,0,0.0,0.0,,,,,,0,0,0,0.0,0.0,,,,19,19,0,53.0,155.3,2.953,4.0,1.0,3,2.923,2,0,1
221374,2.89,53.0,110.0,0,0,,,2.76,3.02,13,13,0,35.0,101.2,2.877,3.7,2.2,2.9,,6,6,0,18.0,52.2,2.9,3.4,2.2,,,0,0,0,0.0,0.0,,,,,,0,0,0,0.0,0.0,,,,19,19,0,53.0,153.4,2.884,3.7,2.2,3,2.893,2,0,1
221403,2.46,53.0,30.0,0,0,,,2.48,2.69,13,13,0,35.0,90.6,2.585,3.2,2.0,2.22,,6,6,0,18.0,39.9,2.217,2.8,1.5,,,0,0,0,0.0,0.0,,,,,,0,0,0,0.0,0.0,,,,19,19,0,53.0,130.5,2.468,3.2,1.5,3,2.463,2,0,1
221415,2.68,53.0,110.0,0,0,,,2.68,2.69,13,13,0,35.0,94.0,2.685,4.0,1.5,2.67,,6,6,0,18.0,48.0,2.667,2.8,2.4,,,0,0,0,0.0,0.0,,,,,,0,0,0,0.0,0.0,,,,19,19,0,53.0,142.0,2.679,4.0,1.5,3,2.68,2,0,1
221416,2.76,52.0,140.0,0,0,,,2.78,2.76,13,13,0,35.0,97.0,2.723,4.0,1.0,2.74,,6,6,0,17.0,46.6,2.767,3.2,2.4,,,0,0,0,0.0,0.0,,,,,,0,0,0,0.0,0.0,,,,19,19,0,52.0,143.6,2.737,4.0,1.0,3,2.76,2,0,1
221433,1.98,40.0,70.0,3,0,,,1.27,1.4,11,7,4,32.0,42.6,1.291,3.0,0.0,2.32,,6,5,1,15.0,34.8,2.267,3.2,0.0,,,0,0,0,0.0,0.0,,,,,,0,0,0,0.0,0.0,,,,17,12,5,47.0,77.4,1.635,3.2,0.0,3,1.663,2,0,0
221438,2.0,53.0,100.0,1,0,,,2.15,2.4,13,13,0,35.0,79.7,2.246,3.2,1.0,1.45,,6,6,0,18.0,26.1,1.45,2.2,1.0,,,0,0,0,0.0,0.0,,,,,,0,0,0,0.0,0.0,,,,19,19,0,53.0,105.8,1.995,3.2,1.0,3,2.0,2,0,1
221443,2.99,60.0,110.0,0,0,,,3.02,3.04,14,14,0,38.0,115.2,3.021,4.0,2.0,2.62,,5,5,0,13.0,34.0,2.6,3.0,2.0,,,0,0,0,0.0,0.0,,,,,,0,0,0,0.0,0.0,,,,19,19,0,51.0,149.2,2.911,4.0,2.0,3,2.893,2,0,1
221458,2.85,53.0,110.0,0,0,,,2.68,2.98,13,13,0,35.0,99.1,2.823,4.0,1.5,2.9,,6,6,0,18.0,52.2,2.9,3.4,2.4,,,0,0,0,0.0,0.0,,,,,,0,0,0,0.0,0.0,,,,19,19,0,53.0,151.3,2.847,4.0,1.5,3,2.853,2,0,1
221461,2.39,53.0,110.0,0,0,,,2.34,2.52,13,13,0,35.0,85.1,2.446,3.7,1.0,2.32,,6,6,0,18.0,41.7,2.317,3.2,1.5,,,0,0,0,0.0,0.0,,,,,,0,0,0,0.0,0.0,,,,19,19,0,53.0,126.8,2.405,3.7,1.0,3,2.393,2,0,1
221462,2.75,52.0,140.0,0,0,,,2.71,2.94,13,13,0,35.0,98.9,2.808,4.0,2.0,2.59,,6,6,0,17.0,44.0,2.6,3.2,2.2,,,0,0,0,0.0,0.0,,,,,,0,0,0,0.0,0.0,,,,19,19,0,52.0,142.9,2.742,4.0,2.0,3,2.747,2,0,1
221463,2.11,47.0,70.0,2,0,,,1.31,2.48,11,8,3,32.0,59.4,1.8,4.0,0.0,1.93,,6,6,0,18.0,34.8,1.933,2.4,1.5,,,0,0,0,0.0,0.0,,,,,,0,0,0,0.0,0.0,,,,17,14,3,50.0,94.2,1.847,4.0,0.0,3,1.907,2,0,1
221465,2.33,52.0,70.0,0,0,,,2.27,1.88,13,11,2,35.0,72.4,2.085,3.7,0.0,2.3,,6,6,0,17.0,39.1,2.317,2.8,1.5,,,0,0,0,0.0,0.0,,,,,,0,0,0,0.0,0.0,,,,19,17,2,52.0,111.5,2.158,3.7,0.0,3,2.15,2,0,1
221468,1.85,55.0,70.0,3,0,,,1.87,2.0,11,11,0,32.0,61.8,1.918,3.7,1.0,1.35,,6,6,0,17.0,23.0,1.333,2.0,1.0,,,0,0,0,0.0,0.0,,,,,,0,0,0,0.0,0.0,,,,17,17,0,49.0,84.8,1.712,3.7,1.0,3,1.74,2,0,1
221480,2.56,53.0,110.0,0,0,,,2.07,2.92,13,13,0,35.0,87.8,2.523,4.0,1.0,2.67,,6,6,0,18.0,48.0,2.667,3.0,2.0,,,0,0,0,0.0,0.0,,,,,,0,0,0,0.0,0.0,,,,19,19,0,53.0,135.8,2.568,4.0,1.0,3,2.553,2,0,1
221508,1.99,49.0,110.0,3,0,,,1.77,1.74,11,10,1,32.0,56.2,1.764,3.7,0.0,1.78,,6,5,1,17.0,30.3,1.683,2.4,0.0,,,0,0,0,0.0,0.0,,,,,,0,0,0,0.0,0.0,,,,17,15,2,49.0,86.5,1.735,3.7,0.0,3,1.763,2,0,1
221512,1.94,50.0,70.0,1,0,,,2.25,2.08,13,12,1,35.0,75.7,2.146,3.2,0.0,1.4,,6,5,1,18.0,25.2,1.4,2.4,0.0,,,0,0,0,0.0,0.0,,,,,,0,0,0,0.0,0.0,,,,19,17,2,53.0,100.9,1.911,3.2,0.0,3,1.91,2,0,1
221520,2.34,53.0,110.0,0,0,,,2.16,2.19,13,12,1,35.0,76.3,2.138,4.0,0.0,2.28,,6,6,0,18.0,41.1,2.283,2.6,1.5,,,0,0,0,0.0,0.0,,,,,,0,0,0,0.0,0.0,,,,19,18,1,53.0,117.4,2.184,4.0,0.0,3,2.21,2,0,1
221524,1.7,47.0,110.0,3,0,,,1.52,1.44,11,10,1,32.0,47.4,1.482,3.4,0.0,1.86,,6,6,0,15.0,27.9,1.917,2.4,1.0,,,0,0,0,0.0,0.0,,,,,,0,0,0,0.0,0.0,,,,17,16,1,47.0,75.3,1.635,3.4,0.0,3,1.607,2,0,0
221528,3.14,56.0,70.0,0,0,,,3.03,3.41,13,13,0,35.0,112.8,3.231,4.0,2.2,3.0,,7,7,0,21.0,63.0,3.0,3.2,2.6,,,0,0,0,0.0,0.0,,,,,,0,0,0,0.0,0.0,,,,20,20,0,56.0,175.8,3.15,4.0,2.2,3,3.147,2,0,1
221544,2.2,50.0,110.0,0,0,,,2.54,2.33,13,13,0,35.0,85.1,2.431,3.7,1.5,1.75,,6,5,1,18.0,31.5,1.75,2.8,0.0,,,0,0,0,0.0,0.0,,,,,,0,0,0,0.0,0.0,,,,19,18,1,53.0,116.6,2.216,3.7,0.0,3,2.207,2,0,1
221548,2.67,53.0,70.0,0,0,,,,,0,0,0,0.0,0.0,,,,2.53,,6,6,0,18.0,45.6,2.533,3.0,2.2,,,0,0,0,0.0,0.0,,,,,,0,0,0,0.0,0.0,,,,6,6,0,18.0,45.6,2.533,3.0,2.2,1,2.53,1,0,1
221564,2.38,53.0,70.0,0,0,,,2.16,2.76,13,13,0,35.0,86.3,2.485,4.0,1.0,2.22,,6,6,0,18.0,39.9,2.217,2.6,1.5,,,0,0,0,0.0,0.0,,,,,,0,0,0,0.0,0.0,,,,19,19,0,53.0,126.2,2.4,4.0,1.0,3,2.38,2,0,1
221571,2.06,47.0,70.0,2,0,,,1.46,2.4,11,10,1,32.0,60.8,1.873,4.0,0.0,2.02,,5,5,0,15.0,30.3,2.02,2.8,1.0,,,0,0,0,0.0,0.0,,,,,,0,0,0,0.0,0.0,,,,16,15,1,47.0,91.1,1.919,4.0,0.0,3,1.96,2,0,1
221572,2.41,53.0,70.0,0,0,,,2.16,2.59,13,13,0,35.0,83.4,2.369,3.7,1.0,2.47,,6,6,0,18.0,44.4,2.467,3.2,1.0,,,0,0,0,0.0,0.0,,,,,,0,0,0,0.0,0.0,,,,19,19,0,53.0,127.8,2.4,3.7,1.0,3,2.407,2,0,1
221573,2.22,57.0,110.0,0,0,,,2.1,2.37,13,13,0,35.0,78.3,2.262,3.4,1.0,2.33,,6,6,0,16.0,37.3,2.333,3.2,1.5,,,0,0,0,0.0,0.0,,,,,,0,0,0,0.0,0.0,,,,19,19,0,51.0,115.6,2.284,3.4,1.0,3,2.267,2,0,1
221575,2.56,53.0,70.0,0,0,,,2.32,2.96,13,13,0,35.0,92.6,2.662,3.7,1.0,2.4,,6,6,0,18.0,43.2,2.4,3.0,2.0,,,0,0,0,0.0,0.0,,,,,,0,0,0,0.0,0.0,,,,19,19,0,53.0,135.8,2.579,3.7,1.0,3,2.56,2,0,1
221581,2.25,53.0,110.0,0,0,,,2.38,2.31,13,13,0,35.0,82.0,2.277,3.7,1.0,2.0,,6,6,0,18.0,36.0,2.0,3.0,1.0,,,0,0,0,0.0,0.0,,,,,,0,0,0,0.0,0.0,,,,19,19,0,53.0,118.0,2.189,3.7,1.0,3,2.23,2,0,1
221589,2.88,53.0,70.0,0,0,,,2.49,3.24,13,13,0,35.0,100.8,2.885,4.0,1.5,2.87,,6,6,0,18.0,51.6,2.867,3.4,2.4,,,0,0,0,0.0,0.0,,,,,,0,0,0,0.0,0.0,,,,19,19,0,53.0,152.4,2.879,4.0,1.5,3,2.867,2,0,1
221598,2.78,52.0,70.0,0,0,,,2.84,3.14,13,13,0,35.0,104.8,3.008,3.7,1.0,2.33,,6,6,0,17.0,39.6,2.367,3.2,1.0,,,0,0,0,0.0,0.0,,,,,,0,0,0,0.0,0.0,,,,19,19,0,52.0,144.4,2.805,3.7,1.0,3,2.77,2,0,1
221602,2.96,53.0,70.0,0,0,,,2.7,3.16,13,13,0,35.0,102.8,2.931,4.0,2.0,3.02,,6,6,0,18.0,54.3,3.017,3.7,2.6,,,0,0,0,0.0,0.0,,,,,,0,0,0,0.0,0.0,,,,19,19,0,53.0,157.1,2.958,4.0,2.0,3,2.96,2,0,1
221603,2.65,53.0,110.0,0,0,,,2.52,2.84,13,13,0,35.0,94.1,2.677,4.0,1.0,2.57,,6,6,0,18.0,46.2,2.567,3.2,2.2,,,0,0,0,0.0,0.0,,,,,,0,0,0,0.0,0.0,,,,19,19,0,53.0,140.3,2.642,4.0,1.0,3,2.643,2,0,1
221609,2.5,52.0,80.0,0,0,,,2.69,2.31,13,13,0,35.0,87.3,2.531,3.7,1.0,2.52,,6,6,0,17.0,42.8,2.533,3.0,2.2,,,0,0,0,0.0,0.0,,,,,,0,0,0,0.0,0.0,,,,19,19,0,52.0,130.1,2.532,3.7,1.0,3,2.507,2,0,1
221612,3.15,55.0,110.0,0,0,,,2.89,3.3,13,13,0,35.0,108.5,3.131,4.0,1.5,3.24,,7,7,0,20.0,64.7,3.214,3.7,2.6,,,0,0,0,0.0,0.0,,,,,,0,0,0,0.0,0.0,,,,20,20,0,55.0,173.2,3.16,4.0,1.5,3,3.143,2,0,1
221614,2.31,53.0,110.0,0,0,,,2.09,2.63,13,13,0,35.0,83.0,2.4,3.4,1.0,2.18,,6,6,0,18.0,39.3,2.183,2.6,1.5,,,0,0,0,0.0,0.0,,,,,,0,0,0,0.0,0.0,,,,19,19,0,53.0,122.3,2.332,3.4,1.0,3,2.3,2,0,1
221616,2.67,53.0,70.0,0,0,,,2.76,2.74,13,13,0,35.0,96.4,2.754,4.0,2.0,2.5,,6,6,0,18.0,45.0,2.5,3.2,2.0,,,0,0,0,0.0,0.0,,,,,,0,0,0,0.0,0.0,,,,19,19,0,53.0,141.4,2.674,4.0,2.0,3,2.667,2,0,1
221617,2.2,50.0,70.0,0,0,,,2.14,2.76,13,13,0,35.0,86.1,2.454,3.7,1.0,1.66,,6,5,1,17.0,28.2,1.567,2.4,0.0,,,0,0,0,0.0,0.0,,,,,,0,0,0,0.0,0.0,,,,19,18,1,52.0,114.3,2.174,3.7,0.0,3,2.187,2,0,1
221635,2.35,53.0,110.0,0,0,,,2.14,2.75,13,13,0,35.0,85.9,2.469,3.7,1.0,2.13,,6,6,0,18.0,38.4,2.133,2.4,2.0,,,0,0,0,0.0,0.0,,,,,,0,0,0,0.0,0.0,,,,19,19,0,53.0,124.3,2.363,3.7,1.0,3,2.34,2,0,1
221682,2.42,51.0,70.0,0,0,,,2.51,2.17,13,12,1,35.0,81.6,2.308,3.7,0.0,2.6,,6,6,0,18.0,46.8,2.6,3.0,2.0,,,0,0,0,0.0,0.0,,,,,,0,0,0,0.0,0.0,,,,19,18,1,53.0,128.4,2.4,3.7,0.0,3,2.427,2,0,1
221686,2.37,52.0,110.0,0,0,,,2.38,2.0,13,12,1,35.0,76.4,2.138,2.8,0.0,2.45,,6,6,0,17.0,41.7,2.45,3.2,1.5,,,0,0,0,0.0,0.0,,,,,,0,0,0,0.0,0.0,,,,19,18,1,52.0,118.1,2.237,3.2,0.0,3,2.277,2,0,1
221702,2.19,52.0,110.0,0,0,,,2.08,2.41,13,13,0,35.0,78.8,2.238,4.0,1.0,2.08,,6,6,0,17.0,35.3,2.117,2.8,1.0,,,0,0,0,0.0,0.0,,,,,,0,0,0,0.0,0.0,,,,19,19,0,52.0,114.1,2.2,4.0,1.0,3,2.19,2,0,1
221706,2.16,52.0,110.0,0,0,,,2.29,1.9,13,11,2,35.0,73.1,2.046,4.0,0.0,1.9,,6,6,0,17.0,32.3,1.95,2.8,1.0,,,0,0,0,0.0,0.0,,,,,,0,0,0,0.0,0.0,,,,19,17,2,52.0,105.4,2.016,4.0,0.0,3,2.03,2,0,1
221710,2.15,47.0,30.0,2,0,,,1.89,1.54,11,9,2,32.0,55.3,1.736,2.8,0.0,2.54,,5,5,0,15.0,38.1,2.54,3.0,1.5,,,0,0,0,0.0,0.0,,,,,,0,0,0,0.0,0.0,,,,16,14,2,47.0,93.4,1.988,3.0,0.0,3,1.99,2,0,1
221730,2.24,51.0,70.0,0,0,,,2.14,2.19,13,12,1,35.0,75.7,2.108,4.0,0.0,2.38,,6,6,0,18.0,42.9,2.383,3.0,1.5,,,0,0,0,0.0,0.0,,,,,,0,0,0,0.0,0.0,,,,19,18,1,53.0,118.6,2.195,4.0,0.0,3,2.237,2,0,1
221737,2.4,53.0,70.0,1,0,,,1.96,2.51,13,12,1,35.0,78.6,2.246,4.0,0.0,2.33,,6,6,0,18.0,42.0,2.333,2.6,2.0,,,0,0,0,0.0,0.0,,,,,,0,0,0,0.0,0.0,,,,19,18,1,53.0,120.6,2.274,4.0,0.0,3,2.267,2,0,1
221748,2.66,53.0,70.0,0,0,,,2.75,3.09,13,13,0,35.0,102.4,2.908,4.0,2.0,2.15,,6,6,0,18.0,38.7,2.15,3.0,1.0,,,0,0,0,0.0,0.0,,,,,,0,0,0,0.0,0.0,,,,19,19,0,53.0,141.1,2.668,4.0,1.0,3,2.663,2,0,1
221751,2.53,52.0,80.0,0,0,,,2.53,2.64,13,13,0,35.0,90.5,2.562,3.7,1.5,2.41,,6,6,0,17.0,40.9,2.383,3.0,1.5,,,0,0,0,0.0,0.0,,,,,,0,0,0,0.0,0.0,,,,19,19,0,52.0,131.4,2.505,3.7,1.5,3,2.527,2,0,1
221761,2.27,53.0,70.0,0,0,,,2.25,2.36,13,13,0,35.0,80.7,2.292,3.4,1.0,2.2,,6,6,0,18.0,39.6,2.2,2.6,1.5,,,0,0,0,0.0,0.0,,,,,,0,0,0,0.0,0.0,,,,19,19,0,53.0,120.3,2.263,3.4,1.0,3,2.27,2,0,1
221763,2.4,46.0,70.0,2,0,,,1.91,1.92,11,8,3,32.0,61.2,1.855,4.0,0.0,2.47,,6,6,0,17.0,42.0,2.5,3.0,2.0,,,0,0,0,0.0,0.0,,,,,,0,0,0,0.0,0.0,,,,17,14,3,49.0,103.2,2.082,4.0,0.0,3,2.1,2,0,1
221774,2.35,53.0,70.0,0,0,,,2.43,2.59,13,13,0,35.0,88.0,2.508,3.7,1.5,2.03,,6,6,0,18.0,36.6,2.033,2.6,1.0,,,0,0,0,0.0,0.0,,,,,,0,0,0,0.0,0.0,,,,19,19,0,53.0,124.6,2.358,3.7,1.0,3,2.35,2,0,1
221775,2.66,53.0,110.0,0,0,,,2.35,3.03,13,13,0,35.0,94.6,2.738,4.0,1.0,2.57,,6,6,0,18.0,46.2,2.567,3.0,2.0,,,0,0,0,0.0,0.0,,,,,,0,0,0,0.0,0.0,,,,19,19,0,53.0,140.8,2.684,4.0,1.0,3,2.65,2,0,1
221798,1.95,50.0,70.0,1,0,,,2.04,2.09,13,12,1,35.0,72.3,2.054,3.4,0.0,1.45,,6,5,1,18.0,26.1,1.45,2.2,0.0,,,0,0,0,0.0,0.0,,,,,,0,0,0,0.0,0.0,,,,19,17,2,53.0,98.4,1.863,3.4,0.0,3,1.86,2,0,1
221802,1.84,49.0,110.0,3,0,,,1.38,1.86,11,10,1,32.0,51.3,1.6,3.4,0.0,2.08,,5,5,0,15.0,31.2,2.08,2.2,2.0,,,0,0,0,0.0,0.0,,,,,,0,0,0,0.0,0.0,,,,16,15,1,47.0,82.5,1.75,3.4,0.0,3,1.773,2,0,1
221803,2.12,49.0,70.0,1,0,,,1.84,2.22,11,10,1,32.0,64.6,2.018,3.2,0.0,2.04,,6,6,0,17.0,34.7,2.083,2.8,1.0,,,0,0,0,0.0,0.0,,,,,,0,0,0,0.0,0.0,,,,17,16,1,49.0,99.3,2.041,3.2,0.0,3,2.033,2,0,1
221815,1.99,53.0,80.0,1,0,,,2.04,2.02,13,12,1,35.0,71.0,2.0,2.8,0.0,1.68,,6,6,0,18.0,30.3,1.683,2.4,1.0,,,0,0,0,0.0,0.0,,,,,,0,0,0,0.0,0.0,,,,19,18,1,53.0,101.3,1.9,2.8,0.0,3,1.913,2,0,1
221829,2.42,47.0,110.0,0,0,,,2.59,1.73,13,11,2,35.0,75.3,2.208,3.7,0.0,2.93,,6,6,0,18.0,52.8,2.933,3.4,2.2,,,0,0,0,0.0,0.0,,,,,,0,0,0,0.0,0.0,,,,19,17,2,53.0,128.1,2.437,3.7,0.0,3,2.417,2,0,1
221844,2.19,52.0,110.0,0,0,,,,,0,0,0,0.0,0.0,,,,1.95,,6,6,0,17.0,33.2,2.0,2.8,1.5,,,0,0,0,0.0,0.0,,,,,,0,0,0,0.0,0.0,,,,6,6,0,17.0,33.2,2.0,2.8,1.5,1,1.95,1,0,1
221845,2.15,44.0,110.0,2,0,,,0.99,1.91,12,9,3,32.0,45.4,1.483,3.0,0.0,2.52,,5,5,0,15.0,37.8,2.52,3.0,2.0,,,0,0,0,0.0,0.0,,,,,,0,0,0,0.0,0.0,,,,17,14,3,47.0,83.2,1.788,3.0,0.0,3,1.807,2,0,1
221849,2.39,47.0,40.0,0,0,,,2.7,2.61,13,13,0,35.0,92.9,2.669,3.7,1.0,1.84,,6,4,2,17.0,31.2,1.733,2.8,0.0,,,0,0,0,0.0,0.0,,,,,,0,0,0,0.0,0.0,,,,19,17,2,52.0,124.1,2.374,3.7,0.0,3,2.383,2,0,1
221856,2.49,53.0,70.0,0,0,,,2.35,2.05,13,12,1,35.0,76.8,2.215,4.0,0.0,2.6,,6,6,0,18.0,46.8,2.6,2.8,2.4,,,0,0,0,0.0,0.0,,,,,,0,0,0,0.0,0.0,,,,19,18,1,53.0,123.6,2.337,4.0,0.0,3,2.333,2,0,1
221857,2.18,53.0,110.0,0,0,,,2.15,2.46,13,13,0,35.0,80.7,2.315,3.7,1.0,1.93,,6,6,0,18.0,34.8,1.933,2.4,1.5,,,0,0,0,0.0,0.0,,,,,,0,0,0,0.0,0.0,,,,19,19,0,53.0,115.5,2.195,3.7,1.0,3,2.18,2,0,1
221864,1.95,50.0,110.0,3,0,,,1.97,1.86,13,12,1,35.0,66.9,1.846,4.0,0.0,1.82,,6,5,1,18.0,32.7,1.817,2.4,0.0,,,0,0,0,0.0,0.0,,,,,,0,0,0,0.0,0.0,,,,19,17,2,53.0,99.6,1.837,4.0,0.0,3,1.883,2,0,1
221865,3.1,56.0,110.0,0,0,,,2.86,3.41,13,13,0,35.0,110.0,3.123,4.0,2.0,3.01,,7,7,0,21.0,63.3,3.014,3.7,2.4,,,0,0,0,0.0,0.0,,,,,,0,0,0,0.0,0.0,,,,20,20,0,56.0,173.3,3.085,4.0,2.0,3,3.093,2,0,1
221869,2.39,50.0,100.0,1,0,,,1.91,2.8,11,11,0,32.0,74.4,2.3,4.0,1.0,2.52,,7,7,0,18.0,45.3,2.529,3.0,1.5,,,0,0,0,0.0,0.0,,,,,,0,0,0,0.0,0.0,,,,18,18,0,50.0,119.7,2.389,4.0,1.0,3,2.41,2,0,1
221898,2.79,53.0,70.0,0,0,,,2.84,3.06,13,13,0,35.0,103.2,2.946,3.7,2.2,2.48,,6,6,0,18.0,44.7,2.483,2.8,1.5,,,0,0,0,0.0,0.0,,,,,,0,0,0,0.0,0.0,,,,19,19,0,53.0,147.9,2.8,3.7,1.5,3,2.793,2,0,1
221904,2.28,49.0,70.0,2,0,,,1.42,1.92,11,10,1,32.0,52.9,1.682,2.8,0.0,2.96,,5,5,0,15.0,44.4,2.96,3.4,2.6,,,0,0,0,0.0,0.0,,,,,,0,0,0,0.0,0.0,,,,16,15,1,47.0,97.3,2.081,3.4,0.0,3,2.1,2,0,1
221910,2.44,52.0,70.0,0,0,,,2.15,2.77,13,13,0,35.0,86.3,2.485,3.4,1.0,2.38,,6,6,0,17.0,40.4,2.3,3.2,1.0,,,0,0,0,0.0,0.0,,,,,,0,0,0,0.0,0.0,,,,19,19,0,52.0,126.7,2.426,3.4,1.0,3,2.433,2,0,1
221911,3.04,58.0,110.0,0,0,,,3.16,3.18,14,14,0,38.0,120.5,3.164,4.0,1.5,2.78,,7,7,0,20.0,55.6,2.771,3.2,2.4,,,0,0,0,0.0,0.0,,,,,,0,0,0,0.0,0.0,,,,21,21,0,58.0,176.1,3.033,4.0,1.5,3,3.04,2,0,1
221921,2.52,53.0,110.0,0,0,,,2.3,2.71,13,13,0,35.0,87.9,2.546,4.0,1.0,2.53,,6,6,0,18.0,45.6,2.533,3.0,2.0,,,0,0,0,0.0,0.0,,,,,,0,0,0,0.0,0.0,,,,19,19,0,53.0,133.5,2.542,4.0,1.0,3,2.513,2,0,1
221925,2.38,52.0,70.0,0,0,,,2.36,2.22,13,13,0,35.0,80.1,2.315,4.0,1.0,2.55,,6,6,0,17.0,43.4,2.567,3.0,2.0,,,0,0,0,0.0,0.0,,,,,,0,0,0,0.0,0.0,,,,19,19,0,52.0,123.5,2.395,4.0,1.0,3,2.377,2,0,1
221927,2.32,52.0,70.0,0,0,,,2.12,2.21,13,12,1,35.0,75.9,2.131,3.4,0.0,2.36,,6,6,0,17.0,40.2,2.367,2.8,2.2,,,0,0,0,0.0,0.0,,,,,,0,0,0,0.0,0.0,,,,19,18,1,52.0,116.1,2.205,3.4,0.0,3,2.23,2,0,1
221931,2.38,49.0,110.0,1,0,,,1.7,3.02,11,10,1,32.0,74.2,2.309,4.0,0.0,2.09,,6,6,0,17.0,35.5,2.117,2.6,1.5,,,0,0,0,0.0,0.0,,,,,,0,0,0,0.0,0.0,,,,17,16,1,49.0,109.7,2.241,4.0,0.0,3,2.27,2,0,1
221937,2.1,53.0,40.0,0,0,,,2.33,2.44,13,13,0,35.0,83.5,2.392,4.0,1.0,1.53,,6,6,0,18.0,27.6,1.533,2.2,1.0,,,0,0,0,0.0,0.0,,,,,,0,0,0,0.0,0.0,,,,19,19,0,53.0,111.1,2.121,4.0,1.0,3,2.1,2,0,1
221938,2.82,52.0,140.0,0,0,,,2.65,3.09,13,13,0,35.0,100.6,2.9,4.0,2.0,2.72,,6,6,0,17.0,46.2,2.733,3.2,2.4,,,0,0,0,0.0,0.0,,,,,,0,0,0,0.0,0.0,,,,19,19,0,52.0,146.8,2.847,4.0,2.0,3,2.82,2,0,1
221942,2.09,47.0,110.0,1,0,,,1.68,2.46,11,10,1,32.0,65.4,2.055,3.7,0.0,1.83,,6,6,0,18.0,33.0,1.833,2.4,1.0,,,0,0,0,0.0,0.0,,,,,,0,0,0,0.0,0.0,,,,17,16,1,50.0,98.4,1.976,3.7,0.0,3,1.99,2,0,1
221954,2.97,58.0,110.0,0,0,,,3.01,3.04,14,14,0,38.0,114.9,3.014,4.0,2.4,2.88,,7,7,0,20.0,57.6,2.886,3.4,2.4,,,0,0,0,0.0,0.0,,,,,,0,0,0,0.0,0.0,,,,21,21,0,58.0,172.5,2.971,4.0,2.4,3,2.977,2,0,1
221957,2.59,53.0,110.0,0,0,,,2.46,2.66,13,13,0,35.0,89.7,2.592,3.7,1.0,2.63,,6,6,0,18.0,47.4,2.633,2.8,2.4,,,0,0,0,0.0,0.0,,,,,,0,0,0,0.0,0.0,,,,19,19,0,53.0,137.1,2.605,3.7,1.0,3,2.583,2,0,1
221962,2.21,50.0,110.0,0,0,,,2.34,2.66,13,13,0,35.0,87.5,2.515,3.4,1.0,1.65,,6,5,1,18.0,29.7,1.65,2.4,0.0,,,0,0,0,0.0,0.0,,,,,,0,0,0,0.0,0.0,,,,19,18,1,53.0,117.2,2.242,3.4,0.0,3,2.217,2,0,1
221981,2.72,52.0,140.0,0,0,,,2.56,3.03,13,13,0,35.0,98.2,2.815,4.0,1.5,2.53,,6,6,0,17.0,43.0,2.533,2.8,2.2,,,0,0,0,0.0,0.0,,,,,,0,0,0,0.0,0.0,,,,19,19,0,52.0,141.2,2.726,4.0,1.5,3,2.707,2,0,1
221987,2.23,50.0,70.0,0,0,,,2.44,2.52,13,13,0,35.0,86.7,2.485,3.7,1.0,1.75,,6,5,1,18.0,31.5,1.75,2.6,0.0,,,0,0,0,0.0,0.0,,,,,,0,0,0,0.0,0.0,,,,19,18,1,53.0,118.2,2.253,3.7,0.0,3,2.237,2,0,1
222005,2.19,47.0,110.0,1,0,,,1.88,2.68,11,10,1,32.0,72.1,2.245,3.4,0.0,1.7,,6,6,0,18.0,30.6,1.7,2.2,1.0,,,0,0,0,0.0,0.0,,,,,,0,0,0,0.0,0.0,,,,17,16,1,50.0,102.7,2.053,3.4,0.0,3,2.087,2,0,1
222009,2.06,53.0,110.0,0,0,,,2.04,2.56,13,13,0,35.0,80.8,2.323,3.7,1.5,1.57,,6,6,0,18.0,28.2,1.567,2.4,1.0,,,0,0,0,0.0,0.0,,,,,,0,0,0,0.0,0.0,,,,19,19,0,53.0,109.0,2.084,3.7,1.0,3,2.057,2,0,1
222016,2.22,53.0,110.0,0,0,,,2.19,2.61,13,13,0,35.0,84.1,2.385,3.7,1.0,1.87,,6,6,0,18.0,33.6,1.867,2.6,1.0,,,0,0,0,0.0,0.0,,,,,,0,0,0,0.0,0.0,,,,19,19,0,53.0,117.7,2.221,3.7,1.0,3,2.223,2,0,1
222018,3.15,58.0,110.0,0,0,,,3.17,3.37,14,14,0,38.0,124.7,3.271,4.0,2.4,2.89,,7,7,0,20.0,57.8,2.886,3.4,2.4,,,0,0,0,0.0,0.0,,,,,,0,0,0,0.0,0.0,,,,21,21,0,58.0,182.5,3.143,4.0,2.4,3,3.143,2,0,1
222024,2.15,53.0,70.0,0,0,,,2.22,2.03,13,13,0,35.0,74.4,2.1,3.2,1.0,2.18,,6,6,0,18.0,39.3,2.183,2.8,1.5,,,0,0,0,0.0,0.0,,,,,,0,0,0,0.0,0.0,,,,19,19,0,53.0,113.7,2.126,3.2,1.0,3,2.143,2,0,1
222046,2.55,53.0,110.0,0,0,,,2.74,2.46,13,13,0,35.0,90.7,2.562,3.7,1.0,2.47,,6,6,0,18.0,44.4,2.467,2.8,2.2,,,0,0,0,0.0,0.0,,,,,,0,0,0,0.0,0.0,,,,19,19,0,53.0,135.1,2.532,3.7,1.0,3,2.557,2,0,1
222070,2.59,52.0,70.0,0,0,,,2.44,2.97,13,13,0,35.0,95.0,2.723,3.7,1.0,2.32,,6,6,0,17.0,39.5,2.35,2.8,1.5,,,0,0,0,0.0,0.0,,,,,,0,0,0,0.0,0.0,,,,19,19,0,52.0,134.5,2.605,3.7,1.0,3,2.577,2,0,1
222072,2.74,52.0,110.0,0,0,,,2.52,2.9,13,13,0,35.0,95.1,2.738,3.7,1.0,2.79,,6,6,0,17.0,47.4,2.8,3.2,2.2,,,0,0,0,0.0,0.0,,,,,,0,0,0,0.0,0.0,,,,19,19,0,52.0,142.5,2.758,3.7,1.0,3,2.737,2,0,1
222076,2.23,49.0,70.0,2,0,,,1.59,2.44,11,10,1,32.0,63.6,1.973,4.0,0.0,2.35,,6,6,0,17.0,39.9,2.383,3.0,1.5,,,0,0,0,0.0,0.0,,,,,,0,0,0,0.0,0.0,,,,17,16,1,49.0,103.5,2.118,4.0,0.0,3,2.127,2,0,1
222077,2.43,51.0,70.0,0,0,,,2.59,1.99,13,12,1,35.0,79.8,2.215,3.4,0.0,2.46,,7,7,0,18.0,44.3,2.529,3.0,1.5,,,0,0,0,0.0,0.0,,,,,,0,0,0,0.0,0.0,,,,20,19,1,53.0,124.1,2.325,3.4,0.0,3,2.347,2,0,1
222086,2.11,52.0,70.0,2,0,,,1.92,1.92,11,11,0,32.0,61.4,1.927,3.0,1.0,2.3,,6,6,0,18.0,41.4,2.3,2.8,2.0,,,0,0,0,0.0,0.0,,,,,,0,0,0,0.0,0.0,,,,17,17,0,50.0,102.8,2.059,3.0,1.0,3,2.047,2,0,1
222088,2.33,56.0,110.0,0,0,,,2.24,2.69,13,13,0,35.0,86.5,2.431,4.0,1.0,2.08,,6,6,0,18.0,37.5,2.083,2.4,1.5,,,0,0,0,0.0,0.0,,,,,,0,0,0,0.0,0.0,,,,19,19,0,53.0,124.0,2.321,4.0,1.0,3,2.337,2,0,1
222090,2.17,47.0,110.0,1,0,,,,,0,0,0,0.0,0.0,,,,2.23,,6,5,1,18.0,40.2,2.233,3.0,0.0,,,0,0,0,0.0,0.0,,,,,,0,0,0,0.0,0.0,,,,6,5,1,18.0,40.2,2.233,3.0,0.0,1,2.23,1,0,1
222102,2.23,53.0,70.0,0,0,,,2.09,2.38,13,13,0,35.0,78.4,2.238,4.0,1.0,2.22,,6,6,0,18.0,39.9,2.217,2.8,1.5,,,0,0,0,0.0,0.0,,,,,,0,0,0,0.0,0.0,,,,19,19,0,53.0,118.3,2.232,4.0,1.0,3,2.23,2,0,1
222117,2.63,53.0,110.0,0,0,,,2.4,2.92,13,13,0,35.0,93.4,2.654,4.0,1.5,2.55,,6,6,0,18.0,45.9,2.55,3.0,1.5,,,0,0,0,0.0,0.0,,,,,,0,0,0,0.0,0.0,,,,19,19,0,53.0,139.3,2.621,4.0,1.5,3,2.623,2,0,1
222124,2.5,53.0,110.0,0,0,,,2.26,2.63,13,13,0,35.0,85.8,2.423,4.0,1.0,2.6,,6,6,0,18.0,46.8,2.6,3.0,2.2,,,0,0,0,0.0,0.0,,,,,,0,0,0,0.0,0.0,,,,19,19,0,53.0,132.6,2.479,4.0,1.0,3,2.497,2,0,1
222131,1.6,45.0,60.0,2,0,,,2.03,1.77,13,12,1,35.0,66.3,1.9,3.4,0.0,1.02,,6,4,2,18.0,18.3,1.017,2.6,0.0,,,0,0,0,0.0,0.0,,,,,,0,0,0,0.0,0.0,,,,19,16,3,53.0,84.6,1.621,3.4,0.0,3,1.607,2,0,1
222136,2.4,47.0,110.0,0,0,,,2.49,2.09,13,11,2,35.0,80.0,2.277,3.7,0.0,2.24,,6,5,1,17.0,38.0,2.267,3.2,0.0,,,0,0,0,0.0,0.0,,,,,,0,0,0,0.0,0.0,,,,19,16,3,52.0,118.0,2.274,3.7,0.0,3,2.273,2,0,1
222139,1.88,50.0,0.0,1,0,,,2.58,1.7,13,12,1,35.0,74.4,2.162,3.7,0.0,1.28,,6,5,1,18.0,23.1,1.283,2.2,0.0,,,0,0,0,0.0,0.0,,,,,,0,0,0,0.0,0.0,,,,19,17,2,53.0,97.5,1.884,3.7,0.0,3,1.853,2,0,1
222147,2.48,53.0,70.0,0,0,,,2.44,2.76,13,13,0,35.0,91.1,2.608,4.0,1.0,2.23,,6,6,0,18.0,40.2,2.233,2.8,1.0,,,0,0,0,0.0,0.0,,,,,,0,0,0,0.0,0.0,,,,19,19,0,53.0,131.3,2.489,4.0,1.0,3,2.477,2,0,1
222157,2.49,53.0,70.0,1,0,,,1.98,2.84,13,13,0,35.0,84.8,2.423,4.0,1.0,2.63,,6,6,0,18.0,47.4,2.633,2.8,2.4,,,0,0,0,0.0,0.0,,,,,,0,0,0,0.0,0.0,,,,19,19,0,53.0,132.2,2.489,4.0,1.0,3,2.483,2,0,1
222158,2.56,53.0,70.0,0,0,,,2.34,2.92,13,13,0,35.0,92.2,2.631,3.7,1.5,2.38,,6,6,0,18.0,42.9,2.383,2.8,1.5,,,0,0,0,0.0,0.0,,,,,,0,0,0,0.0,0.0,,,,19,19,0,53.0,135.1,2.553,3.7,1.5,3,2.547,2,0,1
222173,2.09,45.0,70.0,2,0,,,1.25,2.74,11,8,3,32.0,62.4,1.891,3.7,0.0,1.83,,6,5,1,18.0,33.0,1.833,2.8,0.0,,,0,0,0,0.0,0.0,,,,,,0,0,0,0.0,0.0,,,,17,13,4,50.0,95.4,1.871,3.7,0.0,3,1.94,2,0,1
222190,2.33,53.0,70.0,0,0,,,2.36,2.44,13,13,0,35.0,84.2,2.4,3.7,1.0,2.18,,6,6,0,18.0,39.3,2.183,2.4,1.5,,,0,0,0,0.0,0.0,,,,,,0,0,0,0.0,0.0,,,,19,19,0,53.0,123.5,2.332,3.7,1.0,3,2.327,2,0,1
222208,2.54,53.0,60.0,2,0,,,1.96,1.96,13,11,2,35.0,68.5,2.046,3.7,0.0,3.03,,6,6,0,18.0,54.6,3.033,3.4,2.6,,,0,0,0,0.0,0.0,,,,,,0,0,0,0.0,0.0,,,,19,17,2,53.0,123.1,2.358,3.7,0.0,3,2.317,2,0,1
222221,2.68,53.0,70.0,0,0,,,2.71,2.78,13,13,0,35.0,96.0,2.731,4.0,1.0,2.57,,6,6,0,18.0,46.2,2.567,2.8,2.0,,,0,0,0,0.0,0.0,,,,,,0,0,0,0.0,0.0,,,,19,19,0,53.0,142.2,2.679,4.0,1.0,3,2.687,2,0,1
222240,1.99,53.0,70.0,1,0,,,2.32,2.0,13,13,0,35.0,75.5,2.177,3.0,1.5,1.67,,6,6,0,18.0,30.0,1.667,2.6,1.0,,,0,0,0,0.0,0.0,,,,,,0,0,0,0.0,0.0,,,,19,19,0,53.0,105.5,2.016,3.0,1.0,3,1.997,2,0,1
222242,2.32,52.0,30.0,0,0,,,2.3,2.44,13,13,0,35.0,83.0,2.362,3.4,1.5,2.22,,6,6,0,17.0,37.8,2.233,2.8,2.0,,,0,0,0,0.0,0.0,,,,,,0,0,0,0.0,0.0,,,,19,19,0,52.0,120.8,2.321,3.4,1.5,3,2.32,2,0,1
222245,2.05,53.0,70.0,1,0,,,2.0,1.93,13,12,1,35.0,68.8,1.992,4.0,0.0,1.77,,6,6,0,18.0,31.8,1.767,2.4,1.0,,,0,0,0,0.0,0.0,,,,,,0,0,0,0.0,0.0,,,,19,18,1,53.0,100.6,1.921,4.0,0.0,3,1.9,2,0,1
222246,2.19,53.0,70.0,0,0,,,2.37,2.2,13,12,1,35.0,79.9,2.223,4.0,0.0,1.77,,6,6,0,18.0,31.8,1.767,2.4,1.0,,,0,0,0,0.0,0.0,,,,,,0,0,0,0.0,0.0,,,,19,18,1,53.0,111.7,2.079,4.0,0.0,3,2.113,2,0,1
222254,2.42,53.0,70.0,0,0,,,2.27,2.79,13,13,0,35.0,88.8,2.5,4.0,1.0,2.18,,6,6,0,18.0,39.3,2.183,2.4,1.5,,,0,0,0,0.0,0.0,,,,,,0,0,0,0.0,0.0,,,,19,19,0,53.0,128.1,2.4,4.0,1.0,3,2.413,2,0,1
222264,1.71,39.0,110.0,3,0,,,1.45,2.14,11,9,2,32.0,56.7,1.718,3.7,0.0,1.58,,5,4,1,15.0,23.7,1.58,2.2,0.0,,,0,0,0,0.0,0.0,,,,,,0,0,0,0.0,0.0,,,,16,13,3,47.0,80.4,1.675,3.7,0.0,3,1.723,2,0,0
222266,2.47,45.0,110.0,1,0,,,1.59,2.54,11,9,2,32.0,65.1,1.973,3.7,0.0,2.83,,6,6,0,18.0,51.0,2.833,3.2,2.6,,,0,0,0,0.0,0.0,,,,,,0,0,0,0.0,0.0,,,,17,15,2,50.0,116.1,2.276,3.7,0.0,3,2.32,2,0,1
222271,2.29,53.0,70.0,0,0,,,2.42,2.27,13,12,1,35.0,82.0,2.331,4.0,0.0,1.93,,6,6,0,18.0,34.8,1.933,3.0,1.0,,,0,0,0,0.0,0.0,,,,,,0,0,0,0.0,0.0,,,,19,18,1,53.0,116.8,2.205,4.0,0.0,3,2.207,2,0,1
222291,2.42,50.0,110.0,0,0,,,2.16,2.62,13,12,1,35.0,84.0,2.462,4.0,0.0,2.05,,6,6,0,18.0,36.9,2.05,2.8,1.0,,,0,0,0,0.0,0.0,,,,,,0,0,0,0.0,0.0,,,,19,18,1,53.0,120.9,2.332,4.0,0.0,3,2.277,2,0,1
222308,2.31,53.0,70.0,0,0,,,2.02,2.63,13,13,0,35.0,81.7,2.323,3.7,1.0,2.2,,6,6,0,18.0,39.6,2.2,2.6,2.0,,,0,0,0,0.0,0.0,,,,,,0,0,0,0.0,0.0,,,,19,19,0,53.0,121.3,2.284,3.7,1.0,3,2.283,2,0,1
222312,2.81,56.0,70.0,0,0,,,2.79,2.79,13,13,0,35.0,97.7,2.762,4.0,1.0,2.73,,6,6,0,18.0,49.2,2.733,3.0,2.2,,,0,0,0,0.0,0.0,,,,,,0,0,0,0.0,0.0,,,,19,19,0,53.0,146.9,2.753,4.0,1.0,3,2.77,2,0,1
222316,1.73,50.0,70.0,2,0,,,1.99,2.01,13,13,0,35.0,70.0,2.031,3.2,1.0,1.2,,6,5,1,18.0,21.6,1.2,2.2,0.0,,,0,0,0,0.0,0.0,,,,,,0,0,0,0.0,0.0,,,,19,18,1,53.0,91.6,1.768,3.2,0.0,3,1.733,2,0,1
222322,3.07,60.0,110.0,0,0,,,2.92,3.2,13,13,0,35.0,107.2,3.062,4.0,2.2,2.81,,6,6,0,16.0,45.0,2.833,4.0,2.0,,,0,0,0,0.0,0.0,,,,,,0,0,0,0.0,0.0,,,,19,19,0,51.0,152.2,2.989,4.0,2.0,3,2.977,2,0,1
222331,2.9,53.0,70.0,0,0,,,2.95,2.82,13,13,0,35.0,101.0,2.854,4.0,1.5,2.93,,6,6,0,18.0,52.8,2.933,3.4,2.4,,,0,0,0,0.0,0.0,,,,,,0,0,0,0.0,0.0,,,,19,19,0,53.0,153.8,2.879,4.0,1.5,3,2.9,2,0,1
222337,2.26,48.0,100.0,1,0,,,1.69,2.4,11,8,3,32.0,64.8,1.964,4.0,0.0,2.03,,7,7,0,18.0,36.6,2.086,2.8,1.0,,,0,0,0,0.0,0.0,,,,,,0,0,0,0.0,0.0,,,,18,15,3,50.0,101.4,2.011,4.0,0.0,3,2.04,2,0,1
222338,1.93,50.0,110.0,3,0,,,1.92,1.56,11,11,0,32.0,56.0,1.764,3.0,1.0,1.96,,5,4,1,15.0,29.4,1.96,2.6,0.0,,,0,0,0,0.0,0.0,,,,,,0,0,0,0.0,0.0,,,,16,15,1,47.0,85.4,1.825,3.0,0.0,3,1.813,2,0,1
222339,2.19,53.0,110.0,0,0,,,2.24,2.47,13,13,0,35.0,82.5,2.408,3.7,1.0,1.87,,6,6,0,18.0,33.6,1.867,2.6,1.0,,,0,0,0,0.0,0.0,,,,,,0,0,0,0.0,0.0,,,,19,19,0,53.0,116.1,2.237,3.7,1.0,3,2.193,2,0,1
222341,2.45,53.0,100.0,0,0,,,2.31,2.53,13,13,0,35.0,84.9,2.415,3.7,1.5,2.5,,6,6,0,18.0,45.0,2.5,2.8,2.0,,,0,0,0,0.0,0.0,,,,,,0,0,0,0.0,0.0,,,,19,19,0,53.0,129.9,2.442,3.7,1.5,3,2.447,2,0,1
222342,2.48,52.0,80.0,0,0,,,2.64,2.29,13,13,0,35.0,86.0,2.477,3.4,1.0,2.52,,6,6,0,17.0,42.8,2.533,2.8,2.4,,,0,0,0,0.0,0.0,,,,,,0,0,0,0.0,0.0,,,,19,19,0,52.0,128.8,2.495,3.4,1.0,3,2.483,2,0,1
222373,1.97,48.0,40.0,1,0,,,2.21,2.09,13,12,1,35.0,75.1,2.131,3.4,0.0,1.63,,6,5,1,18.0,29.4,1.633,3.0,0.0,,,0,0,0,0.0,0.0,,,,,,0,0,0,0.0,0.0,,,,19,17,2,53.0,104.5,1.974,3.4,0.0,3,1.977,2,0,1
222374,2.23,49.0,0.0,0,0,,,2.43,2.03,13,12,1,35.0,77.8,2.246,4.0,0.0,2.25,,6,6,0,17.0,38.3,2.283,2.8,1.5,,,0,0,0,0.0,0.0,,,,,,0,0,0,0.0,0.0,,,,19,18,1,52.0,116.1,2.258,4.0,0.0,3,2.237,2,0,1
222406,2.23,52.0,80.0,0,0,,,2.01,2.5,13,12,1,35.0,79.2,2.285,4.0,0.0,1.98,,6,6,0,17.0,33.7,2.05,3.2,1.0,,,0,0,0,0.0,0.0,,,,,,0,0,0,0.0,0.0,,,,19,18,1,52.0,112.9,2.211,4.0,0.0,3,2.163,2,0,1
222407,2.16,52.0,70.0,0,0,,,2.13,2.19,13,13,0,35.0,75.6,2.162,3.4,1.0,2.16,,6,6,0,17.0,36.7,2.183,2.6,1.5,,,0,0,0,0.0,0.0,,,,,,0,0,0,0.0,0.0,,,,19,19,0,52.0,112.3,2.168,3.4,1.0,3,2.16,2,0,1
222442,2.39,53.0,70.0,0,0,,,2.25,2.52,13,13,0,35.0,83.6,2.408,4.0,1.5,2.4,,6,6,0,18.0,43.2,2.4,2.6,2.0,,,0,0,0,0.0,0.0,,,,,,0,0,0,0.0,0.0,,,,19,19,0,53.0,126.8,2.405,4.0,1.5,3,2.39,2,0,1
222447,2.72,53.0,70.0,0,0,,,2.52,2.62,13,13,0,35.0,90.0,2.538,4.0,1.0,2.97,,6,6,0,18.0,53.4,2.967,3.4,2.6,,,0,0,0,0.0,0.0,,,,,,0,0,0,0.0,0.0,,,,19,19,0,53.0,143.4,2.674,4.0,1.0,3,2.703,2,0,1
222458,2.5,53.0,70.0,0,0,,,2.22,2.97,13,13,0,35.0,91.3,2.608,4.0,1.0,2.28,,6,6,0,18.0,41.1,2.283,2.8,1.5,,,0,0,0,0.0,0.0,,,,,,0,0,0,0.0,0.0,,,,19,19,0,53.0,132.4,2.505,4.0,1.0,3,2.49,2,0,1
222462,2.3,52.0,80.0,0,0,,,2.55,2.12,13,12,1,35.0,81.6,2.338,3.7,0.0,1.88,,6,6,0,17.0,31.9,1.883,2.6,1.0,,,0,0,0,0.0,0.0,,,,,,0,0,0,0.0,0.0,,,,19,18,1,52.0,113.5,2.195,3.7,0.0,3,2.183,2,0,1
222497,2.09,49.0,70.0,1,0,,,1.65,2.4,11,11,0,32.0,64.1,1.973,3.0,1.0,2.26,,6,6,0,17.0,38.5,2.317,3.2,1.5,,,0,0,0,0.0,0.0,,,,,,0,0,0,0.0,0.0,,,,17,17,0,49.0,102.6,2.094,3.2,1.0,3,2.103,2,0,1
222512,2.09,49.0,70.0,1,0,,,1.93,2.08,11,11,0,32.0,64.0,2.0,3.2,1.0,2.25,,6,6,0,17.0,38.2,2.3,3.2,1.0,,,0,0,0,0.0,0.0,,,,,,0,0,0,0.0,0.0,,,,17,17,0,49.0,102.2,2.106,3.2,1.0,3,2.087,2,0,1
222516,3.11,55.0,30.0,0,0,,,2.91,3.17,13,13,0,35.0,106.6,3.046,3.7,2.0,3.22,,7,7,0,20.0,64.3,3.214,3.7,2.8,,,0,0,0,0.0,0.0,,,,,,0,0,0,0.0,0.0,,,,20,20,0,55.0,170.9,3.105,3.7,2.0,3,3.1,2,0,1
222522,2.46,50.0,70.0,0,0,,,2.16,1.91,13,11,2,35.0,71.1,2.077,3.7,0.0,2.42,,6,6,0,18.0,43.5,2.417,3.2,1.5,,,0,0,0,0.0,0.0,,,,,,0,0,0,0.0,0.0,,,,19,17,2,53.0,114.6,2.184,3.7,0.0,3,2.163,2,0,1
222525,2.42,49.0,110.0,0,0,,,2.36,2.09,13,12,1,35.0,77.7,2.277,3.7,0.0,2.85,,6,6,0,17.0,48.4,2.833,3.2,2.6,,,0,0,0,0.0,0.0,,,,,,0,0,0,0.0,0.0,,,,19,18,1,52.0,126.1,2.453,3.7,0.0,3,2.433,2,0,1
222547,2.8,53.0,40.0,0,0,,,2.79,3.15,13,13,0,35.0,104.2,2.977,4.0,1.5,2.47,,6,6,0,18.0,44.4,2.467,3.2,1.0,,,0,0,0,0.0,0.0,,,,,,0,0,0,0.0,0.0,,,,19,19,0,53.0,148.6,2.816,4.0,1.0,3,2.803,2,0,1
222586,3.13,58.0,70.0,0,0,,,3.16,3.21,14,14,0,38.0,121.1,3.171,3.7,2.4,3.04,,7,7,0,20.0,60.7,3.043,3.7,2.4,,,0,0,0,0.0,0.0,,,,,,0,0,0,0.0,0.0,,,,21,21,0,58.0,181.8,3.129,3.7,2.4,3,3.137,2,0,1
222612,1.84,49.0,100.0,3,0,,,1.79,1.48,11,10,1,32.0,52.7,1.664,3.2,0.0,1.96,,5,5,0,15.0,29.4,1.96,2.6,1.0,,,0,0,0,0.0,0.0,,,,,,0,0,0,0.0,0.0,,,,16,15,1,47.0,82.1,1.756,3.2,0.0,3,1.743,2,0,0
222622,2.88,53.0,110.0,0,0,,,2.78,2.89,13,13,0,35.0,99.3,2.823,4.0,2.0,2.97,,6,6,0,18.0,53.4,2.967,3.4,2.8,,,0,0,0,0.0,0.0,,,,,,0,0,0,0.0,0.0,,,,19,19,0,53.0,152.7,2.868,4.0,2.0,3,2.88,2,0,1
222630,2.38,50.0,70.0,1,0,,,1.8,2.88,11,11,0,32.0,73.8,2.282,4.0,1.0,2.5,,6,6,0,18.0,45.0,2.5,3.0,2.0,,,0,0,0,0.0,0.0,,,,,,0,0,0,0.0,0.0,,,,17,17,0,50.0,118.8,2.359,4.0,1.0,3,2.393,2,0,1
222653,2.37,52.0,70.0,0,0,,,2.63,2.53,13,13,0,35.0,90.3,2.577,4.0,1.0,1.93,,6,6,0,17.0,32.8,1.967,2.8,1.0,,,0,0,0,0.0,0.0,,,,,,0,0,0,0.0,0.0,,,,19,19,0,52.0,123.1,2.384,4.0,1.0,3,2.363,2,0,1
222656,2.55,53.0,80.0,0,0,,,2.48,2.19,13,11,2,35.0,81.5,2.3,3.4,0.0,2.45,,6,6,0,18.0,44.1,2.45,3.2,1.5,,,0,0,0,0.0,0.0,,,,,,0,0,0,0.0,0.0,,,,19,17,2,53.0,125.6,2.347,3.4,0.0,3,2.373,2,0,1
222674,2.36,49.0,70.0,0,0,,,2.46,2.33,13,12,1,35.0,83.9,2.446,3.7,0.0,1.86,,6,6,0,17.0,31.6,1.933,3.2,1.0,,,0,0,0,0.0,0.0,,,,,,0,0,0,0.0,0.0,,,,19,18,1,52.0,115.5,2.284,3.7,0.0,3,2.217,2,0,1
222678,1.99,50.0,70.0,3,0,,,1.91,1.96,11,10,1,32.0,61.9,1.936,3.7,0.0,1.92,,6,6,0,18.0,34.5,1.917,2.8,1.0,,,0,0,0,0.0,0.0,,,,,,0,0,0,0.0,0.0,,,,17,16,1,50.0,96.4,1.929,3.7,0.0,3,1.93,2,0,1
222689,2.5,53.0,100.0,0,0,,,2.38,2.69,13,13,0,35.0,88.9,2.546,3.7,1.5,2.42,,6,6,0,18.0,43.5,2.417,3.0,1.5,,,0,0,0,0.0,0.0,,,,,,0,0,0,0.0,0.0,,,,19,19,0,53.0,132.4,2.505,3.7,1.5,3,2.497,2,0,1
222692,2.12,49.0,70.0,2,0,,,1.65,1.78,11,10,1,32.0,54.7,1.718,3.4,0.0,2.4,,5,5,0,15.0,36.0,2.4,3.0,2.0,,,0,0,0,0.0,0.0,,,,,,0,0,0,0.0,0.0,,,,16,15,1,47.0,90.7,1.931,3.4,0.0,3,1.943,2,0,1
222694,1.99,53.0,30.0,1,0,,,2.06,2.22,13,13,0,35.0,75.1,2.154,3.7,1.0,1.7,,6,6,0,18.0,30.6,1.7,2.2,1.0,,,0,0,0,0.0,0.0,,,,,,0,0,0,0.0,0.0,,,,19,19,0,53.0,105.7,2.011,3.7,1.0,3,1.993,2,0,1
222700,1.93,50.0,70.0,2,0,,,2.04,1.69,13,13,0,35.0,65.1,1.846,3.0,1.0,2.1,,5,5,0,15.0,31.5,2.1,2.4,1.5,,,0,0,0,0.0,0.0,,,,,,0,0,0,0.0,0.0,,,,18,18,0,50.0,96.6,1.917,3.0,1.0,3,1.943,2,0,1
222729,2.02,54.0,70.0,1,0,,,1.74,2.48,11,11,0,32.0,66.8,2.055,3.4,1.0,1.8,,6,6,0,18.0,32.4,1.8,2.4,1.0,,,0,0,0,0.0,0.0,,,,,,0,0,0,0.0,0.0,,,,17,17,0,50.0,99.2,1.965,3.4,1.0,3,2.007,2,0,1
222731,2.0,53.0,70.0,1,0,,,2.1,2.3,13,13,0,35.0,77.1,2.169,3.7,1.0,1.6,,6,6,0,18.0,28.8,1.6,2.4,1.0,,,0,0,0,0.0,0.0,,,,,,0,0,0,0.0,0.0,,,,19,19,0,53.0,105.9,1.989,3.7,1.0,3,2.0,2,0,1
222746,2.14,41.0,80.0,2,0,,,1.45,2.4,11,9,2,32.0,60.6,1.882,4.0,0.0,2.24,,5,5,0,15.0,33.6,2.24,2.4,2.2,,,0,0,0,0.0,0.0,,,,,,0,0,0,0.0,0.0,,,,16,14,2,47.0,94.2,1.994,4.0,0.0,3,2.03,2,0,1
222760,2.2,53.0,30.0,1,0,,,,,0,0,0,0.0,0.0,,,,2.15,,6,6,0,18.0,38.7,2.15,2.4,1.5,,,0,0,0,0.0,0.0,,,,,,0,0,0,0.0,0.0,,,,6,6,0,18.0,38.7,2.15,2.4,1.5,1,2.15,1,0,1
222774,1.69,47.0,70.0,3,0,,,,,0,0,0,0.0,0.0,,,,1.82,,5,5,0,15.0,27.3,1.82,2.4,1.0,,,0,0,0,0.0,0.0,,,,,,0,0,0,0.0,0.0,,,,5,5,0,15.0,27.3,1.82,2.4,1.0,1,1.82,1,0,0
222776,2.01,48.0,70.0,1,0,,,1.72,2.6,11,11,0,32.0,68.3,2.1,3.4,1.0,1.66,,6,5,1,17.0,28.2,1.7,2.6,0.0,,,0,0,0,0.0,0.0,,,,,,0,0,0,0.0,0.0,,,,17,16,1,49.0,96.5,1.959,3.4,0.0,3,1.993,2,0,1
222806,2.12,53.0,110.0,0,0,,,2.08,2.03,13,13,0,35.0,71.8,2.108,3.4,1.0,2.27,,6,6,0,18.0,40.8,2.267,2.4,2.0,,,0,0,0,0.0,0.0,,,,,,0,0,0,0.0,0.0,,,,19,19,0,53.0,112.6,2.158,3.4,1.0,3,2.127,2,0,1
222827,2.13,50.0,70.0,0,0,,,,,0,0,0,0.0,0.0,,,,1.37,,6,5,1,18.0,24.6,1.367,2.2,0.0,,,0,0,0,0.0,0.0,,,,,,0,0,0,0.0,0.0,,,,6,5,1,18.0,24.6,1.367,2.2,0.0,1,1.37,1,0,1
222831,1.73,50.0,110.0,1,0,,,2.09,2.03,13,13,0,35.0,72.1,2.1,3.0,1.0,1.08,,6,5,1,18.0,19.5,1.083,2.0,0.0,,,0,0,0,0.0,0.0,,,,,,0,0,0,0.0,0.0,,,,19,18,1,53.0,91.6,1.779,3.0,0.0,3,1.733,2,0,1
222839,2.95,55.0,70.0,0,0,,,2.83,3.18,13,13,0,35.0,105.4,2.985,4.0,2.0,2.84,,7,7,0,20.0,56.8,2.857,3.2,2.4,,,0,0,0,0.0,0.0,,,,,,0,0,0,0.0,0.0,,,,20,20,0,55.0,162.2,2.94,4.0,2.0,3,2.95,2,0,1
222840,2.17,53.0,110.0,0,0,,,2.31,2.18,13,12,1,35.0,78.6,2.269,3.7,0.0,1.85,,6,6,0,18.0,33.3,1.85,2.2,1.0,,,0,0,0,0.0,0.0,,,,,,0,0,0,0.0,0.0,,,,19,18,1,53.0,111.9,2.137,3.7,0.0,3,2.113,2,0,1
222845,2.65,53.0,70.0,0,0,,,2.1,2.89,13,12,1,35.0,87.7,2.469,4.0,0.0,2.82,,6,6,0,18.0,50.7,2.817,3.7,2.0,,,0,0,0,0.0,0.0,,,,,,0,0,0,0.0,0.0,,,,19,18,1,53.0,138.4,2.579,4.0,0.0,3,2.603,2,0,1
222847,2.81,53.0,70.0,0,0,,,2.61,3.03,13,13,0,35.0,98.9,2.823,4.0,1.5,2.77,,6,6,0,18.0,49.8,2.767,3.0,2.2,,,0,0,0,0.0,0.0,,,,,,0,0,0,0.0,0.0,,,,19,19,0,53.0,148.7,2.805,4.0,1.5,3,2.803,2,0,1
222881,2.89,53.0,110.0,0,0,,,2.66,3.03,13,13,0,35.0,99.8,2.892,3.7,1.5,2.97,,6,6,0,18.0,53.4,2.967,3.4,2.4,,,0,0,0,0.0,0.0,,,,,,0,0,0,0.0,0.0,,,,19,19,0,53.0,153.2,2.916,3.7,1.5,3,2.887,2,0,1
222909,1.86,51.0,70.0,2,0,,,2.13,1.72,13,11,2,35.0,67.1,1.915,3.0,0.0,1.42,,6,6,0,18.0,25.5,1.417,2.0,1.0,,,0,0,0,0.0,0.0,,,,,,0,0,0,0.0,0.0,,,,19,17,2,53.0,92.6,1.758,3.0,0.0,3,1.757,2,0,1
222938,2.43,53.0,70.0,0,0,,,2.43,2.66,13,13,0,35.0,89.1,2.531,4.0,1.0,2.2,,6,6,0,18.0,39.6,2.2,2.8,1.5,,,0,0,0,0.0,0.0,,,,,,0,0,0,0.0,0.0,,,,19,19,0,53.0,128.7,2.426,4.0,1.0,3,2.43,2,0,1
222941,1.6,44.0,70.0,3,0,,,1.02,2.32,11,9,2,32.0,52.2,1.582,3.2,0.0,1.0,,5,4,1,15.0,15.0,1.0,2.0,0.0,,,0,0,0,0.0,0.0,,,,,,0,0,0,0.0,0.0,,,,16,13,3,47.0,67.2,1.4,3.2,0.0,3,1.447,2,0,0
222994,2.78,55.0,70.0,0,0,,,2.91,3.23,13,13,0,35.0,107.7,3.054,4.0,1.5,2.26,,7,7,0,20.0,45.2,2.257,3.0,1.0,,,0,0,0,0.0,0.0,,,,,,0,0,0,0.0,0.0,,,,20,20,0,55.0,152.9,2.775,4.0,1.0,3,2.8,2,0,1
223012,2.34,53.0,70.0,0,0,,,2.18,2.6,13,13,0,35.0,83.8,2.4,3.4,1.5,2.23,,6,6,0,18.0,40.2,2.233,2.8,1.0,,,0,0,0,0.0,0.0,,,,,,0,0,0,0.0,0.0,,,,19,19,0,53.0,124.0,2.347,3.4,1.0,3,2.337,2,0,1
223017,2.06,50.0,70.0,0,0,,,2.05,2.02,13,12,1,35.0,71.3,2.038,3.2,0.0,2.07,,6,6,0,17.0,35.2,2.067,2.8,1.0,,,0,0,0,0.0,0.0,,,,,,0,0,0,0.0,0.0,,,,19,18,1,52.0,106.5,2.047,3.2,0.0,3,2.047,2,0,1
223020,2.52,53.0,30.0,0,0,,,2.66,2.43,13,13,0,35.0,89.1,2.515,4.0,1.0,2.47,,6,6,0,18.0,44.4,2.467,3.4,2.0,,,0,0,0,0.0,0.0,,,,,,0,0,0,0.0,0.0,,,,19,19,0,53.0,133.5,2.5,4.0,1.0,3,2.52,2,0,1
223067,2.14,47.0,30.0,0,0,,,2.05,2.2,13,11,2,35.0,74.4,2.177,3.4,0.0,1.82,,6,6,0,18.0,32.7,1.817,2.2,1.0,,,0,0,0,0.0,0.0,,,,,,0,0,0,0.0,0.0,,,,19,17,2,53.0,107.1,2.063,3.4,0.0,3,2.023,2,0,1
223125,2.86,53.0,70.0,0,0,,,,,0,0,0,0.0,0.0,,,,2.62,,6,6,0,18.0,47.1,2.617,3.4,1.5,,,0,0,0,0.0,0.0,,,,,,0,0,0,0.0,0.0,,,,6,6,0,18.0,47.1,2.617,3.4,1.5,1,2.62,1,0,1
223135,2.07,47.0,110.0,2,0,,,,,0,0,0,0.0,0.0,,,,2.46,,5,5,0,15.0,36.9,2.46,3.0,1.5,,,0,0,0,0.0,0.0,,,,,,0,0,0,0.0,0.0,,,,5,5,0,15.0,36.9,2.46,3.0,1.5,1,2.46,1,0,1
223136,2.58,50.0,70.0,0,0,,,2.21,2.67,13,12,1,35.0,85.6,2.462,4.0,0.0,2.42,,6,6,0,18.0,43.5,2.417,3.0,1.5,,,0,0,0,0.0,0.0,,,,,,0,0,0,0.0,0.0,,,,19,18,1,53.0,129.1,2.447,4.0,0.0,3,2.433,2,0,1
223166,2.32,50.0,70.0,0,0,,,2.51,2.57,13,12,1,35.0,88.8,2.562,4.0,0.0,1.88,,6,6,0,18.0,33.9,1.883,2.6,1.0,,,0,0,0,0.0,0.0,,,,,,0,0,0,0.0,0.0,,,,19,18,1,53.0,122.7,2.347,4.0,0.0,3,2.32,2,0,1
223172,1.91,46.0,110.0,3,0,,,,,0,0,0,0.0,0.0,,,,1.54,,6,5,1,17.0,26.2,1.6,2.6,0.0,,,0,0,0,0.0,0.0,,,,,,0,0,0,0.0,0.0,,,,6,5,1,17.0,26.2,1.6,2.6,0.0,1,1.54,1,0,0
223203,2.22,49.0,110.0,1,0,,,1.85,2.38,11,11,0,32.0,67.1,2.1,3.7,1.0,2.46,,6,6,0,17.0,41.8,2.433,2.8,2.0,,,0,0,0,0.0,0.0,,,,,,0,0,0,0.0,0.0,,,,17,17,0,49.0,108.9,2.218,3.7,1.0,3,2.23,2,0,1
223231,3.04,58.0,80.0,0,0,,,3.12,3.14,14,14,0,38.0,119.0,3.15,4.0,1.5,2.88,,7,7,0,20.0,57.6,2.886,3.2,2.4,,,0,0,0,0.0,0.0,,,,,,0,0,0,0.0,0.0,,,,21,21,0,58.0,176.6,3.062,4.0,1.5,3,3.047,2,0,1
223274,2.81,57.0,110.0,0,0,,,2.74,3.01,13,13,0,35.0,100.7,2.854,3.7,2.0,2.38,,6,6,0,17.0,40.4,2.367,3.2,1.0,,,0,0,0,0.0,0.0,,,,,,0,0,0,0.0,0.0,,,,19,19,0,52.0,141.1,2.7,3.7,1.0,3,2.71,2,0,1
223289,2.06,50.0,70.0,0,0,,,2.21,1.87,13,12,1,35.0,71.2,2.092,3.2,0.0,2.12,,6,6,0,18.0,38.1,2.117,2.6,1.5,,,0,0,0,0.0,0.0,,,,,,0,0,0,0.0,0.0,,,,19,18,1,53.0,109.3,2.1,3.2,0.0,3,2.067,2,0,1
223292,2.7,56.0,110.0,0,0,,,2.57,2.75,13,13,0,35.0,93.2,2.677,3.7,1.5,2.6,,6,6,0,18.0,46.8,2.6,3.2,2.2,,,0,0,0,0.0,0.0,,,,,,0,0,0,0.0,0.0,,,,19,19,0,53.0,140.0,2.653,3.7,1.5,3,2.64,2,0,1
223294,2.44,53.0,70.0,0,0,,,2.87,2.31,13,13,0,35.0,90.3,2.592,4.0,1.0,2.17,,6,6,0,18.0,39.0,2.167,2.8,1.0,,,0,0,0,0.0,0.0,,,,,,0,0,0,0.0,0.0,,,,19,19,0,53.0,129.3,2.458,4.0,1.0,3,2.45,2,0,1
223297,2.24,50.0,140.0,1,0,,,1.78,2.76,11,11,0,32.0,71.7,2.218,3.4,1.0,2.23,,7,7,0,18.0,40.1,2.3,3.2,1.5,,,0,0,0,0.0,0.0,,,,,,0,0,0,0.0,0.0,,,,18,18,0,50.0,111.8,2.25,3.4,1.0,3,2.257,2,0,1
223301,2.05,45.0,70.0,1,0,,,1.89,2.38,11,10,1,32.0,67.9,2.118,3.7,0.0,1.64,,7,5,2,18.0,29.6,1.629,2.8,0.0,,,0,0,0,0.0,0.0,,,,,,0,0,0,0.0,0.0,,,,18,15,3,50.0,97.5,1.928,3.7,0.0,3,1.97,2,0,0
223325,2.93,52.0,110.0,0,0,,,2.79,2.96,13,13,0,35.0,100.8,2.9,4.0,1.5,3.02,,6,6,0,17.0,51.4,3.033,3.4,2.6,,,0,0,0,0.0,0.0,,,,,,0,0,0,0.0,0.0,,,,19,19,0,52.0,152.2,2.942,4.0,1.5,3,2.923,2,0,1
223327,1.78,44.0,70.0,3,0,,,1.93,1.68,11,9,2,32.0,58.0,1.836,4.0,0.0,1.5,,5,5,0,15.0,22.5,1.5,2.0,1.0,,,0,0,0,0.0,0.0,,,,,,0,0,0,0.0,0.0,,,,16,14,2,47.0,80.5,1.731,4.0,0.0,3,1.703,2,0,0
223329,1.74,44.0,110.0,3,0,,,1.46,1.2,11,8,3,32.0,42.9,1.3,2.6,0.0,2.17,,6,6,0,15.0,32.5,2.25,3.0,1.5,,,0,0,0,0.0,0.0,,,,,,0,0,0,0.0,0.0,,,,17,14,3,47.0,75.4,1.635,3.0,0.0,3,1.61,2,0,0
223331,1.62,50.0,70.0,2,0,,,2.01,1.37,13,13,0,35.0,58.9,1.715,3.2,1.0,1.48,,5,5,0,15.0,22.2,1.48,2.4,1.0,,,0,0,0,0.0,0.0,,,,,,0,0,0,0.0,0.0,,,,18,18,0,50.0,81.1,1.65,3.2,1.0,3,1.62,2,0,1
223332,2.02,48.0,70.0,0,0,,,,,0,0,0,0.0,0.0,,,,1.57,,6,6,0,18.0,28.2,1.567,2.4,1.0,,,0,0,0,0.0,0.0,,,,,,0,0,0,0.0,0.0,,,,6,6,0,18.0,28.2,1.567,2.4,1.0,1,1.57,1,0,1
223337,2.41,52.0,110.0,1,0,,,1.62,2.54,11,10,1,32.0,65.7,2.064,3.7,0.0,2.47,,6,6,0,17.0,42.0,2.5,3.0,1.0,,,0,0,0,0.0,0.0,,,,,,0,0,0,0.0,0.0,,,,17,16,1,49.0,107.7,2.218,3.7,0.0,3,2.21,2,0,1
223351,2.3,56.0,70.0,0,0,,,2.19,1.84,13,12,1,35.0,70.5,2.062,3.4,0.0,2.4,,6,6,0,18.0,43.2,2.4,2.8,2.2,,,0,0,0,0.0,0.0,,,,,,0,0,0,0.0,0.0,,,,19,18,1,53.0,113.7,2.168,3.4,0.0,3,2.143,2,0,1
223353,2.44,58.0,110.0,0,0,,,2.26,2.69,13,13,0,35.0,86.9,2.523,3.7,1.0,2.46,,6,6,0,17.0,41.9,2.517,3.4,1.5,,,0,0,0,0.0,0.0,,,,,,0,0,0,0.0,0.0,,,,19,19,0,52.0,128.8,2.521,3.7,1.0,3,2.47,2,0,1
223361,1.67,43.0,70.0,2,0,,,2.0,1.21,13,12,1,35.0,55.8,1.646,2.8,0.0,1.84,,5,4,1,14.0,25.8,1.92,3.0,0.0,,,0,0,0,0.0,0.0,,,,,,0,0,0,0.0,0.0,,,,18,16,2,49.0,81.6,1.722,3.0,0.0,3,1.683,2,0,1
223369,2.42,50.0,110.0,0,0,,,2.15,3.03,13,13,0,35.0,91.2,2.631,3.7,1.0,2.07,,6,5,1,18.0,37.2,2.067,3.2,0.0,,,0,0,0,0.0,0.0,,,,,,0,0,0,0.0,0.0,,,,19,18,1,53.0,128.4,2.453,3.7,0.0,3,2.417,2,0,1
223383,2.22,49.0,70.0,1,0,,,,,0,0,0,0.0,0.0,,,,2.12,,6,6,0,17.0,36.1,2.117,2.6,1.5,,,0,0,0,0.0,0.0,,,,,,0,0,0,0.0,0.0,,,,6,6,0,17.0,36.1,2.117,2.6,1.5,1,2.12,1,0,1
223385,2.41,50.0,70.0,0,0,,,2.55,2.51,13,13,0,35.0,88.5,2.523,3.7,1.5,2.17,,6,5,1,18.0,39.0,2.167,3.0,0.0,,,0,0,0,0.0,0.0,,,,,,0,0,0,0.0,0.0,,,,19,18,1,53.0,127.5,2.411,3.7,0.0,3,2.41,2,0,1
223397,2.95,58.0,110.0,0,0,,,3.0,3.13,14,14,0,38.0,116.8,3.05,4.0,2.2,2.71,,7,7,0,20.0,54.2,2.714,3.2,2.2,,,0,0,0,0.0,0.0,,,,,,0,0,0,0.0,0.0,,,,21,21,0,58.0,171.0,2.938,4.0,2.2,3,2.947,2,0,1
223410,2.37,53.0,70.0,0,0,,,2.41,2.18,13,13,0,35.0,80.1,2.269,3.2,1.0,2.52,,6,6,0,18.0,45.3,2.517,3.0,1.5,,,0,0,0,0.0,0.0,,,,,,0,0,0,0.0,0.0,,,,19,19,0,53.0,125.4,2.347,3.2,1.0,3,2.37,2,0,1
223412,1.93,53.0,70.0,2,0,,,1.95,2.19,13,13,0,35.0,72.7,2.046,3.7,1.0,1.65,,6,6,0,18.0,29.7,1.65,2.2,1.0,,,0,0,0,0.0,0.0,,,,,,0,0,0,0.0,0.0,,,,19,19,0,53.0,102.4,1.921,3.7,1.0,3,1.93,2,0,1
223414,2.13,52.0,70.0,0,0,,,2.21,2.1,13,13,0,35.0,75.4,2.162,3.2,1.0,2.07,,6,6,0,17.0,35.2,2.1,2.6,1.5,,,0,0,0,0.0,0.0,,,,,,0,0,0,0.0,0.0,,,,19,19,0,52.0,110.6,2.142,3.2,1.0,3,2.127,2,0,1
223423,2.09,53.0,110.0,0,0,,,2.04,2.29,13,13,0,35.0,75.9,2.177,4.0,1.0,1.95,,6,6,0,18.0,35.1,1.95,2.4,1.0,,,0,0,0,0.0,0.0,,,,,,0,0,0,0.0,0.0,,,,19,19,0,53.0,111.0,2.105,4.0,1.0,3,2.093,2,0,1
223439,2.28,52.0,70.0,0,0,,,2.54,2.62,13,13,0,35.0,90.3,2.554,3.7,1.0,1.65,,6,6,0,17.0,28.1,1.683,2.4,1.0,,,0,0,0,0.0,0.0,,,,,,0,0,0,0.0,0.0,,,,19,19,0,52.0,118.4,2.279,3.7,1.0,3,2.27,2,0,1
223441,2.67,50.0,110.0,0,0,,,2.65,2.3,13,12,1,35.0,86.5,2.5,3.4,0.0,3.05,,6,6,0,18.0,54.9,3.05,3.7,2.0,,,0,0,0,0.0,0.0,,,,,,0,0,0,0.0,0.0,,,,19,18,1,53.0,141.4,2.674,3.7,0.0,3,2.667,2,0,1
223455,2.63,53.0,110.0,0,0,,,2.62,2.82,13,13,0,35.0,95.3,2.731,4.0,1.5,2.45,,6,6,0,18.0,44.1,2.45,2.8,1.5,,,0,0,0,0.0,0.0,,,,,,0,0,0,0.0,0.0,,,,19,19,0,53.0,139.4,2.642,4.0,1.5,3,2.63,2,0,1
223468,2.09,45.0,70.0,1,0,,,2.24,1.7,13,11,2,35.0,68.6,1.969,4.0,0.0,2.4,,5,5,0,15.0,36.0,2.4,2.6,2.0,,,0,0,0,0.0,0.0,,,,,,0,0,0,0.0,0.0,,,,18,16,2,50.0,104.6,2.089,4.0,0.0,3,2.113,2,0,1
223474,2.19,53.0,70.0,0,0,,,2.35,1.99,13,13,0,35.0,75.7,2.177,3.2,1.0,2.23,,6,6,0,18.0,40.2,2.233,3.0,1.0,,,0,0,0,0.0,0.0,,,,,,0,0,0,0.0,0.0,,,,19,19,0,53.0,115.9,2.195,3.2,1.0,3,2.19,2,0,1
223484,2.25,53.0,70.0,0,0,,,2.11,2.36,13,13,0,35.0,78.4,2.185,3.7,1.0,2.27,,6,6,0,18.0,40.8,2.267,2.4,2.2,,,0,0,0,0.0,0.0,,,,,,0,0,0,0.0,0.0,,,,19,19,0,53.0,119.2,2.211,3.7,1.0,3,2.247,2,0,1
223485,2.0,41.0,70.0,2,0,,,1.6,2.34,11,10,1,32.0,62.3,1.918,4.0,0.0,1.72,,5,4,1,15.0,25.8,1.72,3.2,0.0,,,0,0,0,0.0,0.0,,,,,,0,0,0,0.0,0.0,,,,16,14,2,47.0,88.1,1.856,4.0,0.0,3,1.887,2,0,0
223493,2.6,53.0,110.0,0,0,,,2.45,2.8,13,13,0,35.0,92.1,2.638,3.4,1.5,2.53,,6,6,0,18.0,45.6,2.533,3.0,2.2,,,0,0,0,0.0,0.0,,,,,,0,0,0,0.0,0.0,,,,19,19,0,53.0,137.7,2.605,3.4,1.5,3,2.593,2,0,1
223508,2.86,53.0,70.0,0,0,,,2.53,2.58,13,12,1,35.0,89.4,2.6,4.0,0.0,3.1,,6,6,0,18.0,55.8,3.1,3.4,2.8,,,0,0,0,0.0,0.0,,,,,,0,0,0,0.0,0.0,,,,19,18,1,53.0,145.2,2.758,4.0,0.0,3,2.737,2,0,1
223513,2.79,56.0,110.0,0,0,,,2.68,2.91,13,13,0,35.0,97.9,2.777,3.7,1.5,2.57,,6,6,0,18.0,46.2,2.567,3.2,2.2,,,0,0,0,0.0,0.0,,,,,,0,0,0,0.0,0.0,,,,19,19,0,53.0,144.1,2.711,3.7,1.5,3,2.72,2,0,1
223516,2.29,51.0,70.0,0,0,,,2.11,2.31,13,12,1,35.0,77.5,2.208,3.7,0.0,2.43,,6,6,0,18.0,43.8,2.433,3.0,2.0,,,0,0,0,0.0,0.0,,,,,,0,0,0,0.0,0.0,,,,19,18,1,53.0,121.3,2.279,3.7,0.0,3,2.283,2,0,1
223533,2.47,53.0,70.0,0,0,,,2.32,2.88,13,13,0,35.0,91.4,2.6,3.7,1.5,2.18,,6,6,0,18.0,39.3,2.183,2.6,1.5,,,0,0,0,0.0,0.0,,,,,,0,0,0,0.0,0.0,,,,19,19,0,53.0,130.7,2.468,3.7,1.5,3,2.46,2,0,1
223549,2.28,53.0,110.0,0,0,,,2.08,2.31,13,13,0,35.0,76.9,2.185,4.0,1.0,2.4,,6,6,0,18.0,43.2,2.4,2.8,2.0,,,0,0,0,0.0,0.0,,,,,,0,0,0,0.0,0.0,,,,19,19,0,53.0,120.1,2.253,4.0,1.0,3,2.263,2,0,1
223570,1.95,47.0,70.0,3,0,,,1.84,2.1,11,11,0,32.0,62.7,1.945,3.0,1.0,1.94,,5,5,0,15.0,29.1,1.94,2.2,1.5,,,0,0,0,0.0,0.0,,,,,,0,0,0,0.0,0.0,,,,16,16,0,47.0,91.8,1.944,3.0,1.0,3,1.96,2,0,0
223572,2.65,53.0,70.0,0,0,,,2.34,2.68,13,13,0,35.0,87.9,2.5,4.0,1.0,2.92,,6,6,0,18.0,52.5,2.917,3.7,2.2,,,0,0,0,0.0,0.0,,,,,,0,0,0,0.0,0.0,,,,19,19,0,53.0,140.4,2.632,4.0,1.0,3,2.647,2,0,1
223583,2.72,53.0,110.0,0,0,,,2.48,2.72,13,12,1,35.0,91.2,2.577,4.0,0.0,2.63,,6,6,0,18.0,47.4,2.633,3.4,2.2,,,0,0,0,0.0,0.0,,,,,,0,0,0,0.0,0.0,,,,19,18,1,53.0,138.6,2.595,4.0,0.0,3,2.61,2,0,1
223595,2.32,53.0,70.0,0,0,,,2.61,1.87,13,12,1,35.0,77.9,2.177,3.2,0.0,2.4,,6,6,0,18.0,43.2,2.4,2.8,2.0,,,0,0,0,0.0,0.0,,,,,,0,0,0,0.0,0.0,,,,19,18,1,53.0,121.1,2.247,3.2,0.0,3,2.293,2,0,1
223602,1.86,41.0,70.0,3,0,,,1.92,1.28,11,9,2,32.0,51.8,1.636,3.0,0.0,2.36,,5,5,0,15.0,35.4,2.36,2.6,2.2,,,0,0,0,0.0,0.0,,,,,,0,0,0,0.0,0.0,,,,16,14,2,47.0,87.2,1.862,3.0,0.0,3,1.853,2,0,0
223615,2.16,53.0,80.0,0,0,,,2.12,2.12,13,13,0,35.0,74.2,2.069,3.4,1.0,2.23,,6,6,0,18.0,40.2,2.233,2.6,2.0,,,0,0,0,0.0,0.0,,,,,,0,0,0,0.0,0.0,,,,19,19,0,53.0,114.4,2.121,3.4,1.0,3,2.157,2,0,1
223624,2.37,53.0,110.0,1,0,,,1.99,2.63,13,13,0,35.0,81.3,2.338,4.0,1.0,2.47,,6,6,0,18.0,44.4,2.467,3.0,2.0,,,0,0,0,0.0,0.0,,,,,,0,0,0,0.0,0.0,,,,19,19,0,53.0,125.7,2.379,4.0,1.0,3,2.363,2,0,1
223632,1.98,50.0,110.0,2,0,,,1.81,2.44,11,11,0,32.0,67.3,2.1,3.2,1.0,1.77,,6,6,0,18.0,31.8,1.767,2.4,1.5,,,0,0,0,0.0,0.0,,,,,,0,0,0,0.0,0.0,,,,17,17,0,50.0,99.1,1.982,3.2,1.0,3,2.007,2,0,1
223652,2.62,53.0,110.0,0,0,,,2.55,2.9,13,13,0,35.0,95.6,2.708,4.0,1.5,2.42,,6,6,0,18.0,43.5,2.417,3.0,1.5,,,0,0,0,0.0,0.0,,,,,,0,0,0,0.0,0.0,,,,19,19,0,53.0,139.1,2.616,4.0,1.5,3,2.623,2,0,1
223660,2.43,53.0,110.0,0,0,,,2.45,2.42,13,13,0,35.0,85.1,2.492,4.0,1.0,2.42,,6,6,0,18.0,43.5,2.417,3.0,1.5,,,0,0,0,0.0,0.0,,,,,,0,0,0,0.0,0.0,,,,19,19,0,53.0,128.6,2.468,4.0,1.0,3,2.43,2,0,1
223662,1.84,46.0,70.0,3,0,,,1.54,2.02,11,9,2,32.0,56.4,1.755,3.4,0.0,1.48,,5,5,0,15.0,22.2,1.48,2.4,1.0,,,0,0,0,0.0,0.0,,,,,,0,0,0,0.0,0.0,,,,16,14,2,47.0,78.6,1.669,3.4,0.0,3,1.68,2,0,0
223667,2.54,53.0,70.0,0,0,,,2.47,2.52,13,13,0,35.0,87.4,2.508,3.4,2.0,2.63,,6,6,0,18.0,47.4,2.633,3.4,2.0,,,0,0,0,0.0,0.0,,,,,,0,0,0,0.0,0.0,,,,19,19,0,53.0,134.8,2.547,3.4,2.0,3,2.54,2,0,1
223679,2.09,48.0,70.0,0,0,,,2.61,1.56,13,11,2,35.0,72.3,2.069,3.7,0.0,2.13,,6,6,0,18.0,38.4,2.133,2.8,1.5,,,0,0,0,0.0,0.0,,,,,,0,0,0,0.0,0.0,,,,19,17,2,53.0,110.7,2.089,3.7,0.0,3,2.1,2,0,1
223693,1.87,50.0,80.0,3,0,,,,,0,0,0,0.0,0.0,,,,1.72,,5,5,0,15.0,25.8,1.72,2.4,1.0,,,0,0,0,0.0,0.0,,,,,,0,0,0,0.0,0.0,,,,5,5,0,15.0,25.8,1.72,2.4,1.0,1,1.72,1,0,0
223707,2.21,49.0,110.0,0,0,,,,,0,0,0,0.0,0.0,,,,1.57,,6,5,1,17.0,26.7,1.567,2.2,0.0,,,0,0,0,0.0,0.0,,,,,,0,0,0,0.0,0.0,,,,6,5,1,17.0,26.7,1.567,2.2,0.0,1,1.57,1,0,1
223716,2.55,53.0,110.0,0,0,,,2.33,3.01,13,13,0,35.0,93.8,2.646,4.0,1.0,2.28,,6,6,0,18.0,41.1,2.283,2.8,1.5,,,0,0,0,0.0,0.0,,,,,,0,0,0,0.0,0.0,,,,19,19,0,53.0,134.9,2.532,4.0,1.0,3,2.54,2,0,1
223815,3.06,58.0,110.0,0,0,,,,,0,0,0,0.0,0.0,,,,2.89,,7,7,0,20.0,57.8,2.914,3.4,2.4,,,0,0,0,0.0,0.0,,,,,,0,0,0,0.0,0.0,,,,7,7,0,20.0,57.8,2.914,3.4,2.4,1,2.89,1,0,1
223831,2.29,53.0,110.0,1,0,,,2.24,1.42,13,12,1,35.0,63.6,1.9,3.4,0.0,2.8,,6,6,0,18.0,50.4,2.8,3.0,2.4,,,0,0,0,0.0,0.0,,,,,,0,0,0,0.0,0.0,,,,19,18,1,53.0,114.0,2.184,3.4,0.0,3,2.153,2,0,1
223832,2.82,53.0,110.0,0,0,,,2.68,2.94,13,13,0,35.0,98.6,2.838,4.0,1.0,2.83,,6,6,0,18.0,51.0,2.833,3.0,2.4,,,0,0,0,0.0,0.0,,,,,,0,0,0,0.0,0.0,,,,19,19,0,53.0,149.6,2.837,4.0,1.0,3,2.817,2,0,1
223834,2.48,53.0,110.0,0,0,,,2.73,2.62,13,13,0,35.0,93.6,2.685,4.0,1.0,2.1,,6,6,0,18.0,37.8,2.1,2.6,1.5,,,0,0,0,0.0,0.0,,,,,,0,0,0,0.0,0.0,,,,19,19,0,53.0,131.4,2.5,4.0,1.0,3,2.483,2,0,1
223838,2.86,53.0,70.0,0,0,,,2.87,3.09,13,13,0,35.0,104.4,2.977,4.0,2.0,2.63,,6,6,0,18.0,47.4,2.633,3.0,2.2,,,0,0,0,0.0,0.0,,,,,,0,0,0,0.0,0.0,,,,19,19,0,53.0,151.8,2.868,4.0,2.0,3,2.863,2,0,1
223853,2.86,53.0,30.0,0,0,,,2.54,3.03,13,13,0,35.0,97.7,2.769,4.0,1.0,3.0,,6,6,0,18.0,54.0,3.0,3.4,2.6,,,0,0,0,0.0,0.0,,,,,,0,0,0,0.0,0.0,,,,19,19,0,53.0,151.7,2.842,4.0,1.0,3,2.857,2,0,1
223886,2.1,47.0,110.0,2,0,,,,,0,0,0,0.0,0.0,,,,2.36,,5,5,0,15.0,35.4,2.36,2.8,2.0,,,0,0,0,0.0,0.0,,,,,,0,0,0,0.0,0.0,,,,5,5,0,15.0,35.4,2.36,2.8,2.0,1,2.36,1,0,1
223901,2.19,47.0,60.0,2,0,,,1.02,2.58,12,9,3,32.0,56.1,1.808,3.2,0.0,2.32,,6,6,0,18.0,41.7,2.317,2.6,1.5,,,0,0,0,0.0,0.0,,,,,,0,0,0,0.0,0.0,,,,18,15,3,50.0,97.8,1.978,3.2,0.0,3,1.973,2,0,1
223905,3.1,57.0,70.0,0,0,,,3.19,3.16,14,14,0,38.0,120.5,3.193,4.0,2.6,2.95,,7,7,0,19.0,56.1,2.929,3.7,2.4,,,0,0,0,0.0,0.0,,,,,,0,0,0,0.0,0.0,,,,21,21,0,57.0,176.6,3.105,4.0,2.4,3,3.1,2,0,1
223914,1.89,53.0,70.0,1,0,,,2.19,1.87,13,12,1,35.0,70.9,1.992,3.4,0.0,1.52,,6,6,0,18.0,27.3,1.517,2.6,1.0,,,0,0,0,0.0,0.0,,,,,,0,0,0,0.0,0.0,,,,19,18,1,53.0,98.2,1.842,3.4,0.0,3,1.86,2,0,1
223918,2.61,53.0,70.0,0,0,,,2.68,2.34,13,13,0,35.0,87.7,2.554,3.7,1.0,2.8,,6,6,0,18.0,50.4,2.8,3.2,2.0,,,0,0,0,0.0,0.0,,,,,,0,0,0,0.0,0.0,,,,19,19,0,53.0,138.1,2.632,3.7,1.0,3,2.607,2,0,1
223920,2.2,53.0,40.0,0,0,,,2.2,2.62,13,12,1,35.0,84.6,2.338,4.0,0.0,1.67,,6,6,0,18.0,30.0,1.667,2.6,1.0,,,0,0,0,0.0,0.0,,,,,,0,0,0,0.0,0.0,,,,19,18,1,53.0,114.6,2.126,4.0,0.0,3,2.163,2,0,1
223961,1.92,47.0,70.0,3,0,,,1.85,1.96,11,11,0,32.0,60.9,1.918,3.0,1.0,1.96,,5,5,0,15.0,29.4,1.96,2.4,1.0,,,0,0,0,0.0,0.0,,,,,,0,0,0,0.0,0.0,,,,16,16,0,47.0,90.3,1.931,3.0,1.0,3,1.923,2,0,0
223985,1.94,46.0,30.0,2,0,,,,,0,0,0,0.0,0.0,,,,1.71,,6,5,1,17.0,29.0,1.733,2.6,0.0,,,0,0,0,0.0,0.0,,,,,,0,0,0,0.0,0.0,,,,6,5,1,17.0,29.0,1.733,2.6,0.0,1,1.71,1,0,1
224051,1.72,47.0,110.0,2,0,,,2.05,1.41,13,11,2,35.0,60.2,1.715,3.4,0.0,1.14,,5,4,1,15.0,17.1,1.14,2.2,0.0,,,0,0,0,0.0,0.0,,,,,,0,0,0,0.0,0.0,,,,18,15,3,50.0,77.3,1.556,3.4,0.0,3,1.533,2,0,1
224085,2.54,58.0,110.0,0,0,,,2.34,2.7,14,14,0,37.0,93.8,2.621,4.0,1.0,2.55,,6,6,0,18.0,45.9,2.55,3.0,1.5,,,0,0,0,0.0,0.0,,,,,,0,0,0,0.0,0.0,,,,20,20,0,55.0,139.7,2.6,4.0,1.0,3,2.53,2,0,1
