student_id,cumulative_gpa,academic_hours,training_hours,total_warnings_max,consecutive_warnings_max,military_education,graduation_status,year1_fall_gpa,year1_spring_gpa,year1_total_courses,year1_passed_courses,year1_failed_courses,year1_credits,year1_points,year1_avg_grade,year1_max_grade,year1_min_grade,year2_fall_gpa,year2_spring_gpa,year2_total_courses,year2_passed_courses,year2_failed_courses,year2_credits,year2_points,year2_avg_grade,year2_max_grade,year2_min_grade,year3_fall_gpa,year3_spring_gpa,year3_total_courses,year3_passed_courses,year3_failed_courses,year3_credits,year3_points,year3_avg_grade,year3_max_grade,year3_min_grade,year4_fall_gpa,year4_spring_gpa,year4_total_courses,year4_passed_courses,year4_failed_courses,year4_credits,year4_points,year4_avg_grade,year4_max_grade,year4_min_grade,total_courses,passed_courses,failed_courses,total_credits_all_years,total_points_all_years,avg_numeric_grade,highest_grade,lowest_grade,semester_gpa_count,overall_semester_gpa_avg,years_available,complete_four_year_record,delayed_progression
210142,2.29,106.0,130.0,1,0,,,2.15,1.79,13,12,1,35.0,68.8,1.938,2.6,0.0,2.07,,6,6,0,18.0,37.2,2.067,2.6,1.0,2.44,2.67,12,12,0,36.0,91.9,2.558,3.4,1.0,,,0,0,0,0.0,0.0,,,,31,30,1,89.0,197.9,2.203,3.4,0.0,5,2.224,3,0,0.0
210174,1.81,85.0,110.0,3,3,,,2.21,2.3,13,13,0,35.0,79.0,2.3,3.4,1.0,2.0,,6,6,0,18.0,36.0,2.0,2.6,1.0,1.36,1.1,10,7,3,30.0,36.9,1.23,2.8,0.0,,,0,0,0,0.0,0.0,,,,29,26,3,83.0,151.9,1.869,3.4,0.0,5,1.794,3,0,1.0
210389,3.09,109.0,100.0,0,0,,,2.49,3.11,13,13,0,35.0,98.3,2.862,3.7,1.0,2.65,,6,6,0,18.0,47.7,2.65,3.7,1.0,3.63,3.17,13,13,0,39.0,131.9,3.385,4.0,2.2,,,0,0,0,0.0,0.0,,,,32,32,0,92.0,277.9,3.034,4.0,1.0,5,3.01,3,0,0.0
210430,2.78,103.0,170.0,0,0,,,2.55,3.19,13,13,0,35.0,100.7,2.908,4.0,1.5,2.57,,6,6,0,18.0,46.2,2.567,2.8,2.2,3.03,2.45,11,11,0,33.0,91.4,2.773,3.7,1.5,,,0,0,0,0.0,0.0,,,,30,30,0,86.0,238.3,2.79,4.0,1.5,5,2.758,3,0,0.0
210464,2.45,100.0,200.0,3,0,,,1.75,1.94,11,11,0,32.0,58.8,1.827,3.7,1.0,1.84,,5,4,1,14.0,25.8,1.72,2.4,0.0,2.73,2.93,12,12,0,36.0,101.9,2.833,3.4,2.2,,,0,0,0,0.0,0.0,,,,28,27,1,82.0,186.5,2.239,3.7,0.0,5,2.238,3,0,0.0
210474,2.24,100.0,100.0,1,0,,,1.96,2.19,13,12,1,35.0,72.9,2.092,3.7,0.0,2.17,,6,6,0,18.0,39.0,2.167,2.8,1.0,2.33,1.58,12,11,1,36.0,70.3,1.958,3.7,0.0,,,0,0,0,0.0,0.0,,,,31,29,2,89.0,182.2,2.055,3.7,0.0,5,2.046,3,0,0.0
210520,2.5,108.0,200.0,0,0,,,2.21,2.9,13,13,0,35.0,89.8,2.577,4.0,1.5,1.92,,6,6,0,17.0,32.7,1.9,2.2,1.5,2.33,3.2,12,11,1,36.0,99.6,2.767,3.4,0.0,,,0,0,0,0.0,0.0,,,,31,30,1,88.0,222.1,2.519,4.0,0.0,5,2.512,3,0,0.0
210621,2.16,106.0,170.0,1,0,,,2.0,1.96,13,11,2,35.0,69.3,1.946,3.7,0.0,1.77,,6,6,0,18.0,31.8,1.767,2.2,1.0,2.46,1.95,12,12,0,36.0,79.3,2.208,3.4,1.5,,,0,0,0,0.0,0.0,,,,31,29,2,89.0,180.4,2.013,3.7,0.0,5,2.028,3,0,0.0
210651,2.21,104.0,170.0,1,0,,,2.3,1.69,13,12,1,35.0,69.6,1.969,3.2,0.0,2.1,,5,5,0,15.0,31.5,2.1,2.4,1.5,2.62,2.22,12,12,0,36.0,87.1,2.433,3.2,1.0,,,0,0,0,0.0,0.0,,,,30,29,1,86.0,188.2,2.177,3.2,0.0,5,2.186,3,0,0.0
210723,2.25,95.0,100.0,1,0,,,2.01,1.53,13,11,2,35.0,61.7,1.769,3.0,0.0,2.36,,5,5,0,15.0,35.4,2.36,2.6,2.2,2.76,2.29,12,11,1,36.0,90.9,2.533,3.2,0.0,,,0,0,0,0.0,0.0,,,,30,27,3,86.0,188.0,2.173,3.2,0.0,5,2.19,3,0,0.0
210749,2.53,106.0,140.0,0,0,,,2.32,2.83,13,13,0,35.0,90.4,2.623,4.0,2.0,2.32,,6,6,0,18.0,41.7,2.317,2.8,1.5,2.63,2.04,12,11,1,36.0,84.2,2.342,3.4,0.0,,,0,0,0,0.0,0.0,,,,31,30,1,89.0,216.3,2.455,4.0,0.0,5,2.428,3,0,0.0
210758,2.6,97.0,60.0,3,0,,,,,0,0,0,0.0,0.0,,,,1.84,,5,5,0,15.0,27.6,1.84,2.2,1.5,3.32,2.98,12,12,0,36.0,113.4,3.15,3.7,2.2,,,0,0,0,0.0,0.0,,,,17,17,0,51.0,141.0,2.765,3.7,1.5,3,2.713,2,0,0.0
210778,3.08,109.0,160.0,0,0,,,2.64,3.22,13,13,0,35.0,102.8,2.954,4.0,2.0,2.8,,6,6,0,18.0,50.4,2.8,3.2,2.4,3.28,3.28,13,13,0,39.0,127.9,3.285,3.7,2.6,,,0,0,0,0.0,0.0,,,,32,32,0,92.0,281.1,3.059,4.0,2.0,5,3.044,3,0,0.0
210890,2.16,97.0,0.0,1,0,,,,,0,0,0,0.0,0.0,,,,1.07,,7,5,2,18.0,19.3,1.129,2.4,0.0,2.34,2.11,12,10,2,35.0,78.0,2.233,3.7,0.0,,,0,0,0,0.0,0.0,,,,19,15,4,53.0,97.3,1.826,3.7,0.0,3,1.84,2,0,0.0
210914,2.19,99.0,170.0,3,0,,,1.72,2.53,10,10,0,29.0,59.5,2.07,3.4,1.0,1.17,,6,5,1,18.0,21.0,1.167,2.0,0.0,2.4,2.13,12,11,1,36.0,81.5,2.267,3.0,0.0,,,0,0,0,0.0,0.0,,,,28,26,2,83.0,162.0,1.961,3.4,0.0,5,1.99,3,0,0.0
210955,2.36,101.0,100.0,1,0,,,1.97,2.28,13,12,1,35.0,74.5,2.115,4.0,0.0,2.6,,6,6,0,18.0,46.8,2.6,3.2,2.0,2.73,1.68,12,11,1,36.0,79.4,2.208,3.4,0.0,,,0,0,0,0.0,0.0,,,,31,29,2,89.0,200.7,2.245,4.0,0.0,5,2.252,3,0,0.0
210964,2.39,100.0,100.0,1,0,,,2.09,2.19,13,13,0,35.0,74.9,2.146,3.2,1.0,1.6,,6,5,1,18.0,28.8,1.6,2.2,0.0,2.73,2.65,12,12,0,36.0,96.9,2.692,3.7,1.5,,,0,0,0,0.0,0.0,,,,31,30,1,89.0,200.6,2.252,3.7,0.0,5,2.252,3,0,0.0
211035,2.52,111.0,170.0,0,0,,,2.04,3.0,13,13,0,35.0,88.7,2.562,4.0,1.0,1.71,,6,6,0,17.0,29.0,1.667,2.6,1.0,2.55,2.42,12,12,0,36.0,89.5,2.492,3.7,1.0,,,0,0,0,0.0,0.0,,,,31,31,0,88.0,207.2,2.361,4.0,1.0,5,2.344,3,0,0.0
211373,2.09,100.0,100.0,2,0,,,1.32,2.08,12,9,3,32.0,53.6,1.8,3.2,0.0,2.14,,5,5,0,15.0,32.1,2.14,2.8,1.5,2.2,1.68,12,11,1,36.0,69.9,1.942,3.4,0.0,,,0,0,0,0.0,0.0,,,,29,25,4,83.0,155.6,1.917,3.4,0.0,5,1.884,3,0,0.0
211411,2.43,109.0,100.0,1,0,,,1.92,2.12,11,11,0,32.0,64.5,2.045,3.4,1.0,2.5,,6,6,0,18.0,45.0,2.5,3.0,2.0,2.73,2.26,12,12,0,36.0,89.8,2.5,3.0,1.0,,,0,0,0,0.0,0.0,,,,29,29,0,86.0,199.3,2.328,3.4,1.0,5,2.306,3,0,0.0
211633,2.34,106.0,130.0,0,0,,,2.11,2.54,13,13,0,35.0,81.6,2.315,3.2,1.0,2.23,,6,6,0,18.0,40.2,2.233,2.8,1.0,2.54,2.38,12,12,0,36.0,88.7,2.467,3.7,1.5,,,0,0,0,0.0,0.0,,,,31,31,0,89.0,210.5,2.358,3.7,1.0,5,2.36,3,0,0.0
211816,2.03,103.0,140.0,3,0,,,2.11,1.78,13,11,2,35.0,67.9,1.885,3.0,0.0,1.17,,6,5,1,18.0,21.0,1.167,2.0,0.0,1.82,2.15,12,11,1,36.0,71.4,1.983,3.2,0.0,,,0,0,0,0.0,0.0,,,,31,27,4,89.0,160.3,1.784,3.2,0.0,5,1.806,3,0,0.0
211930,2.28,111.0,110.0,0,0,,,2.04,2.46,13,13,0,35.0,78.9,2.285,3.4,1.5,1.98,,6,6,0,17.0,33.6,1.95,3.0,1.5,2.08,2.57,12,12,0,36.0,83.7,2.325,3.2,1.0,,,0,0,0,0.0,0.0,,,,31,31,0,88.0,196.2,2.235,3.4,1.0,5,2.226,3,0,0.0
211943,2.23,91.0,70.0,3,0,,,2.01,1.63,13,12,1,35.0,63.4,1.846,2.8,0.0,1.84,,5,5,0,15.0,27.6,1.84,2.2,1.5,2.63,2.73,11,11,0,33.0,88.6,2.691,3.7,1.5,,,0,0,0,0.0,0.0,,,,29,28,1,83.0,179.6,2.166,3.7,0.0,5,2.168,3,0,0.0
212157,2.39,104.0,130.0,1,0,,,1.57,2.8,11,10,1,32.0,68.7,2.082,4.0,0.0,2.03,,6,6,0,17.0,34.5,2.05,2.8,1.0,2.69,2.29,12,12,0,36.0,89.8,2.5,3.4,1.0,,,0,0,0,0.0,0.0,,,,29,28,1,85.0,193.0,2.248,4.0,0.0,5,2.276,3,0,0.0
212170,2.83,105.0,100.0,1,0,,,1.89,2.96,11,11,0,32.0,76.6,2.382,4.0,1.5,2.53,,6,6,0,18.0,45.6,2.533,3.0,2.0,3.26,3.4,12,12,0,36.0,119.9,3.333,4.0,2.6,,,0,0,0,0.0,0.0,,,,29,29,0,86.0,242.1,2.807,4.0,1.5,5,2.808,3,0,0.0
212264,2.13,94.0,70.0,0,0,,,2.61,2.69,13,13,0,35.0,92.8,2.6,4.0,1.5,2.2,,6,6,0,17.0,37.4,2.233,3.0,1.0,1.43,1.68,12,9,3,36.0,56.0,1.558,2.8,0.0,,,0,0,0,0.0,0.0,,,,31,28,3,88.0,186.2,2.126,4.0,0.0,5,2.122,3,0,0.0
212297,2.62,111.0,170.0,0,0,,,2.52,3.0,13,13,0,35.0,96.8,2.769,4.0,2.2,2.29,,6,6,0,17.0,39.0,2.25,2.8,1.5,2.64,2.62,12,12,0,36.0,94.7,2.642,3.4,1.5,,,0,0,0,0.0,0.0,,,,31,31,0,88.0,230.5,2.619,4.0,1.5,5,2.614,3,0,0.0
212417,2.26,101.0,90.0,1,0,,,1.71,2.48,11,11,0,32.0,66.2,2.091,3.7,1.0,2.06,,6,6,0,17.0,35.0,2.067,2.6,1.0,2.69,2.08,12,12,0,36.0,86.0,2.392,3.0,1.0,,,0,0,0,0.0,0.0,,,,29,29,0,85.0,187.2,2.21,3.7,1.0,5,2.204,3,0,0.0
212475,2.73,106.0,70.0,0,0,,,2.01,2.98,13,13,0,35.0,87.9,2.554,3.7,1.5,2.48,,6,6,0,18.0,44.7,2.483,3.0,1.5,2.99,3.04,12,12,0,36.0,108.7,3.025,3.7,2.6,,,0,0,0,0.0,0.0,,,,31,31,0,89.0,241.3,2.723,3.7,1.5,5,2.7,3,0,0.0
212489,2.0,92.0,0.0,3,3,,,2.06,1.73,13,11,2,35.0,66.2,1.831,4.0,0.0,1.42,,6,6,0,18.0,25.5,1.417,2.0,1.0,1.99,2.45,10,10,0,29.0,64.2,2.25,3.2,1.0,,,0,0,0,0.0,0.0,,,,29,27,2,82.0,155.9,1.89,4.0,0.0,5,1.93,3,0,0.0
212712,2.87,106.0,140.0,0,0,,,2.23,2.62,13,13,0,35.0,85.0,2.4,3.7,1.0,2.5,,6,6,0,18.0,45.0,2.5,3.0,2.0,3.33,3.33,12,12,0,36.0,119.9,3.333,4.0,2.6,,,0,0,0,0.0,0.0,,,,31,31,0,89.0,249.9,2.781,4.0,1.0,5,2.802,3,0,0.0
212715,3.0,111.0,170.0,0,0,,,2.21,3.19,13,13,0,35.0,95.0,2.746,3.7,1.5,2.66,,6,6,0,17.0,45.2,2.667,3.2,1.0,3.52,3.13,12,12,0,36.0,119.7,3.325,4.0,2.4,,,0,0,0,0.0,0.0,,,,31,31,0,88.0,259.9,2.955,4.0,1.0,5,2.942,3,0,0.0
212769,2.49,108.0,140.0,1,0,,,1.93,2.78,11,11,0,32.0,74.5,2.336,3.7,1.0,2.67,,6,6,0,17.0,45.4,2.667,2.8,2.4,2.86,2.12,12,12,0,36.0,89.6,2.492,3.4,1.0,,,0,0,0,0.0,0.0,,,,29,29,0,85.0,209.5,2.469,3.7,1.0,5,2.472,3,0,0.0
212852,2.29,101.0,140.0,1,0,,,1.92,2.46,11,10,1,32.0,69.6,2.109,4.0,0.0,1.91,,6,6,0,17.0,32.5,1.95,3.0,1.0,2.34,1.8,12,11,1,36.0,74.6,2.075,3.7,0.0,,,0,0,0,0.0,0.0,,,,29,27,2,85.0,176.7,2.062,4.0,0.0,5,2.086,3,0,0.0
212892,2.28,94.0,120.0,0,0,,,2.09,2.32,13,13,0,35.0,77.4,2.215,3.4,1.0,2.64,,5,5,0,15.0,39.6,2.64,3.0,2.4,2.48,2.08,12,11,1,36.0,82.2,2.292,3.2,0.0,,,0,0,0,0.0,0.0,,,,30,29,1,86.0,199.2,2.317,3.4,0.0,5,2.322,3,0,0.0
212945,2.09,96.0,100.0,1,0,,,1.91,2.28,11,11,0,32.0,66.6,2.109,4.0,1.0,2.08,,7,7,0,18.0,37.4,2.029,2.6,1.0,2.12,1.79,12,11,1,35.0,68.6,1.975,3.0,0.0,,,0,0,0,0.0,0.0,,,,30,29,1,85.0,172.6,2.037,4.0,0.0,5,2.036,3,0,0.0
213006,2.76,102.0,100.0,1,0,,,,,0,0,0,0.0,0.0,,,,2.45,,6,6,0,17.0,41.7,2.45,3.0,1.5,3.13,2.58,12,12,0,36.0,102.8,2.858,3.4,1.5,,,0,0,0,0.0,0.0,,,,18,18,0,53.0,144.5,2.722,3.4,1.5,3,2.72,2,0,0.0
213442,2.44,109.0,190.0,1,0,,,2.18,1.72,12,12,0,32.0,62.9,1.942,3.0,1.0,2.24,,5,5,0,15.0,33.6,2.24,2.6,2.0,2.83,2.92,12,12,0,36.0,103.5,2.883,3.4,2.2,,,0,0,0,0.0,0.0,,,,29,29,0,83.0,200.0,2.383,3.4,1.0,5,2.378,3,0,0.0
213453,2.97,106.0,160.0,0,0,,,2.01,3.13,13,13,0,35.0,90.6,2.608,4.0,1.5,2.75,,6,6,0,18.0,49.5,2.75,3.2,1.5,3.32,3.48,12,12,0,36.0,122.4,3.4,3.7,2.0,,,0,0,0,0.0,0.0,,,,31,31,0,89.0,262.5,2.942,4.0,1.5,5,2.938,3,0,0.0
213517,2.15,94.0,130.0,2,0,,,1.34,2.0,11,8,3,32.0,52.8,1.6,3.7,0.0,2.14,,5,5,0,15.0,32.1,2.14,2.6,1.5,2.28,1.6,12,11,1,36.0,69.9,1.942,2.8,0.0,,,0,0,0,0.0,0.0,,,,28,24,4,83.0,154.8,1.843,3.7,0.0,5,1.872,3,0,0.0
213858,2.46,111.0,100.0,0,0,,,2.25,2.42,13,13,0,35.0,81.8,2.354,4.0,1.0,2.05,,6,6,0,17.0,34.8,2.067,2.6,1.5,2.75,2.46,12,12,0,36.0,93.7,2.617,3.0,2.0,,,0,0,0,0.0,0.0,,,,31,31,0,88.0,210.3,2.4,4.0,1.0,5,2.386,3,0,0.0
213885,2.67,108.0,130.0,0,0,,,2.12,2.87,13,13,0,35.0,87.8,2.508,3.7,1.0,2.26,,5,5,0,14.0,31.6,2.28,3.0,1.0,3.33,2.93,12,12,0,36.0,112.7,3.133,4.0,2.2,,,0,0,0,0.0,0.0,,,,30,30,0,85.0,232.1,2.72,4.0,1.0,5,2.702,3,0,0.0
220006,2.54,106.0,130.0,0,0,,,2.27,1.8,13,11,2,35.0,71.0,1.985,3.4,0.0,1.95,,6,6,0,18.0,35.1,1.95,2.4,1.0,2.92,3.03,12,12,0,36.0,107.0,2.975,3.7,2.4,,,0,0,0,0.0,0.0,,,,31,29,2,89.0,213.1,2.361,3.7,0.0,5,2.394,3,0,0.0
220023,2.53,103.0,130.0,0,0,,,,,0,0,0,0.0,0.0,,,,2.64,,6,6,0,17.0,44.8,2.633,3.0,2.4,2.55,2.66,12,12,0,36.0,93.7,2.608,3.4,1.5,,,0,0,0,0.0,0.0,,,,18,18,0,53.0,138.5,2.617,3.4,1.5,3,2.617,2,0,0.0
220048,2.89,104.0,130.0,0,0,,,2.87,2.64,13,13,0,35.0,96.3,2.7,4.0,1.0,2.8,,6,6,0,18.0,50.4,2.8,3.0,2.4,3.13,2.79,12,12,0,36.0,106.6,2.967,3.4,2.4,,,0,0,0,0.0,0.0,,,,31,31,0,89.0,253.3,2.823,4.0,1.0,5,2.846,3,0,0.0
220049,2.21,100.0,110.0,0,0,,,2.92,2.65,13,13,0,35.0,97.4,2.815,3.7,1.0,2.32,,6,6,0,17.0,39.4,2.333,2.6,2.2,2.15,1.17,12,12,0,36.0,59.7,1.658,2.8,1.0,,,0,0,0,0.0,0.0,,,,31,31,0,88.0,196.5,2.274,3.7,1.0,5,2.242,3,0,0.0
220051,3.18,109.0,130.0,0,0,,,2.79,3.02,13,13,0,35.0,101.9,2.892,4.0,2.0,2.97,,6,6,0,18.0,53.4,2.967,3.4,2.6,3.53,3.5,13,13,0,39.0,137.1,3.515,4.0,3.2,,,0,0,0,0.0,0.0,,,,32,32,0,92.0,292.4,3.159,4.0,2.0,5,3.162,3,0,0.0
220057,1.68,82.0,190.0,1,0,,,2.23,2.08,13,13,0,35.0,75.3,2.131,3.7,1.0,1.98,,6,6,0,17.0,33.6,2.033,3.0,1.0,1.87,0.0,12,5,7,36.0,33.6,0.933,2.8,0.0,,,0,0,0,0.0,0.0,,,,31,24,7,88.0,142.5,1.648,3.7,0.0,5,1.632,3,0,1.0
220060,2.87,103.0,140.0,0,0,,,2.49,2.51,13,13,0,35.0,87.5,2.5,3.7,1.0,2.67,,6,6,0,17.0,45.4,2.667,2.8,2.6,3.17,3.33,12,12,0,36.0,117.0,3.25,4.0,2.4,,,0,0,0,0.0,0.0,,,,31,31,0,88.0,249.9,2.823,4.0,1.0,5,2.834,3,0,0.0
220072,2.83,100.0,100.0,0,0,,,2.34,2.77,13,13,0,35.0,89.5,2.585,4.0,1.0,2.28,,6,5,1,17.0,38.8,2.333,3.2,0.0,2.63,3.5,12,12,0,36.0,110.4,3.067,4.0,1.0,,,0,0,0,0.0,0.0,,,,31,30,1,88.0,238.7,2.723,4.0,0.0,5,2.704,3,0,0.0
220080,2.92,106.0,170.0,0,0,,,2.6,2.64,13,13,0,35.0,91.8,2.562,3.7,1.5,2.43,,6,6,0,18.0,43.8,2.433,3.0,2.0,3.33,3.47,12,12,0,36.0,122.4,3.4,3.7,2.8,,,0,0,0,0.0,0.0,,,,31,31,0,89.0,258.0,2.861,3.7,1.5,5,2.894,3,0,0.0
220090,3.06,105.0,160.0,0,0,,,3.37,3.15,13,13,0,35.0,114.0,3.231,4.0,2.0,2.93,,7,7,0,20.0,58.7,2.929,3.7,2.4,2.91,2.89,13,13,0,38.0,110.1,2.9,3.7,1.5,,,0,0,0,0.0,0.0,,,,33,33,0,93.0,282.8,3.036,4.0,1.5,5,3.05,3,0,0.0
220110,3.22,112.0,130.0,0,0,,,2.99,3.06,14,13,1,38.0,115.2,2.979,3.7,0.0,2.96,,7,7,0,20.0,59.2,2.971,3.4,2.6,3.3,3.27,14,14,0,41.0,134.7,3.286,4.0,2.2,,,0,0,0,0.0,0.0,,,,35,34,1,99.0,309.1,3.1,4.0,0.0,5,3.116,3,0,0.0
220112,3.15,110.0,130.0,0,0,,,2.74,3.23,13,13,0,35.0,104.8,3.0,4.0,2.2,2.97,,6,6,0,18.0,53.4,2.967,3.2,2.6,3.26,3.43,14,14,0,42.0,140.4,3.343,4.0,2.2,,,0,0,0,0.0,0.0,,,,33,33,0,95.0,298.6,3.139,4.0,2.2,5,3.126,3,0,0.0
220123,3.0,106.0,100.0,0,0,,,2.87,2.88,13,13,0,35.0,100.7,2.892,4.0,2.0,2.83,,6,6,0,18.0,51.0,2.833,3.2,2.4,3.18,3.25,12,12,0,36.0,115.8,3.217,3.7,2.8,,,0,0,0,0.0,0.0,,,,31,31,0,89.0,267.5,3.006,4.0,2.0,5,3.002,3,0,0.0
220133,2.79,96.0,60.0,0,0,,,2.91,2.11,13,12,1,35.0,87.5,2.431,3.7,0.0,1.91,,6,5,1,17.0,32.4,1.8,2.4,0.0,3.28,3.6,12,12,0,36.0,123.9,3.442,4.0,3.0,,,0,0,0,0.0,0.0,,,,31,29,2,88.0,243.8,2.7,4.0,0.0,5,2.762,3,0,0.0
220142,2.87,106.0,200.0,0,0,,,2.78,2.74,13,13,0,35.0,96.5,2.738,3.7,1.5,2.37,,6,6,0,18.0,42.6,2.367,2.8,2.0,2.97,3.43,12,12,0,36.0,115.2,3.2,4.0,2.2,,,0,0,0,0.0,0.0,,,,31,31,0,89.0,254.3,2.845,4.0,1.5,5,2.858,3,0,0.0
220162,2.37,111.0,170.0,0,0,,,2.51,2.16,13,13,0,35.0,81.4,2.331,3.7,1.0,2.16,,6,6,0,17.0,36.7,2.15,2.8,1.5,2.73,2.45,12,12,0,36.0,93.3,2.592,3.4,1.5,,,0,0,0,0.0,0.0,,,,31,31,0,88.0,211.4,2.397,3.7,1.0,5,2.402,3,0,0.0
220177,3.41,109.0,140.0,0,0,,,3.18,3.24,14,14,0,38.0,122.2,3.2,4.0,2.4,3.03,,7,7,0,20.0,60.6,3.029,3.4,2.8,3.75,3.7,12,12,0,36.0,134.1,3.725,4.0,3.4,,,0,0,0,0.0,0.0,,,,33,33,0,94.0,316.9,3.355,4.0,2.4,5,3.38,3,0,0.0
220178,2.41,103.0,110.0,2,0,,,1.54,2.42,11,9,2,32.0,62.4,1.891,3.7,0.0,1.95,,6,6,0,18.0,35.1,1.95,2.6,1.0,2.5,2.79,12,12,0,36.0,95.2,2.65,3.4,2.0,,,0,0,0,0.0,0.0,,,,29,27,2,86.0,192.7,2.217,3.7,0.0,5,2.24,3,0,0.0
220179,2.2,96.0,170.0,3,0,,,1.29,2.28,11,9,2,32.0,56.1,1.7,3.4,0.0,1.8,,6,6,0,18.0,32.4,1.8,2.4,1.0,1.97,2.13,12,11,1,36.0,73.7,2.05,3.2,0.0,,,0,0,0,0.0,0.0,,,,29,26,3,86.0,162.2,1.866,3.4,0.0,5,1.894,3,0,0.0
220182,2.07,100.0,70.0,3,0,,,,,0,0,0,0.0,0.0,,,,1.53,,6,6,0,17.0,26.0,1.5,2.0,1.0,2.4,1.83,12,12,0,36.0,76.2,2.125,3.2,1.0,,,0,0,0,0.0,0.0,,,,18,18,0,53.0,102.2,1.917,3.2,1.0,3,1.92,2,0,0.0
220191,3.32,115.0,160.0,0,0,,,2.98,3.23,14,14,0,38.0,118.4,3.114,4.0,2.2,3.05,,7,7,0,20.0,60.9,3.043,3.7,2.4,3.67,3.53,14,14,0,42.0,151.2,3.6,4.0,3.0,,,0,0,0,0.0,0.0,,,,35,35,0,100.0,330.5,3.294,4.0,2.2,5,3.292,3,0,0.0
220192,3.26,106.0,130.0,0,0,,,2.52,3.38,13,13,0,35.0,103.8,2.962,4.0,1.0,3.2,,6,6,0,18.0,57.6,3.2,3.7,2.2,3.47,3.55,12,12,0,36.0,126.3,3.508,4.0,2.8,,,0,0,0,0.0,0.0,,,,31,31,0,89.0,287.7,3.219,4.0,1.0,5,3.224,3,0,0.0
220196,2.23,109.0,130.0,2,0,,,1.9,2.14,11,11,0,32.0,64.4,2.018,3.7,1.0,1.67,,6,6,0,18.0,30.0,1.667,2.0,1.0,2.47,2.5,12,12,0,36.0,89.4,2.483,3.2,1.0,,,0,0,0,0.0,0.0,,,,29,29,0,86.0,183.8,2.138,3.7,1.0,5,2.136,3,0,0.0
220199,2.5,103.0,160.0,0,0,,,2.49,2.97,13,13,0,35.0,95.8,2.723,4.0,2.0,2.15,,6,6,0,18.0,38.7,2.15,2.6,1.5,2.72,2.36,12,12,0,36.0,91.4,2.55,3.2,2.0,,,0,0,0,0.0,0.0,,,,31,31,0,89.0,225.9,2.545,4.0,1.5,5,2.538,3,0,0.0
220212,2.62,106.0,160.0,0,0,,,2.14,2.33,13,13,0,35.0,78.4,2.246,3.2,1.5,2.5,,6,6,0,18.0,45.0,2.5,2.8,2.2,2.97,2.75,12,12,0,36.0,102.9,2.867,4.0,2.4,,,0,0,0,0.0,0.0,,,,31,31,0,89.0,226.3,2.535,4.0,1.5,5,2.538,3,0,0.0
220234,2.4,103.0,100.0,0,0,,,2.04,2.47,13,13,0,35.0,79.1,2.285,4.0,1.0,2.32,,6,6,0,17.0,39.4,2.333,2.8,2.0,2.43,2.6,12,12,0,36.0,90.6,2.525,3.0,1.5,,,0,0,0,0.0,0.0,,,,31,31,0,88.0,209.1,2.387,4.0,1.0,5,2.372,3,0,0.0
220247,2.81,99.0,100.0,0,0,,,2.63,2.69,13,13,0,35.0,93.1,2.685,4.0,1.0,2.4,,6,6,0,16.0,38.4,2.35,3.0,1.5,2.99,3.19,12,12,0,36.0,111.4,3.1,4.0,2.6,,,0,0,0,0.0,0.0,,,,31,31,0,87.0,242.9,2.781,4.0,1.0,5,2.78,3,0,0.0
220259,2.42,90.0,170.0,0,0,,,2.53,2.48,13,13,0,35.0,87.6,2.538,3.2,2.0,2.09,,6,5,1,17.0,35.6,2.1,3.0,0.0,2.56,2.25,11,10,1,33.0,78.9,2.391,3.4,0.0,,,0,0,0,0.0,0.0,,,,30,28,2,85.0,202.1,2.397,3.4,0.0,5,2.382,3,0,0.0
220264,3.22,112.0,160.0,0,0,,,3.25,3.11,14,14,0,38.0,120.5,3.164,4.0,2.2,2.96,,7,7,0,20.0,59.2,2.971,3.4,2.4,3.32,3.4,13,13,0,39.0,131.1,3.362,4.0,2.2,,,0,0,0,0.0,0.0,,,,34,34,0,97.0,310.8,3.2,4.0,2.2,5,3.208,3,0,0.0
220266,2.94,106.0,140.0,0,0,,,2.76,2.83,13,13,0,35.0,97.8,2.8,4.0,1.5,2.77,,6,6,0,18.0,49.8,2.767,3.2,2.2,3.16,2.93,12,12,0,36.0,109.7,3.05,4.0,2.0,,,0,0,0,0.0,0.0,,,,31,31,0,89.0,257.3,2.89,4.0,1.5,5,2.89,3,0,0.0
220270,2.76,106.0,170.0,0,0,,,2.18,2.08,13,12,1,35.0,74.5,2.131,3.2,0.0,1.76,,6,5,1,17.0,29.9,1.817,2.8,0.0,3.25,3.04,12,12,0,36.0,113.3,3.15,3.7,2.6,,,0,0,0,0.0,0.0,,,,31,29,2,88.0,217.7,2.465,3.7,0.0,5,2.462,3,0,0.0
220275,1.92,98.0,160.0,1,0,,,2.12,1.96,13,13,0,35.0,71.2,2.069,3.0,1.0,1.97,,6,6,0,18.0,35.4,1.967,3.0,1.0,2.12,1.08,12,10,2,36.0,57.6,1.6,3.0,0.0,,,0,0,0,0.0,0.0,,,,31,29,2,89.0,164.2,1.868,3.0,0.0,5,1.85,3,0,0.0
220278,2.15,97.0,170.0,2,0,,,1.8,1.72,11,8,3,32.0,56.4,1.8,4.0,0.0,2.43,,6,6,0,18.0,43.8,2.433,3.0,2.2,2.02,1.37,12,11,1,36.0,60.9,1.692,3.0,0.0,,,0,0,0,0.0,0.0,,,,29,25,4,86.0,161.1,1.886,4.0,0.0,5,1.868,3,0,0.0
220287,2.73,101.0,140.0,0,0,,,,,0,0,0,0.0,0.0,,,,2.47,,6,6,0,18.0,44.4,2.467,3.0,2.0,2.82,2.53,12,12,0,36.0,96.3,2.683,3.4,2.0,,,0,0,0,0.0,0.0,,,,18,18,0,54.0,140.7,2.611,3.4,2.0,3,2.607,2,0,0.0
220290,2.98,106.0,200.0,0,0,,,2.64,3.14,13,13,0,35.0,101.4,2.908,4.0,1.5,2.53,,6,6,0,18.0,45.6,2.533,3.2,2.0,2.89,3.32,12,12,0,36.0,111.8,3.108,3.7,1.5,,,0,0,0,0.0,0.0,,,,31,31,0,89.0,258.8,2.913,4.0,1.5,5,2.904,3,0,0.0
220294,2.14,97.0,100.0,2,0,,,2.23,2.16,13,13,0,35.0,76.7,2.185,3.4,1.0,1.48,,6,5,1,18.0,26.7,1.483,2.4,0.0,2.37,2.54,11,11,0,33.0,81.3,2.473,3.2,1.5,,,0,0,0,0.0,0.0,,,,30,29,1,86.0,184.7,2.15,3.4,0.0,5,2.156,3,0,0.0
220302,2.4,106.0,200.0,0,0,,,2.2,2.43,13,13,0,35.0,81.1,2.308,3.4,1.0,2.23,,6,6,0,18.0,40.2,2.233,2.8,1.5,2.42,2.65,12,12,0,36.0,91.3,2.55,3.0,2.2,,,0,0,0,0.0,0.0,,,,31,31,0,89.0,212.6,2.387,3.4,1.0,5,2.386,3,0,0.0
220307,3.41,115.0,100.0,0,0,,,3.28,3.34,14,14,0,38.0,126.0,3.286,4.0,2.6,3.13,,7,7,0,20.0,62.5,3.1,3.7,2.6,3.67,3.51,14,14,0,42.0,150.9,3.593,4.0,3.0,,,0,0,0,0.0,0.0,,,,35,35,0,100.0,339.4,3.371,4.0,2.6,5,3.386,3,0,0.0
220310,2.35,106.0,170.0,1,0,,,1.97,2.49,13,13,0,35.0,78.3,2.238,3.7,1.0,1.83,,6,6,0,18.0,33.0,1.833,2.4,1.0,2.87,2.33,12,12,0,36.0,93.6,2.6,3.4,2.0,,,0,0,0,0.0,0.0,,,,31,31,0,89.0,204.9,2.3,3.7,1.0,5,2.298,3,0,0.0
220314,2.85,108.0,170.0,0,0,,,2.34,2.97,13,13,0,35.0,93.1,2.638,4.0,1.0,2.54,,6,6,0,17.0,43.2,2.533,3.2,2.0,3.08,3.11,12,12,0,35.0,108.3,3.083,3.7,2.4,,,0,0,0,0.0,0.0,,,,31,31,0,87.0,244.6,2.79,4.0,1.0,5,2.808,3,0,0.0
220328,2.27,97.0,140.0,0,0,,,,,0,0,0,0.0,0.0,,,,2.37,,6,6,0,17.0,40.3,2.383,2.8,1.5,2.39,1.5,12,10,2,36.0,70.1,1.95,3.0,0.0,,,0,0,0,0.0,0.0,,,,18,16,2,53.0,110.4,2.094,3.0,0.0,3,2.087,2,0,0.0
220335,2.48,100.0,170.0,0,0,,,2.25,1.91,13,13,0,35.0,72.7,2.054,3.4,1.0,2.34,,6,6,0,17.0,39.7,2.35,2.8,1.5,2.96,2.56,11,11,0,33.0,91.7,2.782,3.4,2.0,,,0,0,0,0.0,0.0,,,,30,30,0,85.0,204.1,2.38,3.4,1.0,5,2.404,3,0,0.0
220336,2.35,106.0,200.0,0,0,,,2.1,2.51,13,13,0,35.0,80.9,2.308,3.2,1.0,2.33,,6,6,0,18.0,42.0,2.333,2.6,2.0,2.56,2.18,12,12,0,36.0,85.4,2.375,3.2,1.0,,,0,0,0,0.0,0.0,,,,31,31,0,89.0,208.3,2.339,3.2,1.0,5,2.336,3,0,0.0
220341,2.32,103.0,100.0,0,0,,,2.24,1.94,13,12,1,35.0,73.0,2.085,3.7,0.0,1.75,,6,5,1,18.0,31.5,1.75,3.0,0.0,2.98,2.13,12,12,0,36.0,92.1,2.558,3.7,1.5,,,0,0,0,0.0,0.0,,,,31,29,2,89.0,196.6,2.203,3.7,0.0,5,2.208,3,0,0.0
220355,3.05,106.0,160.0,0,0,,,,,0,0,0,0.0,0.0,,,,3.02,,6,6,0,17.0,51.4,3.0,3.4,2.6,3.32,3.23,12,12,0,36.0,117.9,3.275,3.7,2.8,,,0,0,0,0.0,0.0,,,,18,18,0,53.0,169.3,3.183,3.7,2.6,3,3.19,2,0,0.0
220358,2.6,105.0,130.0,0,0,,,2.24,2.76,13,13,0,35.0,87.6,2.477,4.0,1.0,2.4,,6,6,0,17.0,40.8,2.4,2.8,2.0,2.9,2.66,12,12,0,36.0,100.0,2.783,3.4,2.2,,,0,0,0,0.0,0.0,,,,31,31,0,88.0,228.4,2.581,4.0,1.0,5,2.592,3,0,0.0
220362,2.55,106.0,100.0,0,0,,,2.01,2.01,13,13,0,35.0,70.4,1.992,3.7,1.0,2.43,,6,6,0,18.0,43.8,2.433,2.8,2.2,3.13,2.89,12,12,0,36.0,108.3,3.017,3.4,2.6,,,0,0,0,0.0,0.0,,,,31,31,0,89.0,222.5,2.474,3.7,1.0,5,2.494,3,0,0.0
220363,2.57,109.0,170.0,0,0,,,2.11,2.48,13,13,0,35.0,80.4,2.331,3.7,1.0,2.35,,6,6,0,17.0,40.0,2.333,2.6,2.0,2.9,2.74,12,12,0,36.0,101.6,2.825,3.7,2.0,,,0,0,0,0.0,0.0,,,,31,31,0,88.0,222.0,2.523,3.7,1.0,5,2.516,3,0,0.0
220369,2.73,104.0,130.0,0,0,,,2.41,2.69,13,13,0,35.0,89.4,2.554,3.7,1.5,2.22,,6,6,0,18.0,39.9,2.217,2.6,1.5,2.99,3.17,12,12,0,36.0,110.9,3.083,3.4,2.6,,,0,0,0,0.0,0.0,,,,31,31,0,89.0,240.2,2.694,3.7,1.5,5,2.696,3,0,0.0
220373,2.07,97.0,100.0,1,0,,,2.22,2.34,13,13,0,35.0,79.9,2.315,3.7,1.0,1.27,,6,5,1,18.0,22.8,1.267,2.4,0.0,2.36,1.76,12,11,1,36.0,74.1,2.067,3.0,0.0,,,0,0,0,0.0,0.0,,,,31,29,2,89.0,176.8,2.016,3.7,0.0,5,1.99,3,0,0.0
220375,2.78,106.0,130.0,0,0,,,2.43,2.58,13,12,1,35.0,87.8,2.462,3.7,0.0,2.57,,6,6,0,18.0,46.2,2.567,3.0,2.2,2.99,2.8,12,12,0,36.0,104.3,2.9,3.4,2.4,,,0,0,0,0.0,0.0,,,,31,30,1,89.0,238.3,2.652,3.7,0.0,5,2.674,3,0,0.0
220384,2.75,99.0,230.0,0,0,,,,,0,0,0,0.0,0.0,,,,2.86,,6,6,0,16.0,45.8,2.833,3.4,2.6,2.43,2.88,11,11,0,33.0,88.4,2.691,3.4,2.0,,,0,0,0,0.0,0.0,,,,17,17,0,49.0,134.2,2.741,3.4,2.0,3,2.723,2,0,0.0
220387,2.18,97.0,110.0,0,0,,,2.58,2.52,13,13,0,35.0,89.2,2.5,4.0,1.5,1.27,,6,4,2,18.0,22.8,1.267,2.6,0.0,2.46,1.96,12,11,1,36.0,79.6,2.217,3.4,0.0,,,0,0,0,0.0,0.0,,,,31,28,3,89.0,191.6,2.152,4.0,0.0,5,2.158,3,0,0.0
220390,2.3,106.0,130.0,0,0,,,2.08,2.27,13,13,0,35.0,76.3,2.208,3.7,1.0,2.15,,6,6,0,18.0,38.7,2.15,2.6,1.5,2.63,2.49,12,12,0,36.0,92.2,2.567,3.2,2.0,,,0,0,0,0.0,0.0,,,,31,31,0,89.0,207.2,2.335,3.7,1.0,5,2.324,3,0,0.0
220396,2.53,106.0,170.0,0,0,,,2.19,2.53,13,13,0,35.0,82.9,2.331,4.0,1.0,2.25,,6,6,0,18.0,40.5,2.25,2.8,1.5,2.72,2.68,12,12,0,36.0,97.1,2.7,3.2,1.5,,,0,0,0,0.0,0.0,,,,31,31,0,89.0,220.5,2.458,4.0,1.0,5,2.474,3,0,0.0
220401,1.98,97.0,170.0,1,0,,,2.22,2.34,13,13,0,35.0,79.8,2.277,3.4,1.0,1.73,,6,6,0,18.0,31.2,1.733,2.2,1.0,1.64,1.72,10,9,1,30.0,50.3,1.68,2.6,0.0,,,0,0,0,0.0,0.0,,,,29,28,1,83.0,161.3,1.959,3.4,0.0,5,1.93,3,0,0.0
220402,2.44,106.0,100.0,0,0,,,2.21,2.65,13,13,0,35.0,85.2,2.462,3.7,1.0,2.13,,6,6,0,18.0,38.4,2.133,3.0,1.5,2.48,2.63,12,12,0,36.0,92.0,2.567,3.2,2.0,,,0,0,0,0.0,0.0,,,,31,31,0,89.0,215.6,2.439,3.7,1.0,5,2.42,3,0,0.0
220404,2.56,100.0,200.0,0,0,,,2.62,2.95,13,13,0,35.0,97.6,2.808,3.7,1.0,2.28,,6,6,0,17.0,38.8,2.333,3.2,1.0,2.57,2.39,12,12,0,36.0,89.3,2.483,3.4,1.0,,,0,0,0,0.0,0.0,,,,31,31,0,88.0,225.7,2.59,3.7,1.0,5,2.562,3,0,0.0
220411,2.52,104.0,160.0,0,0,,,2.12,2.0,13,12,1,35.0,72.0,2.046,3.2,0.0,2.3,,6,6,0,18.0,41.4,2.3,2.6,2.2,2.9,2.89,12,12,0,36.0,104.3,2.9,3.2,2.2,,,0,0,0,0.0,0.0,,,,31,30,1,89.0,217.7,2.426,3.2,0.0,5,2.442,3,0,0.0
220423,2.82,106.0,100.0,0,0,,,,,0,0,0,0.0,0.0,,,,2.3,,6,6,0,18.0,41.4,2.3,3.0,1.5,2.93,2.85,12,12,0,36.0,104.0,2.9,3.4,2.6,,,0,0,0,0.0,0.0,,,,18,18,0,54.0,145.4,2.7,3.4,1.5,3,2.693,2,0,0.0
220428,1.8,91.0,100.0,1,0,,,2.58,2.36,13,13,0,35.0,86.2,2.423,4.0,1.5,2.16,,6,6,0,17.0,36.7,2.183,2.6,1.5,1.62,0.5,12,9,3,36.0,38.1,1.058,2.2,0.0,,,0,0,0,0.0,0.0,,,,31,28,3,88.0,161.0,1.848,4.0,0.0,5,1.844,3,0,0.0
220431,2.8,104.0,170.0,0,0,,,2.31,2.29,13,13,0,35.0,80.5,2.246,3.4,1.5,2.2,,6,6,0,18.0,39.6,2.2,2.8,1.0,3.35,3.61,12,12,0,36.0,125.3,3.483,4.0,2.6,,,0,0,0,0.0,0.0,,,,31,31,0,89.0,245.4,2.716,4.0,1.0,5,2.752,3,0,0.0
220436,2.45,103.0,100.0,1,0,,,1.93,2.8,11,11,0,32.0,74.8,2.327,3.7,1.0,1.92,,6,6,0,18.0,34.5,1.917,2.6,1.0,2.51,2.58,12,12,0,36.0,91.7,2.558,3.4,1.5,,,0,0,0,0.0,0.0,,,,29,29,0,86.0,201.0,2.338,3.7,1.0,5,2.348,3,0,0.0
220438,2.63,103.0,140.0,0,0,,,2.55,2.81,13,13,0,35.0,93.8,2.662,3.7,2.0,2.38,,6,6,0,18.0,42.9,2.383,2.8,1.5,2.33,2.8,12,12,0,35.0,89.6,2.567,3.4,1.0,,,0,0,0,0.0,0.0,,,,31,31,0,88.0,226.3,2.571,3.7,1.0,5,2.574,3,0,0.0
220446,2.85,103.0,140.0,0,0,,,2.8,2.97,13,13,0,35.0,101.0,2.869,4.0,2.0,2.53,,6,6,0,17.0,43.0,2.5,3.0,2.0,2.98,2.86,12,12,0,36.0,105.1,2.925,3.7,2.2,,,0,0,0,0.0,0.0,,,,31,31,0,88.0,249.1,2.819,4.0,2.0,5,2.828,3,0,0.0
220448,1.89,90.0,100.0,4,2,,,1.22,2.52,11,9,2,32.0,58.5,1.773,3.4,0.0,1.88,,6,6,0,17.0,32.0,1.933,2.8,1.0,2.3,0.92,11,9,2,33.0,51.0,1.545,3.0,0.0,,,0,0,0,0.0,0.0,,,,28,24,4,82.0,141.5,1.718,3.4,0.0,5,1.768,3,0,0.0
220462,2.15,88.0,100.0,0,0,,,,,0,0,0,0.0,0.0,,,,1.43,,6,5,1,18.0,25.8,1.433,2.4,0.0,1.83,1.68,12,8,4,36.0,63.1,1.758,3.2,0.0,,,0,0,0,0.0,0.0,,,,18,13,5,54.0,88.9,1.65,3.2,0.0,3,1.647,2,0,1.0
220467,3.18,109.0,160.0,0,0,,,3.07,3.15,13,13,0,35.0,108.9,3.108,4.0,2.6,2.98,,7,7,0,20.0,59.6,2.971,3.4,2.6,3.18,3.3,13,13,0,39.0,126.6,3.246,4.0,2.8,,,0,0,0,0.0,0.0,,,,33,33,0,94.0,295.1,3.133,4.0,2.6,5,3.136,3,0,1.0
220469,2.2,100.0,170.0,2,0,,,1.91,1.54,11,9,2,32.0,55.5,1.682,3.2,0.0,2.36,,5,5,0,15.0,35.4,2.36,2.6,2.0,2.3,2.09,12,12,0,36.0,79.1,2.2,3.2,1.5,,,0,0,0,0.0,0.0,,,,28,26,2,83.0,170.0,2.025,3.2,0.0,5,2.04,3,0,0.0
220470,2.69,103.0,140.0,0,0,,,2.41,2.8,13,13,0,35.0,91.3,2.592,4.0,1.5,2.32,,6,6,0,17.0,39.5,2.35,2.8,1.5,3.13,2.7,12,12,0,36.0,105.0,2.917,4.0,2.0,,,0,0,0,0.0,0.0,,,,31,31,0,88.0,235.8,2.671,4.0,1.5,5,2.672,3,0,0.0
220478,2.15,94.0,170.0,3,0,,,1.81,1.5,11,10,1,32.0,53.2,1.673,4.0,0.0,1.58,,5,5,0,15.0,23.7,1.58,2.4,1.0,2.48,1.71,12,11,1,36.0,75.5,2.108,3.7,0.0,,,0,0,0,0.0,0.0,,,,28,26,2,83.0,152.4,1.843,4.0,0.0,5,1.816,3,0,0.0
220492,2.56,102.0,100.0,0,0,,,2.33,2.56,13,13,0,35.0,85.6,2.462,3.7,1.0,2.06,,6,6,0,17.0,35.1,2.083,2.8,1.0,2.76,2.8,12,12,0,36.0,100.1,2.783,4.0,2.0,,,0,0,0,0.0,0.0,,,,31,31,0,88.0,220.8,2.513,4.0,1.0,5,2.502,3,0,0.0
220493,2.66,106.0,200.0,0,0,,,2.52,2.84,13,13,0,35.0,94.1,2.7,3.7,1.5,2.37,,6,6,0,18.0,42.6,2.367,2.8,2.0,2.73,2.6,12,12,0,36.0,96.0,2.667,3.2,1.5,,,0,0,0,0.0,0.0,,,,31,31,0,89.0,232.7,2.623,3.7,1.5,5,2.612,3,0,0.0
220495,2.29,103.0,100.0,0,0,,,2.04,2.25,13,12,1,35.0,75.2,2.215,3.7,0.0,2.38,,6,6,0,17.0,40.4,2.4,2.8,2.0,2.02,1.93,12,12,0,36.0,71.0,1.975,3.2,1.0,,,0,0,0,0.0,0.0,,,,31,30,1,88.0,186.6,2.158,3.7,0.0,5,2.124,3,0,0.0
220496,2.28,97.0,100.0,0,0,,,2.12,2.62,13,13,0,35.0,83.2,2.362,4.0,1.5,1.42,,6,5,1,17.0,24.2,1.4,2.2,0.0,2.47,2.38,12,12,0,36.0,87.3,2.425,3.2,1.5,,,0,0,0,0.0,0.0,,,,31,30,1,88.0,194.7,2.2,4.0,0.0,5,2.202,3,0,0.0
220498,3.4,115.0,200.0,0,0,,,3.19,3.5,14,14,0,38.0,127.6,3.35,4.0,2.8,3.09,,7,7,0,20.0,61.7,3.1,3.7,2.6,3.44,3.67,14,14,0,42.0,149.4,3.557,4.0,2.2,,,0,0,0,0.0,0.0,,,,35,35,0,100.0,338.7,3.383,4.0,2.2,5,3.378,3,0,0.0
220499,2.12,104.0,160.0,0,0,,,2.51,1.73,13,12,1,35.0,73.7,2.046,3.4,0.0,1.95,,6,6,0,18.0,35.1,1.95,2.4,1.0,2.34,2.11,12,12,0,36.0,80.1,2.233,2.8,1.5,,,0,0,0,0.0,0.0,,,,31,30,1,89.0,188.9,2.1,3.4,0.0,5,2.128,3,0,0.0
220509,2.62,106.0,130.0,1,0,,,1.99,2.55,13,13,0,35.0,79.8,2.254,3.7,1.0,1.62,,6,6,0,18.0,29.1,1.617,2.2,1.0,3.4,3.27,12,12,0,36.0,120.0,3.333,4.0,2.4,,,0,0,0,0.0,0.0,,,,31,31,0,89.0,228.9,2.548,4.0,1.0,5,2.566,3,0,0.0
220524,2.34,99.0,70.0,2,0,,,1.61,2.3,11,10,1,32.0,61.8,1.873,3.7,0.0,2.48,,5,5,0,15.0,37.2,2.48,3.0,2.0,2.66,2.36,12,12,0,36.0,90.4,2.517,3.4,2.0,,,0,0,0,0.0,0.0,,,,28,27,1,83.0,189.4,2.257,3.7,0.0,5,2.282,3,0,0.0
220527,2.03,97.0,140.0,3,0,,,1.84,2.2,11,11,0,32.0,64.2,1.991,3.2,1.0,1.45,,6,5,1,18.0,26.1,1.45,2.2,0.0,2.31,1.58,12,11,1,36.0,70.0,1.95,2.8,0.0,,,0,0,0,0.0,0.0,,,,29,27,2,86.0,160.3,1.862,3.2,0.0,5,1.876,3,0,0.0
220529,2.6,106.0,70.0,0,0,,,2.56,2.46,13,13,0,35.0,87.7,2.477,4.0,1.5,1.78,,6,6,0,18.0,32.1,1.783,2.6,1.0,2.94,3.03,12,12,0,36.0,107.6,2.992,3.7,2.4,,,0,0,0,0.0,0.0,,,,31,31,0,89.0,227.4,2.542,4.0,1.0,5,2.554,3,0,0.0
220532,1.99,97.0,200.0,4,2,,,1.46,2.26,11,9,2,32.0,58.8,1.782,3.7,0.0,2.0,,6,6,0,18.0,36.0,2.0,2.6,1.0,1.66,2.13,11,10,1,33.0,61.9,1.882,2.8,0.0,,,0,0,0,0.0,0.0,,,,28,25,3,83.0,156.7,1.868,3.7,0.0,5,1.902,3,0,0.0
220537,2.78,106.0,160.0,0,0,,,2.89,2.94,13,13,0,35.0,102.1,2.923,4.0,2.0,2.83,,6,6,0,18.0,51.0,2.833,3.2,2.4,2.79,2.36,12,12,0,36.0,92.8,2.583,3.2,1.0,,,0,0,0,0.0,0.0,,,,31,31,0,89.0,245.9,2.774,4.0,1.0,5,2.762,3,0,0.0
220538,2.19,94.0,100.0,1,0,,,1.69,2.64,11,9,2,32.0,68.4,2.118,3.4,0.0,1.93,,6,6,0,18.0,34.8,1.933,2.8,1.0,1.65,1.93,12,11,1,36.0,64.5,1.792,3.2,0.0,,,0,0,0,0.0,0.0,,,,29,26,3,86.0,167.7,1.945,3.4,0.0,5,1.968,3,0,0.0
220540,2.02,97.0,130.0,1,1,,,2.05,2.12,13,12,1,35.0,73.0,2.062,3.7,0.0,1.66,,6,6,0,17.0,28.3,1.717,2.6,1.0,1.7,2.04,11,10,1,33.0,61.2,1.855,2.8,0.0,,,0,0,0,0.0,0.0,,,,30,28,2,85.0,162.5,1.917,3.7,0.0,5,1.914,3,0,0.0
220554,2.69,106.0,170.0,0,0,,,2.4,2.64,13,13,0,35.0,88.3,2.562,4.0,1.0,1.9,,6,5,1,18.0,34.2,1.9,3.2,0.0,2.83,2.99,12,12,0,36.0,104.7,2.917,3.4,2.6,,,0,0,0,0.0,0.0,,,,31,30,1,89.0,227.2,2.571,4.0,0.0,5,2.552,3,0,0.0
220571,2.53,100.0,170.0,0,0,,,2.98,2.67,13,13,0,35.0,98.7,2.808,4.0,2.0,2.73,,6,6,0,17.0,46.4,2.733,3.0,2.4,2.57,1.84,11,11,0,33.0,73.8,2.236,3.2,1.0,,,0,0,0,0.0,0.0,,,,30,30,0,85.0,218.9,2.583,4.0,1.0,5,2.558,3,0,0.0
220574,2.46,106.0,170.0,0,0,,,2.52,2.47,13,13,0,35.0,87.3,2.492,3.7,1.0,2.02,,6,6,0,18.0,36.3,2.017,3.0,1.0,3.0,2.33,12,12,0,36.0,95.9,2.667,3.4,1.0,,,0,0,0,0.0,0.0,,,,31,31,0,89.0,219.5,2.468,3.7,1.0,5,2.468,3,0,0.0
220582,2.6,106.0,170.0,0,0,,,2.52,2.12,13,13,0,35.0,81.0,2.292,4.0,1.5,1.83,,6,6,0,18.0,33.0,1.833,2.4,1.0,3.07,3.17,12,12,0,36.0,112.2,3.117,3.4,2.2,,,0,0,0,0.0,0.0,,,,31,31,0,89.0,226.2,2.523,4.0,1.0,5,2.542,3,0,0.0
220585,2.61,106.0,200.0,0,0,,,2.34,2.3,13,12,1,35.0,81.2,2.308,3.7,0.0,2.28,,6,6,0,18.0,41.1,2.283,2.8,1.5,2.58,2.83,12,12,0,36.0,97.4,2.708,3.2,1.5,,,0,0,0,0.0,0.0,,,,31,30,1,89.0,219.7,2.458,3.7,0.0,5,2.466,3,0,0.0
220593,2.45,106.0,110.0,0,0,,,2.28,2.91,13,13,0,35.0,91.1,2.615,4.0,1.5,2.0,,6,6,0,18.0,36.0,2.0,2.8,1.0,2.36,2.38,12,12,0,36.0,85.3,2.375,3.2,1.0,,,0,0,0,0.0,0.0,,,,31,31,0,89.0,212.4,2.403,4.0,1.0,5,2.386,3,0,0.0
220606,2.45,100.0,100.0,0,0,,,2.4,2.86,13,13,0,35.0,92.3,2.662,3.7,1.0,2.27,,6,6,0,18.0,40.8,2.267,3.2,1.0,2.37,2.71,12,12,0,36.0,91.4,2.542,3.4,1.0,,,0,0,0,0.0,0.0,,,,31,31,0,89.0,224.5,2.539,3.7,1.0,5,2.522,3,0,0.0
220608,2.67,100.0,100.0,0,0,,,2.5,2.43,13,12,1,35.0,86.3,2.438,4.0,0.0,2.15,,6,6,0,17.0,36.5,2.183,3.0,1.0,2.64,3.15,12,12,0,36.0,104.3,2.9,4.0,1.5,,,0,0,0,0.0,0.0,,,,31,30,1,88.0,227.1,2.568,4.0,0.0,5,2.574,3,0,0.0
220611,2.46,95.0,200.0,3,0,,,1.64,1.78,11,10,1,32.0,54.5,1.718,3.2,0.0,1.88,,5,5,0,15.0,28.2,1.88,2.2,1.5,2.68,2.83,12,12,0,35.0,96.3,2.783,3.7,1.5,,,0,0,0,0.0,0.0,,,,28,27,1,82.0,179.0,2.204,3.7,0.0,5,2.162,3,0,0.0
220613,2.21,79.0,140.0,3,3,,,2.15,2.17,13,13,0,35.0,75.7,2.162,3.0,1.0,0.58,,6,3,3,18.0,10.5,0.583,1.5,0.0,1.99,2.53,10,9,1,29.0,65.3,2.25,3.2,0.0,,,0,0,0,0.0,0.0,,,,29,25,4,82.0,151.5,1.866,3.2,0.0,5,1.884,3,0,1.0
220618,3.19,112.0,170.0,0,0,,,2.65,3.11,13,13,0,35.0,101.0,2.915,4.0,1.0,2.93,,6,6,0,18.0,52.8,2.933,3.4,2.6,3.37,3.66,14,14,0,42.0,147.6,3.514,4.0,2.8,,,0,0,0,0.0,0.0,,,,33,33,0,95.0,301.4,3.173,4.0,1.0,5,3.144,3,0,0.0
220626,2.47,104.0,170.0,0,0,,,2.42,2.56,13,13,0,35.0,87.2,2.469,3.7,1.5,2.53,,6,6,0,18.0,45.6,2.533,3.0,2.0,2.32,2.32,12,12,0,36.0,83.6,2.333,3.0,1.0,,,0,0,0,0.0,0.0,,,,31,31,0,89.0,216.4,2.429,3.7,1.0,5,2.43,3,0,0.0
220628,2.32,98.0,160.0,2,0,,,2.12,1.7,13,10,3,35.0,66.6,1.923,4.0,0.0,1.98,,5,5,0,15.0,29.7,1.98,2.2,1.5,2.39,2.31,12,12,0,36.0,84.5,2.358,3.0,1.0,,,0,0,0,0.0,0.0,,,,30,27,3,86.0,180.8,2.107,4.0,0.0,5,2.1,3,0,0.0
220631,2.47,100.0,130.0,0,0,,,2.11,2.83,13,13,0,35.0,86.7,2.462,4.0,1.0,1.67,,6,5,1,18.0,30.0,1.667,2.4,0.0,2.66,2.82,12,12,0,35.0,95.9,2.75,3.4,2.0,,,0,0,0,0.0,0.0,,,,31,30,1,88.0,212.6,2.419,4.0,0.0,5,2.418,3,0,0.0
220632,2.0,94.0,130.0,4,3,,,1.84,2.4,11,11,0,32.0,67.2,2.109,3.7,1.0,1.2,,5,5,0,15.0,18.0,1.2,1.5,1.0,2.43,2.18,10,10,0,30.0,69.2,2.31,3.0,1.5,,,0,0,0,0.0,0.0,,,,26,26,0,77.0,154.4,2.012,3.7,1.0,5,2.01,3,0,0.0
220634,2.79,100.0,130.0,0,0,,,3.0,2.81,13,13,0,35.0,101.6,2.854,4.0,1.5,2.53,,6,6,0,18.0,45.6,2.533,3.0,2.2,3.13,2.4,12,11,1,36.0,99.5,2.767,3.4,0.0,,,0,0,0,0.0,0.0,,,,31,30,1,89.0,246.7,2.758,4.0,0.0,5,2.774,3,0,0.0
220635,2.43,94.0,160.0,2,0,,,1.89,1.52,11,9,2,32.0,54.9,1.709,3.4,0.0,2.49,,6,6,0,15.0,37.4,2.533,2.8,2.0,2.5,2.56,11,11,0,33.0,83.4,2.527,3.4,2.0,,,0,0,0,0.0,0.0,,,,28,26,2,80.0,175.7,2.207,3.4,0.0,5,2.192,3,0,0.0
220638,2.6,101.0,160.0,0,0,,,2.44,2.48,13,13,0,35.0,86.1,2.469,3.7,1.0,2.35,,6,6,0,18.0,42.3,2.35,3.2,1.5,2.99,2.26,12,11,1,36.0,94.6,2.633,4.0,0.0,,,0,0,0,0.0,0.0,,,,31,30,1,89.0,223.0,2.51,4.0,0.0,5,2.504,3,0,0.0
220640,2.1,101.0,140.0,1,0,,,1.97,2.42,13,13,0,35.0,77.1,2.238,3.2,1.0,1.72,,6,6,0,18.0,30.9,1.717,2.6,1.0,2.24,1.78,11,11,0,33.0,65.6,1.991,3.0,1.0,,,0,0,0,0.0,0.0,,,,30,30,0,86.0,173.6,2.043,3.2,1.0,5,2.026,3,0,0.0
220642,2.48,106.0,170.0,0,0,,,2.44,2.32,13,13,0,35.0,83.3,2.392,3.4,1.0,1.9,,6,6,0,18.0,34.2,1.9,2.6,1.0,2.72,2.73,12,12,0,36.0,98.2,2.733,3.4,2.2,,,0,0,0,0.0,0.0,,,,31,31,0,89.0,215.7,2.429,3.4,1.0,5,2.422,3,0,0.0
220650,2.55,106.0,130.0,0,0,,,2.6,2.74,13,13,0,35.0,93.6,2.7,3.7,1.5,1.98,,6,6,0,18.0,35.7,1.983,2.6,1.5,2.74,2.27,12,12,0,36.0,90.3,2.517,3.4,1.5,,,0,0,0,0.0,0.0,,,,31,31,0,89.0,219.6,2.49,3.7,1.5,5,2.466,3,0,0.0
220656,3.18,115.0,170.0,0,0,,,3.25,3.23,14,14,0,38.0,123.0,3.207,4.0,2.4,2.76,,7,7,0,20.0,55.2,2.771,3.0,2.4,3.49,3.24,14,14,0,42.0,141.3,3.364,4.0,2.8,,,0,0,0,0.0,0.0,,,,35,35,0,100.0,319.5,3.183,4.0,2.4,5,3.194,3,0,0.0
220657,2.93,108.0,170.0,0,0,,,3.02,3.1,14,14,0,38.0,116.4,3.064,3.7,2.2,2.81,,7,7,0,19.0,53.4,2.829,3.2,2.4,2.97,2.69,12,12,0,36.0,101.9,2.833,3.4,2.2,,,0,0,0,0.0,0.0,,,,33,33,0,93.0,271.7,2.93,3.7,2.2,5,2.918,3,0,0.0
220659,3.08,106.0,170.0,0,0,,,2.82,3.13,13,13,0,35.0,104.4,3.0,4.0,1.5,2.91,,6,6,0,17.0,49.4,2.9,3.2,2.6,3.32,3.28,13,13,0,39.0,128.6,3.3,3.7,2.6,,,0,0,0,0.0,0.0,,,,32,32,0,91.0,282.4,3.103,4.0,1.5,5,3.092,3,0,0.0
220661,2.27,100.0,200.0,0,0,,,2.39,1.83,13,12,1,35.0,73.6,2.115,3.4,0.0,2.42,,6,6,0,17.0,41.2,2.467,3.2,2.0,1.86,2.41,12,11,1,36.0,76.9,2.142,3.0,0.0,,,0,0,0,0.0,0.0,,,,31,29,2,88.0,191.7,2.194,3.4,0.0,5,2.182,3,0,0.0
220662,1.9,80.0,100.0,2,2,,,,,0,0,0,0.0,0.0,,,,1.45,,6,5,1,17.0,24.6,1.367,2.2,0.0,0.33,1.9,11,6,5,33.0,34.5,1.045,3.2,0.0,,,0,0,0,0.0,0.0,,,,17,11,6,50.0,59.1,1.159,3.2,0.0,3,1.227,2,0,1.0
220665,2.4,99.0,70.0,1,0,,,1.94,2.42,11,11,0,32.0,69.3,2.173,3.4,1.0,2.54,,6,6,0,17.0,43.2,2.533,3.0,2.0,2.71,2.13,12,11,1,36.0,87.2,2.425,3.7,0.0,,,0,0,0,0.0,0.0,,,,29,28,1,85.0,199.7,2.352,3.7,0.0,5,2.348,3,0,0.0
220673,2.22,104.0,100.0,2,0,,,2.21,1.69,13,12,1,35.0,68.0,2.031,3.4,0.0,1.87,,6,6,0,18.0,33.6,1.867,2.6,1.0,2.63,2.28,12,12,0,36.0,88.3,2.458,3.2,1.5,,,0,0,0,0.0,0.0,,,,31,30,1,89.0,189.9,2.165,3.4,0.0,5,2.136,3,0,0.0
220679,2.7,106.0,100.0,0,0,,,2.48,2.42,13,13,0,35.0,85.6,2.454,4.0,1.0,1.93,,6,6,0,18.0,34.8,1.933,3.0,1.5,3.11,3.25,12,12,0,36.0,114.5,3.183,3.7,2.6,,,0,0,0,0.0,0.0,,,,31,31,0,89.0,234.9,2.635,4.0,1.0,5,2.638,3,0,0.0
220682,2.25,100.0,170.0,1,0,,,1.95,2.35,13,12,1,35.0,75.5,2.131,4.0,0.0,1.8,,6,5,1,18.0,32.4,1.8,2.6,0.0,2.53,2.29,12,12,0,35.0,84.5,2.425,3.7,1.5,,,0,0,0,0.0,0.0,,,,31,29,2,88.0,192.4,2.181,4.0,0.0,5,2.184,3,0,0.0
220683,2.56,104.0,170.0,0,0,,,2.26,2.54,13,13,0,35.0,84.2,2.4,3.2,1.5,2.18,,6,6,0,18.0,39.3,2.183,2.8,1.5,2.83,2.85,12,12,0,36.0,102.2,2.85,3.4,2.4,,,0,0,0,0.0,0.0,,,,31,31,0,89.0,225.7,2.532,3.4,1.5,5,2.532,3,0,0.0
220691,2.35,102.0,140.0,2,0,,,1.25,1.64,11,8,3,32.0,45.8,1.418,3.7,0.0,2.04,,5,5,0,15.0,30.6,2.04,2.4,1.0,2.52,2.3,12,12,0,36.0,86.8,2.417,3.4,1.5,,,0,0,0,0.0,0.0,,,,28,25,3,83.0,163.2,1.957,3.7,0.0,5,1.95,3,0,0.0
220704,3.3,115.0,200.0,0,0,,,3.12,3.41,14,14,0,38.0,124.7,3.279,4.0,2.4,2.94,,7,7,0,20.0,58.8,2.943,3.4,2.4,3.41,3.51,14,14,0,42.0,145.5,3.464,4.0,3.0,,,0,0,0,0.0,0.0,,,,35,35,0,100.0,329.0,3.286,4.0,2.4,5,3.278,3,0,0.0
220716,2.29,101.0,130.0,1,0,,,2.16,1.94,13,13,0,35.0,71.6,2.077,3.7,1.0,1.72,,6,5,1,18.0,30.9,1.717,2.4,0.0,2.72,2.77,12,12,0,36.0,98.8,2.75,3.4,2.0,,,0,0,0,0.0,0.0,,,,31,30,1,89.0,201.3,2.268,3.7,0.0,5,2.262,3,0,0.0
220730,2.14,96.0,170.0,2,0,,,2.28,1.42,13,11,2,35.0,64.2,1.885,3.2,0.0,1.95,,6,6,0,17.0,33.2,1.9,2.6,1.0,2.07,2.15,12,11,1,36.0,75.9,2.108,3.0,0.0,,,0,0,0,0.0,0.0,,,,31,28,3,88.0,173.3,1.974,3.2,0.0,5,1.974,3,0,0.0
220732,2.33,103.0,100.0,0,0,,,2.4,2.33,13,13,0,35.0,82.8,2.385,3.2,2.0,1.98,,6,6,0,17.0,33.6,2.0,2.4,1.5,2.67,2.29,12,12,0,36.0,89.3,2.483,3.2,1.0,,,0,0,0,0.0,0.0,,,,31,31,0,88.0,205.7,2.348,3.2,1.0,5,2.334,3,0,0.0
220733,2.51,103.0,160.0,1,0,,,2.01,1.78,13,13,0,35.0,66.2,1.885,2.8,1.0,2.6,,5,5,0,15.0,39.0,2.6,3.0,2.0,2.87,3.02,12,12,0,36.0,106.0,2.95,3.4,2.2,,,0,0,0,0.0,0.0,,,,30,30,0,86.0,211.2,2.43,3.4,1.0,5,2.456,3,0,0.0
220742,2.72,106.0,170.0,0,0,,,2.29,2.66,13,13,0,35.0,86.8,2.508,3.7,1.0,2.43,,6,6,0,18.0,43.8,2.433,2.8,2.0,3.28,2.66,12,12,0,36.0,107.0,2.975,3.7,2.0,,,0,0,0,0.0,0.0,,,,31,31,0,89.0,237.6,2.674,3.7,1.0,5,2.664,3,0,0.0
220744,2.43,100.0,170.0,1,0,,,2.16,1.82,13,12,1,35.0,69.5,1.977,3.4,0.0,2.09,,6,6,0,17.0,35.5,2.117,3.0,1.0,3.03,2.42,11,11,0,33.0,90.8,2.755,4.0,1.5,,,0,0,0,0.0,0.0,,,,30,29,1,85.0,195.8,2.29,4.0,0.0,5,2.304,3,0,0.0
220746,2.88,109.0,130.0,0,0,,,3.02,2.83,14,14,0,38.0,110.8,2.9,4.0,2.0,2.8,,6,6,0,18.0,50.4,2.8,3.2,2.0,3.18,2.67,12,12,0,36.0,105.3,2.925,3.7,2.0,,,0,0,0,0.0,0.0,,,,32,32,0,92.0,266.5,2.891,4.0,2.0,5,2.9,3,0,0.0
220750,2.88,103.0,170.0,1,0,,,1.71,2.68,11,11,0,32.0,69.3,2.145,4.0,1.0,2.53,,6,6,0,18.0,45.6,2.533,3.2,1.0,3.6,3.55,12,12,0,36.0,128.7,3.575,4.0,3.0,,,0,0,0,0.0,0.0,,,,29,29,0,86.0,243.6,2.817,4.0,1.0,5,2.814,3,0,0.0
220752,2.3,98.0,100.0,0,0,,,2.46,2.93,13,13,0,35.0,94.5,2.7,4.0,1.5,2.18,,6,6,0,18.0,39.3,2.183,2.8,1.0,2.76,1.51,12,11,1,36.0,76.9,2.142,4.0,0.0,,,0,0,0,0.0,0.0,,,,31,30,1,89.0,210.7,2.384,4.0,0.0,5,2.368,3,0,0.0
220755,3.27,115.0,200.0,0,0,,,2.98,3.61,14,14,0,38.0,126.4,3.314,4.0,2.4,2.78,,7,7,0,20.0,55.6,2.771,3.4,2.2,3.33,3.44,14,14,0,42.0,142.2,3.386,4.0,2.8,,,0,0,0,0.0,0.0,,,,35,35,0,100.0,324.2,3.234,4.0,2.2,5,3.228,3,0,0.0
220761,2.82,104.0,200.0,0,0,,,2.61,3.01,13,13,0,35.0,98.6,2.815,4.0,1.0,2.35,,6,6,0,18.0,42.3,2.35,3.0,1.5,2.97,2.94,12,12,0,36.0,106.4,2.958,3.7,2.2,,,0,0,0,0.0,0.0,,,,31,31,0,89.0,247.3,2.781,4.0,1.0,5,2.776,3,0,0.0
220767,2.51,104.0,100.0,0,0,,,2.48,2.29,13,13,0,35.0,83.5,2.438,3.7,1.0,2.52,,6,6,0,18.0,45.3,2.517,3.2,1.5,2.87,2.18,12,12,0,36.0,90.9,2.525,3.4,1.0,,,0,0,0,0.0,0.0,,,,31,31,0,89.0,219.7,2.487,3.7,1.0,5,2.468,3,0,0.0
220775,3.14,109.0,140.0,0,0,,,2.58,3.14,13,13,0,35.0,100.4,2.854,4.0,1.5,2.8,,6,6,0,18.0,50.4,2.8,3.2,2.4,3.55,3.3,13,13,0,39.0,133.2,3.415,4.0,2.8,,,0,0,0,0.0,0.0,,,,32,32,0,92.0,284.0,3.072,4.0,1.5,5,3.074,3,0,0.0
220776,2.84,104.0,200.0,0,0,,,2.31,2.73,13,13,0,35.0,88.4,2.538,3.7,1.5,2.9,,6,6,0,18.0,52.2,2.9,3.2,2.8,2.96,3.0,12,12,0,36.0,107.3,2.983,4.0,2.4,,,0,0,0,0.0,0.0,,,,31,31,0,89.0,247.9,2.781,4.0,1.5,5,2.78,3,0,0.0
220778,2.29,101.0,200.0,0,0,,,2.82,2.71,13,13,0,35.0,96.8,2.738,4.0,1.5,2.4,,6,6,0,18.0,43.2,2.4,2.6,2.0,2.15,1.73,12,10,2,36.0,69.8,1.942,3.0,0.0,,,0,0,0,0.0,0.0,,,,31,29,2,89.0,209.8,2.365,4.0,0.0,5,2.362,3,0,0.0
220779,2.5,106.0,130.0,0,0,,,2.16,2.67,13,13,0,35.0,84.7,2.469,3.7,1.0,2.8,,6,6,0,18.0,50.4,2.8,3.4,2.0,2.86,1.82,12,12,0,36.0,84.2,2.342,3.4,1.0,,,0,0,0,0.0,0.0,,,,31,31,0,89.0,219.3,2.484,3.7,1.0,5,2.462,3,0,0.0
220780,2.21,93.0,80.0,2,0,,,1.88,2.02,11,10,1,32.0,62.2,1.964,3.4,0.0,1.69,,6,5,1,17.0,28.8,1.6,2.4,0.0,3.38,1.14,12,10,2,35.0,80.2,2.3,4.0,0.0,,,0,0,0,0.0,0.0,,,,29,25,4,84.0,171.2,2.028,4.0,0.0,5,2.022,3,0,0.0
220788,2.74,106.0,130.0,0,0,,,2.61,2.77,13,13,0,35.0,94.3,2.708,4.0,1.0,2.45,,6,6,0,18.0,44.1,2.45,3.2,1.5,2.76,3.0,12,12,0,36.0,103.6,2.883,3.4,2.2,,,0,0,0,0.0,0.0,,,,31,31,0,89.0,242.0,2.726,4.0,1.0,5,2.718,3,0,0.0
220794,2.71,106.0,170.0,1,0,,,1.89,2.44,11,11,0,32.0,68.7,2.127,3.4,1.0,2.58,,7,7,0,18.0,46.4,2.571,3.0,2.0,3.11,3.03,12,12,0,36.0,110.6,3.075,4.0,2.4,,,0,0,0,0.0,0.0,,,,30,30,0,86.0,225.7,2.61,4.0,1.0,5,2.61,3,0,0.0
220825,2.3,106.0,100.0,0,0,,,2.34,1.73,13,12,1,35.0,70.8,1.962,3.2,0.0,2.23,,6,6,0,18.0,40.2,2.233,2.8,1.0,2.56,2.32,12,12,0,36.0,87.7,2.442,3.7,1.0,,,0,0,0,0.0,0.0,,,,31,30,1,89.0,198.7,2.2,3.7,0.0,5,2.236,3,0,0.0
220865,2.99,109.0,170.0,0,0,,,2.82,3.22,13,13,0,35.0,105.9,3.015,4.0,2.2,2.96,,7,7,0,20.0,59.1,2.957,3.7,2.2,3.2,2.88,13,13,0,39.0,118.1,3.031,3.4,2.4,,,0,0,0,0.0,0.0,,,,33,33,0,94.0,283.1,3.009,4.0,2.2,5,3.016,3,0,0.0
220879,3.18,110.0,200.0,0,0,,,2.65,3.04,13,13,0,35.0,99.7,2.838,3.7,1.5,2.97,,6,6,0,18.0,53.4,2.967,3.4,2.2,3.59,3.34,14,14,0,42.0,145.5,3.464,4.0,3.0,,,0,0,0,0.0,0.0,,,,33,33,0,95.0,298.6,3.127,4.0,1.5,5,3.118,3,0,0.0
220882,2.36,103.0,170.0,1,0,,,1.6,2.62,11,10,1,32.0,66.5,2.082,3.7,0.0,2.0,,6,6,0,18.0,36.0,2.0,2.6,1.5,2.41,2.33,12,12,0,36.0,85.3,2.375,3.2,1.5,,,0,0,0,0.0,0.0,,,,29,28,1,86.0,187.8,2.186,3.7,0.0,5,2.192,3,0,0.0
220887,2.72,104.0,130.0,0,0,,,2.84,2.29,13,13,0,35.0,89.5,2.531,3.7,2.0,2.7,,6,6,0,18.0,48.6,2.7,3.0,2.4,3.0,2.77,12,12,0,36.0,103.8,2.883,3.4,2.2,,,0,0,0,0.0,0.0,,,,31,31,0,89.0,241.9,2.7,3.7,2.0,5,2.72,3,0,0.0
220897,3.38,115.0,170.0,0,0,,,3.08,3.4,14,14,0,38.0,123.9,3.264,4.0,2.4,2.82,,7,7,0,20.0,56.4,2.829,3.4,2.4,3.67,3.66,14,14,0,42.0,153.9,3.664,4.0,3.2,,,0,0,0,0.0,0.0,,,,35,35,0,100.0,334.2,3.337,4.0,2.4,5,3.326,3,0,0.0
220905,2.73,107.0,200.0,0,0,,,2.79,2.0,13,12,1,35.0,83.4,2.369,3.4,0.0,2.53,,6,6,0,18.0,45.6,2.533,2.8,2.2,2.95,2.7,12,12,0,36.0,101.7,2.825,3.7,2.2,,,0,0,0,0.0,0.0,,,,31,30,1,89.0,230.7,2.577,3.7,0.0,5,2.594,3,0,0.0
220910,2.82,101.0,100.0,1,0,,,1.81,3.12,11,10,1,32.0,77.6,2.418,4.0,0.0,2.87,,7,7,0,18.0,51.6,2.929,3.7,2.4,2.93,2.66,12,12,0,36.0,100.7,2.8,4.0,2.0,,,0,0,0,0.0,0.0,,,,30,29,1,86.0,229.9,2.69,4.0,0.0,5,2.678,3,0,0.0
220928,2.54,100.0,130.0,0,0,,,2.76,2.73,13,13,0,35.0,96.0,2.738,3.7,1.0,2.26,,6,6,0,17.0,38.5,2.283,3.0,1.5,2.6,2.35,11,11,0,33.0,82.1,2.491,3.0,1.0,,,0,0,0,0.0,0.0,,,,30,30,0,85.0,216.6,2.557,3.7,1.0,5,2.54,3,0,0.0
220929,2.14,100.0,200.0,0,0,,,2.08,2.23,13,13,0,35.0,75.4,2.177,3.2,1.0,2.5,,6,6,0,18.0,45.0,2.5,2.6,2.2,2.3,1.52,12,10,2,36.0,68.7,1.908,3.0,0.0,,,0,0,0,0.0,0.0,,,,31,29,2,89.0,189.1,2.135,3.2,0.0,5,2.126,3,0,0.0
220944,2.72,104.0,100.0,0,0,,,2.31,2.44,13,13,0,35.0,83.2,2.369,3.7,1.0,2.25,,6,6,0,18.0,40.5,2.25,2.8,1.5,3.21,2.97,12,12,0,36.0,111.2,3.092,4.0,2.2,,,0,0,0,0.0,0.0,,,,31,31,0,89.0,234.9,2.626,4.0,1.0,5,2.636,3,0,0.0
220959,2.55,104.0,170.0,0,0,,,2.34,2.65,13,13,0,35.0,87.5,2.538,3.7,1.0,2.3,,6,6,0,18.0,41.4,2.3,2.8,2.0,2.82,2.51,12,12,0,36.0,96.0,2.675,3.2,1.5,,,0,0,0,0.0,0.0,,,,31,31,0,89.0,224.9,2.545,3.7,1.0,5,2.524,3,0,0.0
220973,2.51,106.0,130.0,0,0,,,2.19,2.32,13,13,0,35.0,78.9,2.285,4.0,1.0,2.03,,6,6,0,18.0,36.6,2.033,2.6,1.5,2.89,3.06,12,12,0,36.0,107.2,2.983,3.4,2.2,,,0,0,0,0.0,0.0,,,,31,31,0,89.0,222.7,2.506,4.0,1.0,5,2.498,3,0,0.0
220980,2.66,103.0,160.0,1,0,,,1.96,2.8,13,13,0,35.0,83.7,2.438,4.0,1.0,2.33,,6,6,0,18.0,42.0,2.333,2.6,2.0,3.07,2.96,12,12,0,36.0,108.4,3.017,3.4,2.6,,,0,0,0,0.0,0.0,,,,31,31,0,89.0,234.1,2.642,4.0,1.0,5,2.624,3,0,0.0
220981,2.95,105.0,200.0,0,0,,,2.76,3.14,13,13,0,35.0,103.5,2.977,4.0,1.5,2.54,,6,6,0,17.0,43.2,2.533,2.8,2.2,3.06,3.11,12,12,0,35.0,107.9,3.083,4.0,2.4,,,0,0,0,0.0,0.0,,,,31,31,0,87.0,254.6,2.932,4.0,1.5,5,2.922,3,0,0.0
220988,2.16,97.0,160.0,2,0,,,2.06,1.45,13,11,2,35.0,61.1,1.746,3.7,0.0,1.66,,5,4,1,15.0,24.9,1.66,2.4,0.0,2.28,2.15,12,11,1,35.0,77.6,2.225,3.2,0.0,,,0,0,0,0.0,0.0,,,,30,26,4,85.0,163.6,1.923,3.7,0.0,5,1.92,3,0,0.0
220995,2.39,106.0,160.0,0,0,,,2.02,2.61,13,13,0,35.0,81.2,2.331,3.7,1.0,2.05,,6,6,0,18.0,36.9,2.05,2.8,1.5,2.3,2.55,12,12,0,36.0,87.3,2.433,3.7,1.5,,,0,0,0,0.0,0.0,,,,31,31,0,89.0,205.4,2.316,3.7,1.0,5,2.306,3,0,0.0
221000,2.33,96.0,200.0,0,0,,,2.19,2.33,13,13,0,35.0,79.2,2.215,4.0,1.0,2.07,,6,6,0,16.0,33.1,2.05,2.8,1.0,2.12,2.46,12,12,0,36.0,82.3,2.292,3.2,1.0,,,0,0,0,0.0,0.0,,,,31,31,0,87.0,194.6,2.213,4.0,1.0,5,2.234,3,0,0.0
221008,3.08,109.0,130.0,0,0,,,2.86,2.93,13,13,0,35.0,101.4,2.877,4.0,2.0,2.73,,6,6,0,18.0,49.2,2.733,3.0,2.6,3.53,3.2,13,13,0,39.0,130.9,3.362,4.0,2.6,,,0,0,0,0.0,0.0,,,,32,32,0,92.0,281.5,3.047,4.0,2.0,5,3.05,3,0,0.0
221009,3.14,110.0,100.0,0,0,,,2.58,3.29,13,12,1,35.0,103.0,2.9,4.0,0.0,2.97,,6,6,0,18.0,53.4,2.967,3.4,2.6,3.3,3.13,14,14,0,42.0,135.0,3.214,3.7,2.8,,,0,0,0,0.0,0.0,,,,33,32,1,95.0,291.4,3.045,4.0,0.0,5,3.054,3,0,0.0
221019,2.98,104.0,130.0,0,0,,,2.19,2.36,13,12,1,35.0,79.7,2.338,3.7,0.0,3.03,,6,6,0,18.0,54.6,3.033,3.4,2.4,3.3,3.35,12,12,0,36.0,119.7,3.325,3.7,2.4,,,0,0,0,0.0,0.0,,,,31,30,1,89.0,254.0,2.855,3.7,0.0,5,2.846,3,0,0.0
221020,2.14,94.0,90.0,1,0,,,2.09,1.94,13,12,1,35.0,70.6,1.969,3.7,0.0,1.53,,6,4,2,18.0,27.6,1.533,2.6,0.0,2.35,2.28,11,11,0,33.0,76.5,2.318,2.8,1.5,,,0,0,0,0.0,0.0,,,,30,27,3,86.0,174.7,2.01,3.7,0.0,5,2.038,3,0,0.0
221037,2.57,106.0,160.0,0,0,,,2.14,2.39,13,13,0,35.0,79.3,2.292,3.2,1.0,2.18,,6,6,0,18.0,39.3,2.183,2.6,1.5,2.98,2.89,12,12,0,36.0,105.6,2.942,3.7,2.2,,,0,0,0,0.0,0.0,,,,31,31,0,89.0,224.2,2.523,3.7,1.0,5,2.516,3,0,0.0
221041,2.92,104.0,170.0,0,0,,,2.63,2.88,13,13,0,35.0,96.5,2.746,4.0,2.0,2.43,,6,6,0,18.0,43.8,2.433,3.2,2.0,2.88,3.32,12,12,0,36.0,111.6,3.108,3.7,2.6,,,0,0,0,0.0,0.0,,,,31,31,0,89.0,251.9,2.826,4.0,2.0,5,2.828,3,0,0.0
221058,2.56,104.0,170.0,1,0,,,2.06,1.94,13,11,2,35.0,69.9,1.946,3.7,0.0,2.47,,6,6,0,18.0,44.4,2.467,3.4,2.2,2.7,2.93,12,12,0,36.0,101.4,2.817,3.2,2.2,,,0,0,0,0.0,0.0,,,,31,29,2,89.0,215.7,2.384,3.7,0.0,5,2.42,3,0,0.0
221071,3.15,111.0,200.0,0,0,,,3.06,3.09,14,14,0,38.0,116.8,3.064,4.0,2.2,2.91,,7,7,0,19.0,55.2,2.929,3.7,2.4,3.38,3.24,13,13,0,39.0,129.0,3.308,3.7,3.0,,,0,0,0,0.0,0.0,,,,34,34,0,96.0,301.0,3.129,4.0,2.2,5,3.136,3,0,0.0
221073,2.86,106.0,130.0,0,0,,,2.44,2.87,13,13,0,35.0,93.1,2.654,3.2,1.5,2.6,,6,6,0,18.0,46.8,2.6,3.0,2.4,3.15,2.96,12,12,0,36.0,110.0,3.058,3.7,2.6,,,0,0,0,0.0,0.0,,,,31,31,0,89.0,249.9,2.8,3.7,1.5,5,2.804,3,0,0.0
221075,2.78,103.0,200.0,0,0,,,2.64,3.2,13,13,0,35.0,102.5,2.938,4.0,1.5,2.36,,6,6,0,17.0,40.2,2.367,2.6,2.0,2.59,2.83,12,12,0,36.0,97.7,2.717,3.4,2.0,,,0,0,0,0.0,0.0,,,,31,31,0,88.0,240.4,2.742,4.0,1.5,5,2.724,3,0,0.0
221086,2.55,96.0,130.0,3,0,,,1.92,1.9,11,10,1,32.0,61.1,1.918,3.2,0.0,1.94,,6,5,1,17.0,33.0,2.0,3.0,0.0,2.76,2.66,12,12,0,36.0,97.6,2.717,3.2,2.2,,,0,0,0,0.0,0.0,,,,29,27,2,85.0,191.7,2.266,3.2,0.0,5,2.236,3,0,0.0
221087,2.89,104.0,160.0,0,0,,,2.24,2.86,13,13,0,35.0,89.5,2.577,3.7,1.5,2.12,,6,6,0,18.0,38.1,2.117,2.8,1.0,3.35,3.6,12,12,0,36.0,125.1,3.475,4.0,2.2,,,0,0,0,0.0,0.0,,,,31,31,0,89.0,252.7,2.835,4.0,1.0,5,2.834,3,0,0.0
221102,2.67,106.0,140.0,0,0,,,2.58,2.23,13,13,0,35.0,84.1,2.438,4.0,1.0,2.73,,6,6,0,18.0,49.2,2.733,3.4,2.2,3.01,2.33,12,12,0,36.0,96.2,2.675,3.7,1.0,,,0,0,0,0.0,0.0,,,,31,31,0,89.0,229.5,2.587,4.0,1.0,5,2.576,3,0,0.0
221105,2.65,107.0,190.0,0,0,,,2.25,2.36,13,13,0,35.0,80.7,2.354,3.7,1.0,1.82,,6,6,0,18.0,32.7,1.817,2.8,1.0,3.12,3.15,12,12,0,36.0,112.8,3.133,3.7,2.2,,,0,0,0,0.0,0.0,,,,31,31,0,89.0,226.2,2.552,3.7,1.0,5,2.54,3,0,0.0
221109,2.15,98.0,100.0,0,0,,,2.07,2.64,13,13,0,35.0,82.8,2.377,3.4,1.0,1.92,,6,5,1,17.0,32.7,1.817,2.6,0.0,1.48,2.33,12,11,1,36.0,68.6,1.908,2.8,0.0,,,0,0,0,0.0,0.0,,,,31,29,2,88.0,184.1,2.087,3.4,0.0,5,2.088,3,0,0.0
221115,2.54,106.0,100.0,0,0,,,2.26,2.86,13,13,0,35.0,90.0,2.585,3.7,1.0,2.1,,6,6,0,18.0,37.8,2.1,2.6,1.0,2.57,2.45,12,12,0,36.0,90.3,2.517,3.2,2.2,,,0,0,0,0.0,0.0,,,,31,31,0,89.0,218.1,2.465,3.7,1.0,5,2.448,3,0,0.0
221123,2.5,98.0,140.0,0,0,,,2.23,2.32,13,13,0,35.0,79.7,2.262,3.7,1.0,2.03,,6,5,1,18.0,36.6,2.033,3.0,0.0,2.55,3.12,12,12,0,36.0,102.0,2.833,4.0,1.5,,,0,0,0,0.0,0.0,,,,31,30,1,89.0,218.3,2.439,4.0,0.0,5,2.45,3,0,0.0
221127,3.0,106.0,200.0,0,0,,,2.43,2.81,13,13,0,35.0,91.9,2.623,3.4,1.5,2.5,,6,6,0,18.0,45.0,2.5,2.8,2.2,3.52,3.38,12,12,0,36.0,124.1,3.45,4.0,2.6,,,0,0,0,0.0,0.0,,,,31,31,0,89.0,261.0,2.919,4.0,1.5,5,2.928,3,0,0.0
221129,2.2,94.0,100.0,0,0,,,2.64,2.48,13,13,0,35.0,89.4,2.569,3.7,1.5,2.21,,6,6,0,17.0,37.5,2.25,3.0,1.0,2.08,1.43,12,10,2,36.0,63.2,1.758,3.0,0.0,,,0,0,0,0.0,0.0,,,,31,29,2,88.0,190.1,2.194,3.7,0.0,5,2.168,3,0,0.0
221130,2.37,101.0,190.0,0,0,,,2.01,2.56,13,12,1,35.0,80.3,2.238,3.7,0.0,1.72,,6,5,1,18.0,30.9,1.717,2.4,0.0,2.71,2.16,12,12,0,36.0,87.7,2.442,3.7,1.5,,,0,0,0,0.0,0.0,,,,31,29,2,89.0,198.9,2.216,3.7,0.0,5,2.232,3,0,0.0
221137,3.23,115.0,170.0,0,0,,,3.22,3.37,14,14,0,38.0,125.5,3.293,4.0,2.2,3.12,,7,7,0,20.0,62.3,3.1,3.7,2.6,3.17,3.1,14,14,0,42.0,131.6,3.136,4.0,2.6,,,0,0,0,0.0,0.0,,,,35,35,0,100.0,319.4,3.191,4.0,2.2,5,3.196,3,0,0.0
221138,2.54,104.0,100.0,0,0,,,,,0,0,0,0.0,0.0,,,,2.23,,6,6,0,18.0,40.2,2.233,3.0,1.5,2.92,2.75,12,12,0,36.0,102.1,2.842,3.4,1.5,,,0,0,0,0.0,0.0,,,,18,18,0,54.0,142.3,2.639,3.4,1.5,3,2.633,2,0,0.0
221145,2.07,103.0,130.0,2,0,,,2.2,1.77,13,12,1,35.0,69.3,1.977,3.0,0.0,2.04,,5,5,0,15.0,30.6,2.04,2.4,1.0,2.31,1.66,12,12,0,36.0,71.4,1.992,2.8,1.0,,,0,0,0,0.0,0.0,,,,30,29,1,86.0,171.3,1.993,3.0,0.0,5,1.996,3,0,0.0
221155,2.39,106.0,140.0,0,0,,,2.33,2.14,13,13,0,35.0,78.2,2.262,3.4,1.0,2.13,,6,6,0,18.0,38.4,2.133,2.8,1.0,2.92,2.36,12,12,0,36.0,95.0,2.642,3.7,2.0,,,0,0,0,0.0,0.0,,,,31,31,0,89.0,211.6,2.384,3.7,1.0,5,2.376,3,0,0.0
221159,2.62,101.0,60.0,0,0,,,2.69,2.61,13,13,0,35.0,92.6,2.623,3.7,1.5,2.07,,6,6,0,18.0,37.2,2.067,2.4,1.0,2.96,2.73,12,12,0,36.0,102.3,2.85,3.4,2.4,,,0,0,0,0.0,0.0,,,,31,31,0,89.0,232.1,2.603,3.7,1.0,5,2.612,3,0,0.0
221162,3.13,103.0,100.0,0,0,,,2.88,3.01,13,13,0,35.0,103.1,2.938,3.7,2.2,3.05,,6,6,0,17.0,51.8,3.033,3.4,2.6,3.28,3.26,13,13,0,39.0,127.5,3.269,4.0,2.4,,,0,0,0,0.0,0.0,,,,32,32,0,91.0,282.4,3.091,4.0,2.2,5,3.096,3,0,0.0
221176,2.82,106.0,170.0,0,0,,,2.69,2.83,13,13,0,35.0,96.7,2.746,4.0,2.0,2.77,,6,6,0,18.0,49.8,2.767,3.2,2.0,3.16,2.63,12,12,0,36.0,104.1,2.9,3.7,2.2,,,0,0,0,0.0,0.0,,,,31,31,0,89.0,250.6,2.81,4.0,2.0,5,2.816,3,0,0.0
221180,2.24,97.0,140.0,2,0,,,2.15,1.39,13,12,1,35.0,61.5,1.792,4.0,0.0,1.56,,5,4,1,15.0,23.4,1.56,2.4,0.0,2.71,2.47,12,12,0,36.0,93.2,2.592,3.7,2.0,,,0,0,0,0.0,0.0,,,,30,28,2,86.0,178.1,2.073,4.0,0.0,5,2.056,3,0,0.0
221186,2.76,106.0,160.0,0,0,,,2.69,2.63,13,12,1,35.0,93.0,2.615,3.7,0.0,2.23,,6,6,0,18.0,40.2,2.233,2.8,1.5,3.11,2.79,12,12,0,36.0,106.2,2.958,3.7,2.2,,,0,0,0,0.0,0.0,,,,31,30,1,89.0,239.4,2.674,3.7,0.0,5,2.69,3,0,0.0
221195,2.8,106.0,190.0,0,0,,,2.58,2.41,13,13,0,35.0,87.3,2.485,3.7,1.0,2.33,,6,6,0,18.0,42.0,2.333,2.8,1.0,3.28,3.27,12,12,0,36.0,117.9,3.275,3.7,2.8,,,0,0,0,0.0,0.0,,,,31,31,0,89.0,247.2,2.761,3.7,1.0,5,2.774,3,0,0.0
221197,2.83,106.0,130.0,0,0,,,2.45,2.56,13,13,0,35.0,87.6,2.531,3.7,1.0,2.67,,6,6,0,18.0,48.0,2.667,2.8,2.6,3.18,3.03,12,12,0,36.0,111.8,3.108,3.7,2.4,,,0,0,0,0.0,0.0,,,,31,31,0,89.0,247.4,2.781,3.7,1.0,5,2.778,3,0,0.0
221201,2.92,103.0,160.0,0,0,,,2.75,2.84,13,13,0,35.0,97.9,2.777,3.7,2.0,2.82,,6,6,0,17.0,47.9,2.717,3.7,1.0,2.86,3.19,12,12,0,36.0,109.0,3.033,3.7,2.2,,,0,0,0,0.0,0.0,,,,31,31,0,88.0,254.8,2.865,3.7,1.0,5,2.892,3,0,0.0
221202,2.59,106.0,160.0,0,0,,,2.44,2.04,13,13,0,35.0,78.2,2.215,3.7,1.5,2.22,,6,6,0,18.0,39.9,2.217,2.6,1.5,3.23,2.98,12,12,0,36.0,111.8,3.108,3.7,2.2,,,0,0,0,0.0,0.0,,,,31,31,0,89.0,229.9,2.561,3.7,1.5,5,2.582,3,0,0.0
221206,2.63,106.0,170.0,0,0,,,2.37,2.26,13,12,1,35.0,81.0,2.323,3.7,0.0,2.43,,6,6,0,18.0,43.8,2.433,3.0,2.0,2.73,2.8,12,12,0,36.0,99.5,2.767,3.2,2.0,,,0,0,0,0.0,0.0,,,,31,30,1,89.0,224.3,2.516,3.7,0.0,5,2.518,3,0,0.0
221209,2.36,96.0,130.0,2,0,,,1.81,2.16,11,10,1,32.0,63.1,1.973,3.7,0.0,2.24,,5,5,0,15.0,33.6,2.24,2.4,2.0,2.53,2.37,12,12,0,35.0,85.9,2.475,3.4,1.5,,,0,0,0,0.0,0.0,,,,28,27,1,82.0,182.6,2.236,3.7,0.0,5,2.222,3,0,0.0
221213,2.78,104.0,130.0,1,0,,,1.65,2.94,11,10,1,32.0,72.2,2.218,3.7,0.0,2.58,,7,7,0,18.0,46.4,2.629,3.4,2.0,3.37,2.7,12,12,0,36.0,109.2,3.033,4.0,2.2,,,0,0,0,0.0,0.0,,,,30,29,1,86.0,227.8,2.64,4.0,0.0,5,2.648,3,0,0.0
221214,2.28,100.0,100.0,0,0,,,2.08,2.39,13,13,0,35.0,78.5,2.246,4.0,1.0,2.02,,6,6,0,18.0,36.3,2.017,2.6,1.0,2.4,2.32,12,12,0,35.0,82.7,2.358,3.2,1.0,,,0,0,0,0.0,0.0,,,,31,31,0,88.0,197.5,2.245,4.0,1.0,5,2.242,3,0,0.0
221221,2.3,104.0,100.0,0,0,,,,,0,0,0,0.0,0.0,,,,2.15,,6,6,0,18.0,38.7,2.15,3.0,1.5,2.46,2.12,12,12,0,36.0,82.4,2.3,3.4,1.5,,,0,0,0,0.0,0.0,,,,18,18,0,54.0,121.1,2.25,3.4,1.5,3,2.243,2,0,0.0
221223,3.06,112.0,160.0,0,0,,,2.86,3.16,13,13,0,35.0,105.5,2.992,4.0,1.5,2.66,,7,7,0,21.0,55.8,2.657,3.0,2.2,3.21,3.31,13,13,0,39.0,127.4,3.269,4.0,2.6,,,0,0,0,0.0,0.0,,,,33,33,0,95.0,288.7,3.03,4.0,1.5,5,3.04,3,0,0.0
221225,2.53,106.0,130.0,0,0,,,2.04,2.79,13,13,0,35.0,84.8,2.462,3.4,1.0,2.47,,6,6,0,18.0,44.4,2.467,3.2,2.0,2.43,2.57,12,12,0,36.0,90.0,2.5,3.7,1.0,,,0,0,0,0.0,0.0,,,,31,31,0,89.0,219.2,2.477,3.7,1.0,5,2.46,3,0,0.0
221227,2.4,94.0,130.0,1,0,,,,,0,0,0,0.0,0.0,,,,1.5,,6,5,1,18.0,27.0,1.5,2.0,0.0,2.93,1.98,12,11,1,35.0,86.5,2.475,3.4,0.0,,,0,0,0,0.0,0.0,,,,18,16,2,53.0,113.5,2.15,3.4,0.0,3,2.137,2,0,0.0
221228,2.81,97.0,130.0,0,0,,,2.4,2.44,13,12,1,35.0,84.7,2.354,3.7,0.0,2.44,,6,6,0,16.0,39.0,2.433,2.6,2.2,3.13,3.35,12,12,0,36.0,116.6,3.242,4.0,2.0,,,0,0,0,0.0,0.0,,,,31,30,1,87.0,240.3,2.713,4.0,0.0,5,2.752,3,0,0.0
221238,2.1,97.0,140.0,2,0,,,2.12,2.07,13,13,0,35.0,73.4,2.123,3.7,1.0,1.17,,6,5,1,18.0,21.0,1.167,2.0,0.0,2.22,2.21,11,11,0,33.0,73.1,2.218,3.0,1.5,,,0,0,0,0.0,0.0,,,,30,29,1,86.0,167.5,1.967,3.7,0.0,5,1.958,3,0,0.0
221254,2.31,103.0,200.0,2,0,,,1.62,2.14,11,10,1,32.0,59.6,1.873,3.7,0.0,2.03,,6,6,0,18.0,36.6,2.033,2.4,1.0,2.44,2.51,12,12,0,36.0,89.1,2.483,3.7,1.0,,,0,0,0,0.0,0.0,,,,29,28,1,86.0,185.3,2.159,3.7,0.0,5,2.148,3,0,0.0
221256,3.4,108.0,200.0,0,0,,,3.05,2.72,14,13,1,38.0,108.9,2.886,4.0,0.0,3.28,,6,6,0,17.0,55.8,3.267,3.7,3.0,3.68,3.7,12,12,0,36.0,132.9,3.692,4.0,3.0,,,0,0,0,0.0,0.0,,,,32,31,1,91.0,297.6,3.259,4.0,0.0,5,3.286,3,0,0.0
221288,2.58,106.0,190.0,0,0,,,2.05,2.51,13,13,0,35.0,80.0,2.3,4.0,1.5,2.33,,6,6,0,18.0,42.0,2.333,2.6,2.2,2.86,2.89,12,12,0,36.0,103.5,2.883,3.4,2.4,,,0,0,0,0.0,0.0,,,,31,31,0,89.0,225.5,2.532,4.0,1.5,5,2.528,3,0,0.0
221290,2.79,106.0,130.0,0,0,,,2.42,2.74,13,13,0,35.0,90.5,2.569,3.7,1.0,2.5,,6,6,0,18.0,45.0,2.5,2.8,2.0,2.92,3.12,12,12,0,36.0,108.6,3.017,3.7,1.5,,,0,0,0,0.0,0.0,,,,31,31,0,89.0,244.1,2.729,3.7,1.0,5,2.74,3,0,0.0
221292,2.96,103.0,100.0,0,0,,,2.34,3.14,13,13,0,35.0,96.3,2.762,4.0,1.5,2.76,,6,6,0,17.0,47.0,2.8,3.4,1.0,3.37,2.98,12,12,0,36.0,114.3,3.175,4.0,2.4,,,0,0,0,0.0,0.0,,,,31,31,0,88.0,257.6,2.929,4.0,1.0,5,2.918,3,0,0.0
221294,3.13,109.0,100.0,0,0,,,2.71,3.1,13,13,0,35.0,101.8,2.908,4.0,2.0,2.97,,6,6,0,18.0,53.4,2.967,3.2,2.8,3.23,3.41,14,14,0,41.0,136.0,3.314,4.0,2.4,,,0,0,0,0.0,0.0,,,,33,33,0,94.0,291.2,3.091,4.0,2.0,5,3.084,3,0,0.0
221301,2.93,103.0,100.0,0,0,,,2.78,2.81,13,13,0,35.0,97.8,2.762,4.0,1.0,2.7,,6,6,0,18.0,48.6,2.7,3.2,2.2,3.25,3.26,11,11,0,33.0,107.4,3.255,3.7,2.8,,,0,0,0,0.0,0.0,,,,30,30,0,86.0,253.8,2.93,4.0,1.0,5,2.96,3,0,0.0
221305,2.19,100.0,100.0,1,0,,,1.99,2.31,13,13,0,35.0,75.3,2.146,3.4,1.0,2.53,,6,6,0,18.0,45.6,2.533,3.0,2.0,2.62,1.09,12,10,2,36.0,66.9,1.867,3.0,0.0,,,0,0,0,0.0,0.0,,,,31,29,2,89.0,187.8,2.113,3.4,0.0,5,2.108,3,0,0.0
221312,2.96,103.0,200.0,0,0,,,2.89,3.0,13,13,0,35.0,103.2,2.962,3.7,2.0,2.81,,6,6,0,17.0,47.8,2.833,3.2,2.4,3.1,2.78,13,13,0,39.0,114.1,2.931,3.7,1.0,,,0,0,0,0.0,0.0,,,,32,32,0,91.0,265.1,2.925,3.7,1.0,5,2.916,3,0,0.0
221325,2.44,73.0,100.0,0,0,,,2.51,2.86,13,13,0,35.0,94.2,2.677,4.0,1.5,1.48,,6,5,1,18.0,26.7,1.483,2.2,0.0,,2.6,3,3,0,9.0,23.4,2.6,3.0,2.4,,,0,0,0,0.0,0.0,,,,22,21,1,62.0,144.3,2.341,4.0,0.0,4,2.362,3,0,1.0
221328,2.23,101.0,130.0,0,0,,,2.28,2.58,13,13,0,35.0,85.3,2.454,3.7,1.0,2.25,,6,6,0,18.0,40.5,2.25,2.8,1.5,2.26,1.79,12,11,1,36.0,72.9,2.033,3.0,0.0,,,0,0,0,0.0,0.0,,,,31,30,1,89.0,198.7,2.252,3.7,0.0,5,2.232,3,0,0.0
221334,1.94,89.0,100.0,2,2,,,1.9,2.24,11,11,0,32.0,65.9,2.027,2.8,1.0,2.4,,7,7,0,18.0,43.2,2.429,3.0,2.0,1.49,1.5,12,9,3,36.0,53.9,1.5,2.8,0.0,,,0,0,0,0.0,0.0,,,,30,27,3,86.0,163.0,1.91,3.0,0.0,5,1.906,3,0,1.0
221335,2.84,104.0,130.0,0,0,,,2.75,2.94,13,13,0,35.0,99.6,2.831,4.0,2.0,2.77,,6,6,0,18.0,49.8,2.767,3.0,2.6,2.96,2.79,12,12,0,36.0,103.5,2.883,3.4,2.2,,,0,0,0,0.0,0.0,,,,31,31,0,89.0,252.9,2.839,4.0,2.0,5,2.842,3,0,0.0
221338,2.6,104.0,100.0,0,0,,,2.21,2.94,13,12,1,35.0,90.5,2.554,3.7,0.0,1.93,,6,6,0,18.0,34.8,1.933,2.4,1.5,3.05,2.58,12,12,0,36.0,101.3,2.817,3.7,1.5,,,0,0,0,0.0,0.0,,,,31,30,1,89.0,226.6,2.535,3.7,0.0,5,2.542,3,0,0.0
221344,2.36,101.0,100.0,0,0,,,2.41,2.23,13,12,1,35.0,81.1,2.285,3.4,0.0,1.67,,6,6,0,18.0,30.0,1.667,2.0,1.0,2.58,2.54,12,12,0,35.0,89.7,2.592,3.4,1.5,,,0,0,0,0.0,0.0,,,,31,30,1,88.0,200.8,2.284,3.4,0.0,5,2.286,3,0,0.0
221349,2.96,100.0,160.0,0,0,,,2.15,2.73,13,13,0,35.0,85.8,2.454,3.4,1.0,2.65,,6,6,0,17.0,45.1,2.683,3.2,1.5,3.43,3.53,12,12,0,36.0,125.3,3.483,4.0,2.6,,,0,0,0,0.0,0.0,,,,31,31,0,88.0,256.2,2.897,4.0,1.0,5,2.898,3,0,0.0
221358,2.99,106.0,130.0,0,0,,,2.6,2.87,13,13,0,35.0,95.8,2.738,4.0,2.2,3.15,,6,6,0,18.0,56.7,3.15,3.7,2.6,2.97,3.35,12,12,0,36.0,113.7,3.158,3.7,2.2,,,0,0,0,0.0,0.0,,,,31,31,0,89.0,266.2,2.981,4.0,2.2,5,2.988,3,0,0.0
221367,2.58,102.0,170.0,1,0,,,1.76,2.42,11,11,0,32.0,66.2,2.073,3.4,1.0,2.44,,6,6,0,17.0,41.4,2.433,2.8,2.0,2.77,3.09,12,12,0,36.0,105.5,2.933,3.4,2.0,,,0,0,0,0.0,0.0,,,,29,29,0,85.0,213.1,2.503,3.4,1.0,5,2.496,3,0,0.0
221370,2.37,98.0,130.0,0,0,,,2.31,2.48,13,13,0,35.0,83.9,2.415,3.4,1.0,1.42,,6,5,1,18.0,25.5,1.417,2.0,0.0,2.52,2.59,12,12,0,36.0,92.0,2.558,3.2,1.5,,,0,0,0,0.0,0.0,,,,31,30,1,89.0,201.4,2.277,3.4,0.0,5,2.264,3,0,0.0
221373,2.97,107.0,230.0,0,0,,,2.55,3.07,13,13,0,35.0,98.6,2.862,4.0,1.0,3.15,,6,6,0,18.0,56.7,3.15,3.7,2.4,3.2,2.72,13,13,0,39.0,114.7,2.946,4.0,1.0,,,0,0,0,0.0,0.0,,,,32,32,0,92.0,270.0,2.95,4.0,1.0,5,2.938,3,0,0.0
221374,3.19,107.0,170.0,0,0,,,2.76,3.02,13,13,0,35.0,101.2,2.877,3.7,2.2,2.9,,6,6,0,18.0,52.2,2.9,3.4,2.2,3.45,3.54,13,13,0,39.0,136.5,3.5,4.0,2.8,,,0,0,0,0.0,0.0,,,,32,32,0,92.0,289.9,3.134,4.0,2.2,5,3.134,3,0,0.0
221403,2.16,103.0,60.0,0,0,,,2.48,2.69,13,13,0,35.0,90.6,2.585,3.2,2.0,2.22,,6,6,0,18.0,39.9,2.217,2.8,1.5,2.18,1.38,12,11,1,36.0,64.1,1.783,3.0,0.0,,,0,0,0,0.0,0.0,,,,31,30,1,89.0,194.6,2.203,3.2,0.0,5,2.19,3,0,0.0
221415,3.03,106.0,200.0,0,0,,,2.68,2.69,13,13,0,35.0,94.0,2.685,4.0,1.5,2.67,,6,6,0,18.0,48.0,2.667,2.8,2.4,3.35,3.58,12,12,0,36.0,124.8,3.467,4.0,2.8,,,0,0,0,0.0,0.0,,,,31,31,0,89.0,266.8,2.984,4.0,1.5,5,2.994,3,0,0.0
221416,2.97,103.0,170.0,0,0,,,2.78,2.76,13,13,0,35.0,97.0,2.723,4.0,1.0,2.74,,6,6,0,17.0,46.6,2.767,3.2,2.4,3.1,3.24,12,12,0,36.0,114.2,3.175,4.0,2.0,,,0,0,0,0.0,0.0,,,,31,31,0,88.0,257.8,2.906,4.0,1.0,5,2.924,3,0,0.0
221438,2.33,106.0,160.0,1,0,,,2.15,2.4,13,13,0,35.0,79.7,2.246,3.2,1.0,1.45,,6,6,0,18.0,26.1,1.45,2.2,1.0,2.52,2.65,12,12,0,36.0,93.1,2.592,3.2,1.5,,,0,0,0,0.0,0.0,,,,31,31,0,89.0,198.9,2.226,3.2,1.0,5,2.234,3,0,0.0
221443,2.99,114.0,230.0,0,0,,,3.02,3.04,14,14,0,38.0,115.2,3.021,4.0,2.0,2.62,,5,5,0,13.0,34.0,2.6,3.0,2.0,2.9,2.98,13,13,0,39.0,114.6,2.946,3.7,2.6,,,0,0,0,0.0,0.0,,,,32,32,0,90.0,263.8,2.925,4.0,2.0,5,2.912,3,0,0.0
221458,2.95,106.0,170.0,0,0,,,2.68,2.98,13,13,0,35.0,99.1,2.823,4.0,1.5,2.9,,6,6,0,18.0,52.2,2.9,3.4,2.4,3.1,3.03,12,12,0,36.0,110.3,3.067,3.4,2.4,,,0,0,0,0.0,0.0,,,,31,31,0,89.0,261.6,2.932,4.0,1.5,5,2.938,3,0,0.0
221461,2.78,104.0,170.0,0,0,,,2.34,2.52,13,13,0,35.0,85.1,2.446,3.7,1.0,2.32,,6,6,0,18.0,41.7,2.317,3.2,1.5,3.28,3.15,12,12,0,36.0,115.8,3.217,3.7,2.8,,,0,0,0,0.0,0.0,,,,31,31,0,89.0,242.6,2.719,3.7,1.0,5,2.722,3,0,0.0
221462,2.76,109.0,200.0,0,0,,,2.71,2.94,13,13,0,35.0,98.9,2.808,4.0,2.0,2.59,,6,6,0,17.0,44.0,2.6,3.2,2.2,2.97,2.48,12,12,0,36.0,98.1,2.725,3.4,1.5,,,0,0,0,0.0,0.0,,,,31,31,0,88.0,241.0,2.735,4.0,1.5,5,2.738,3,0,0.0
221463,1.92,92.0,70.0,3,2,,,1.31,2.48,11,8,3,32.0,59.4,1.8,4.0,0.0,1.93,,6,6,0,18.0,34.8,1.933,2.4,1.5,1.72,1.51,12,10,2,34.0,55.1,1.683,2.6,0.0,,,0,0,0,0.0,0.0,,,,29,24,5,84.0,149.3,1.779,4.0,0.0,5,1.79,3,0,0.0
221465,2.81,109.0,190.0,0,0,,,2.27,1.88,13,11,2,35.0,72.4,2.085,3.7,0.0,2.3,,6,6,0,17.0,39.1,2.317,2.8,1.5,3.24,3.27,12,12,0,36.0,117.2,3.258,4.0,2.6,,,0,0,0,0.0,0.0,,,,31,29,2,88.0,228.7,2.584,4.0,0.0,5,2.592,3,0,0.0
221468,2.4,100.0,160.0,3,0,,,1.87,2.0,11,11,0,32.0,61.8,1.918,3.7,1.0,1.35,,6,6,0,17.0,23.0,1.333,2.0,1.0,2.96,2.4,12,12,0,36.0,96.5,2.683,3.2,2.0,,,0,0,0,0.0,0.0,,,,29,29,0,85.0,181.3,2.114,3.7,1.0,5,2.116,3,0,0.0
221480,2.75,106.0,170.0,0,0,,,2.07,2.92,13,13,0,35.0,87.8,2.523,4.0,1.0,2.67,,6,6,0,18.0,48.0,2.667,3.0,2.0,3.12,2.61,12,12,0,36.0,103.1,2.867,3.7,1.5,,,0,0,0,0.0,0.0,,,,31,31,0,89.0,238.9,2.684,4.0,1.0,5,2.678,3,0,0.0
221508,2.48,101.0,170.0,3,0,,,1.77,1.74,11,10,1,32.0,56.2,1.764,3.7,0.0,1.78,,6,5,1,17.0,30.3,1.683,2.4,0.0,2.98,2.49,12,12,0,36.0,98.5,2.742,3.7,2.0,,,0,0,0,0.0,0.0,,,,29,27,2,85.0,185.0,2.152,3.7,0.0,5,2.152,3,0,0.0
221512,2.12,98.0,100.0,1,0,,,2.25,2.08,13,12,1,35.0,75.7,2.146,3.2,0.0,1.4,,6,5,1,18.0,25.2,1.4,2.4,0.0,2.23,2.02,12,11,1,36.0,76.5,2.133,3.4,0.0,,,0,0,0,0.0,0.0,,,,31,28,3,89.0,177.4,1.997,3.4,0.0,5,1.996,3,0,0.0
221520,2.5,104.0,170.0,0,0,,,2.16,2.19,13,12,1,35.0,76.3,2.138,4.0,0.0,2.28,,6,6,0,18.0,41.1,2.283,2.6,1.5,2.73,2.51,12,12,0,36.0,94.3,2.625,3.4,1.5,,,0,0,0,0.0,0.0,,,,31,30,1,89.0,211.7,2.355,4.0,0.0,5,2.374,3,0,0.0
221528,3.34,104.0,160.0,0,0,,,3.03,3.41,13,13,0,35.0,112.8,3.231,4.0,2.2,3.0,,7,7,0,21.0,63.0,3.0,3.2,2.6,3.68,3.3,12,12,0,36.0,125.7,3.492,4.0,2.8,,,0,0,0,0.0,0.0,,,,32,32,0,92.0,301.5,3.278,4.0,2.2,5,3.284,3,0,0.0
221544,2.3,97.0,140.0,0,0,,,2.54,2.33,13,13,0,35.0,85.1,2.431,3.7,1.5,1.75,,6,5,1,18.0,31.5,1.75,2.8,0.0,2.53,1.86,12,11,1,36.0,79.1,2.2,3.2,0.0,,,0,0,0,0.0,0.0,,,,31,29,2,89.0,195.7,2.21,3.7,0.0,5,2.202,3,0,0.0
221548,2.93,103.0,100.0,0,0,,,,,0,0,0,0.0,0.0,,,,2.53,,6,6,0,18.0,45.6,2.533,3.0,2.2,3.35,3.2,12,12,0,36.0,117.9,3.275,4.0,2.0,,,0,0,0,0.0,0.0,,,,18,18,0,54.0,163.5,3.028,4.0,2.0,3,3.027,2,0,0.0
221564,2.53,104.0,130.0,0,0,,,2.16,2.76,13,13,0,35.0,86.3,2.485,4.0,1.0,2.22,,6,6,0,18.0,39.9,2.217,2.6,1.5,2.56,2.66,12,12,0,36.0,93.9,2.617,2.8,2.0,,,0,0,0,0.0,0.0,,,,31,31,0,89.0,220.1,2.484,4.0,1.0,5,2.472,3,0,0.0
221571,2.15,100.0,100.0,2,0,,,1.46,2.4,11,10,1,32.0,60.8,1.873,4.0,0.0,2.02,,5,5,0,15.0,30.3,2.02,2.8,1.0,2.28,2.42,12,12,0,36.0,84.6,2.358,3.2,1.5,,,0,0,0,0.0,0.0,,,,28,27,1,83.0,175.7,2.107,4.0,0.0,5,2.116,3,0,0.0
221572,2.7,106.0,130.0,0,0,,,2.16,2.59,13,13,0,35.0,83.4,2.369,3.7,1.0,2.47,,6,6,0,18.0,44.4,2.467,3.2,1.0,3.1,2.99,12,12,0,36.0,109.7,3.05,4.0,2.2,,,0,0,0,0.0,0.0,,,,31,31,0,89.0,237.5,2.652,4.0,1.0,5,2.662,3,0,0.0
221573,2.53,108.0,170.0,0,0,,,2.1,2.37,13,13,0,35.0,78.3,2.262,3.4,1.0,2.33,,6,6,0,16.0,37.3,2.333,3.2,1.5,2.96,2.83,12,12,0,36.0,104.2,2.9,3.4,2.4,,,0,0,0,0.0,0.0,,,,31,31,0,87.0,219.8,2.523,3.4,1.0,5,2.518,3,0,1.0
221575,2.93,106.0,160.0,0,0,,,2.32,2.96,13,13,0,35.0,92.6,2.662,3.7,1.0,2.4,,6,6,0,18.0,43.2,2.4,3.0,2.0,3.43,3.32,12,12,0,36.0,121.4,3.375,4.0,2.6,,,0,0,0,0.0,0.0,,,,31,31,0,89.0,257.2,2.887,4.0,1.0,5,2.886,3,0,0.0
221581,2.59,106.0,170.0,0,0,,,2.38,2.31,13,13,0,35.0,82.0,2.277,3.7,1.0,2.0,,6,6,0,18.0,36.0,2.0,3.0,1.0,3.04,2.96,12,12,0,36.0,108.0,3.008,3.7,2.6,,,0,0,0,0.0,0.0,,,,31,31,0,89.0,226.0,2.506,3.7,1.0,5,2.538,3,0,0.0
221589,3.1,110.0,160.0,0,0,,,2.49,3.24,13,13,0,35.0,100.8,2.885,4.0,1.5,2.87,,6,6,0,18.0,51.6,2.867,3.4,2.4,3.33,3.21,14,14,0,42.0,137.4,3.271,3.7,2.8,,,0,0,0,0.0,0.0,,,,33,33,0,95.0,289.8,3.045,4.0,1.5,5,3.028,3,0,0.0
221598,2.87,100.0,100.0,0,0,,,2.84,3.14,13,13,0,35.0,104.8,3.008,3.7,1.0,2.33,,6,6,0,17.0,39.6,2.367,3.2,1.0,2.96,2.61,11,11,0,33.0,92.4,2.809,3.7,1.5,,,0,0,0,0.0,0.0,,,,30,30,0,85.0,236.8,2.807,3.7,1.0,5,2.776,3,0,0.0
221602,3.25,112.0,130.0,0,0,,,2.7,3.16,13,13,0,35.0,102.8,2.931,4.0,2.0,3.02,,6,6,0,18.0,54.3,3.017,3.7,2.6,3.5,3.53,14,14,0,42.0,147.5,3.514,4.0,2.6,,,0,0,0,0.0,0.0,,,,33,33,0,95.0,304.6,3.194,4.0,2.0,5,3.182,3,0,0.0
221603,2.57,101.0,170.0,0,0,,,2.52,2.84,13,13,0,35.0,94.1,2.677,4.0,1.0,2.57,,6,6,0,18.0,46.2,2.567,3.2,2.2,2.64,1.93,12,11,1,36.0,82.4,2.3,3.4,0.0,,,0,0,0,0.0,0.0,,,,31,30,1,89.0,222.7,2.51,4.0,0.0,5,2.5,3,0,0.0
221609,2.44,103.0,140.0,0,0,,,2.69,2.31,13,13,0,35.0,87.3,2.531,3.7,1.0,2.52,,6,6,0,17.0,42.8,2.533,3.0,2.2,2.56,1.9,12,12,0,36.0,80.2,2.233,3.0,1.0,,,0,0,0,0.0,0.0,,,,31,31,0,88.0,210.3,2.416,3.7,1.0,5,2.396,3,0,0.0
221612,3.35,112.0,200.0,0,0,,,2.89,3.3,13,13,0,35.0,108.5,3.131,4.0,1.5,3.24,,7,7,0,20.0,64.7,3.214,3.7,2.6,3.7,3.44,14,14,0,42.0,150.0,3.571,4.0,3.2,,,0,0,0,0.0,0.0,,,,34,34,0,97.0,323.2,3.329,4.0,1.5,5,3.314,3,0,0.0
221614,2.42,106.0,170.0,0,0,,,2.09,2.63,13,13,0,35.0,83.0,2.4,3.4,1.0,2.18,,6,6,0,18.0,39.3,2.183,2.6,1.5,2.83,2.04,12,12,0,36.0,87.8,2.442,3.2,1.5,,,0,0,0,0.0,0.0,,,,31,31,0,89.0,210.1,2.374,3.4,1.0,5,2.354,3,0,0.0
221616,2.82,104.0,130.0,0,0,,,2.76,2.74,13,13,0,35.0,96.4,2.754,4.0,2.0,2.5,,6,6,0,18.0,45.0,2.5,3.2,2.0,3.03,2.97,12,12,0,36.0,108.0,3.0,3.4,2.4,,,0,0,0,0.0,0.0,,,,31,31,0,89.0,249.4,2.8,4.0,2.0,5,2.8,3,0,0.0
221617,2.28,100.0,100.0,0,0,,,2.14,2.76,13,13,0,35.0,86.1,2.454,3.7,1.0,1.66,,6,5,1,17.0,28.2,1.567,2.4,0.0,2.33,1.73,12,11,1,36.0,73.0,2.033,3.0,0.0,,,0,0,0,0.0,0.0,,,,31,29,2,88.0,187.3,2.119,3.7,0.0,5,2.124,3,0,0.0
221635,2.51,107.0,170.0,0,0,,,2.14,2.75,13,13,0,35.0,85.9,2.469,3.7,1.0,2.13,,6,6,0,18.0,38.4,2.133,2.4,2.0,2.89,2.39,12,12,0,36.0,95.1,2.65,3.2,2.0,,,0,0,0,0.0,0.0,,,,31,31,0,89.0,219.4,2.474,3.7,1.0,5,2.46,3,0,0.0
221682,2.61,102.0,130.0,0,0,,,2.51,2.17,13,12,1,35.0,81.6,2.308,3.7,0.0,2.6,,6,6,0,18.0,46.8,2.6,3.0,2.0,3.08,2.66,12,12,0,36.0,103.3,2.875,3.7,2.4,,,0,0,0,0.0,0.0,,,,31,30,1,89.0,231.7,2.584,3.7,0.0,5,2.604,3,0,0.0
221686,2.36,103.0,170.0,0,0,,,2.38,2.0,13,12,1,35.0,76.4,2.138,2.8,0.0,2.45,,6,6,0,17.0,41.7,2.45,3.2,1.5,2.41,2.19,12,12,0,36.0,82.9,2.308,3.4,1.5,,,0,0,0,0.0,0.0,,,,31,30,1,88.0,201.0,2.265,3.4,0.0,5,2.286,3,0,0.0
221702,2.72,103.0,200.0,0,0,,,2.08,2.41,13,13,0,35.0,78.8,2.238,4.0,1.0,2.08,,6,6,0,17.0,35.3,2.117,2.8,1.0,3.37,3.3,12,12,0,36.0,120.0,3.333,3.7,2.8,,,0,0,0,0.0,0.0,,,,31,31,0,88.0,234.1,2.639,4.0,1.0,5,2.648,3,0,0.0
221706,2.54,103.0,170.0,0,0,,,2.29,1.9,13,11,2,35.0,73.1,2.046,4.0,0.0,1.9,,6,6,0,17.0,32.3,1.95,2.8,1.0,2.98,3.2,12,12,0,36.0,111.3,3.092,3.7,2.2,,,0,0,0,0.0,0.0,,,,31,29,2,88.0,216.7,2.432,4.0,0.0,5,2.454,3,0,0.0
221710,2.41,96.0,60.0,2,0,,,1.89,1.54,11,9,2,32.0,55.3,1.736,2.8,0.0,2.54,,5,5,0,15.0,38.1,2.54,3.0,1.5,2.79,2.65,12,12,0,35.0,95.2,2.717,3.4,2.0,,,0,0,0,0.0,0.0,,,,28,26,2,82.0,188.6,2.3,3.4,0.0,5,2.282,3,0,0.0
221730,2.35,104.0,160.0,0,0,,,2.14,2.19,13,12,1,35.0,75.7,2.108,4.0,0.0,2.38,,6,6,0,18.0,42.9,2.383,3.0,1.5,2.42,2.26,12,12,0,36.0,84.2,2.35,3.0,1.5,,,0,0,0,0.0,0.0,,,,31,30,1,89.0,202.8,2.255,4.0,0.0,5,2.278,3,0,0.0
221737,2.59,104.0,70.0,1,0,,,1.96,2.51,13,12,1,35.0,78.6,2.246,4.0,0.0,2.33,,6,6,0,18.0,42.0,2.333,2.6,2.0,2.86,2.78,12,12,0,36.0,101.5,2.825,3.7,2.2,,,0,0,0,0.0,0.0,,,,31,30,1,89.0,222.1,2.487,4.0,0.0,5,2.488,3,0,0.0
221748,2.86,106.0,130.0,0,0,,,2.75,3.09,13,13,0,35.0,102.4,2.908,4.0,2.0,2.15,,6,6,0,18.0,38.7,2.15,3.0,1.0,3.25,2.97,12,12,0,36.0,111.9,3.117,3.7,2.6,,,0,0,0,0.0,0.0,,,,31,31,0,89.0,253.0,2.842,4.0,1.0,5,2.842,3,0,0.0
221751,2.83,100.0,170.0,0,0,,,2.53,2.64,13,13,0,35.0,90.5,2.562,3.7,1.5,2.41,,6,6,0,17.0,40.9,2.383,3.0,1.5,3.08,2.92,12,12,0,36.0,108.0,3.008,3.7,2.4,,,0,0,0,0.0,0.0,,,,31,31,0,88.0,239.4,2.7,3.7,1.5,5,2.716,3,0,0.0
221761,2.48,106.0,190.0,0,0,,,2.25,2.36,13,13,0,35.0,80.7,2.292,3.4,1.0,2.2,,6,6,0,18.0,39.6,2.2,2.6,1.5,2.73,2.58,12,12,0,36.0,95.6,2.667,3.4,1.0,,,0,0,0,0.0,0.0,,,,31,31,0,89.0,215.9,2.419,3.4,1.0,5,2.424,3,0,0.0
221763,2.36,95.0,100.0,2,0,,,1.91,1.92,11,8,3,32.0,61.2,1.855,4.0,0.0,2.47,,6,6,0,17.0,42.0,2.5,3.0,2.0,2.44,1.78,12,11,1,35.0,74.3,2.183,3.7,0.0,,,0,0,0,0.0,0.0,,,,29,25,4,84.0,177.5,2.124,4.0,0.0,5,2.104,3,0,0.0
221774,2.39,106.0,100.0,0,0,,,2.43,2.59,13,13,0,35.0,88.0,2.508,3.7,1.5,2.03,,6,6,0,18.0,36.6,2.033,2.6,1.0,2.53,2.32,12,12,0,36.0,87.3,2.442,3.4,1.0,,,0,0,0,0.0,0.0,,,,31,31,0,89.0,211.9,2.39,3.7,1.0,5,2.38,3,0,0.0
221775,3.01,106.0,170.0,0,0,,,2.35,3.03,13,13,0,35.0,94.6,2.738,4.0,1.0,2.57,,6,6,0,18.0,46.2,2.567,3.0,2.0,3.53,3.38,12,12,0,36.0,124.5,3.458,4.0,3.0,,,0,0,0,0.0,0.0,,,,31,31,0,89.0,265.3,2.984,4.0,1.0,5,2.972,3,0,0.0
221798,2.22,97.0,100.0,1,0,,,2.04,2.09,13,12,1,35.0,72.3,2.054,3.4,0.0,1.45,,6,5,1,18.0,26.1,1.45,2.2,0.0,2.19,2.83,12,12,0,36.0,90.5,2.517,3.2,1.0,,,0,0,0,0.0,0.0,,,,31,29,2,89.0,188.9,2.116,3.4,0.0,5,2.12,3,0,0.0
221802,2.39,96.0,170.0,3,0,,,1.38,1.86,11,10,1,32.0,51.3,1.6,3.4,0.0,2.08,,5,5,0,15.0,31.2,2.08,2.2,2.0,2.82,2.48,12,12,0,36.0,95.4,2.658,3.2,1.5,,,0,0,0,0.0,0.0,,,,28,27,1,83.0,177.9,2.139,3.4,0.0,5,2.124,3,0,0.0
221803,2.51,102.0,160.0,1,0,,,1.84,2.22,11,10,1,32.0,64.6,2.018,3.2,0.0,2.04,,6,6,0,17.0,34.7,2.083,2.8,1.0,2.72,2.93,12,12,0,36.0,101.7,2.833,3.2,2.2,,,0,0,0,0.0,0.0,,,,29,28,1,85.0,201.0,2.369,3.2,0.0,5,2.35,3,0,0.0
221815,2.23,100.0,140.0,1,0,,,2.04,2.02,13,12,1,35.0,71.0,2.0,2.8,0.0,1.68,,6,6,0,18.0,30.3,1.683,2.4,1.0,2.55,2.08,11,11,0,33.0,77.1,2.336,3.4,1.5,,,0,0,0,0.0,0.0,,,,30,29,1,86.0,178.4,2.06,3.4,0.0,5,2.074,3,0,0.0
221829,2.73,101.0,170.0,0,0,,,2.59,1.73,13,11,2,35.0,75.3,2.208,3.7,0.0,2.93,,6,6,0,18.0,52.8,2.933,3.4,2.2,3.03,2.63,12,12,0,36.0,102.0,2.833,3.2,2.4,,,0,0,0,0.0,0.0,,,,31,29,2,89.0,230.1,2.59,3.7,0.0,5,2.582,3,0,0.0
221844,2.12,97.0,140.0,0,0,,,,,0,0,0,0.0,0.0,,,,1.95,,6,6,0,17.0,33.2,2.0,2.8,1.5,2.05,1.56,12,10,2,36.0,64.9,1.808,3.2,0.0,,,0,0,0,0.0,0.0,,,,18,16,2,53.0,98.1,1.872,3.2,0.0,3,1.853,2,0,0.0
221845,2.59,101.0,200.0,2,0,,,0.99,1.91,12,9,3,32.0,45.4,1.483,3.0,0.0,2.52,,5,5,0,15.0,37.8,2.52,3.0,2.0,3.02,2.79,12,12,0,36.0,104.7,2.917,3.4,2.4,,,0,0,0,0.0,0.0,,,,29,26,3,83.0,187.9,2.255,3.4,0.0,5,2.246,3,0,0.0
221849,2.91,97.0,130.0,0,0,,,2.7,2.61,13,13,0,35.0,92.9,2.669,3.7,1.0,1.84,,6,4,2,17.0,31.2,1.733,2.8,0.0,3.17,3.2,12,12,0,36.0,114.6,3.183,4.0,2.4,,,0,0,0,0.0,0.0,,,,31,29,2,88.0,238.7,2.687,4.0,0.0,5,2.704,3,0,0.0
221856,2.63,104.0,130.0,0,0,,,2.35,2.05,13,12,1,35.0,76.8,2.215,4.0,0.0,2.6,,6,6,0,18.0,46.8,2.6,2.8,2.4,3.02,2.66,12,12,0,36.0,102.2,2.842,3.7,2.2,,,0,0,0,0.0,0.0,,,,31,30,1,89.0,225.8,2.532,4.0,0.0,5,2.536,3,0,0.0
221857,2.5,106.0,140.0,0,0,,,2.15,2.46,13,13,0,35.0,80.7,2.315,3.7,1.0,1.93,,6,6,0,18.0,34.8,1.933,2.4,1.5,2.93,2.83,12,12,0,36.0,103.6,2.883,3.4,2.2,,,0,0,0,0.0,0.0,,,,31,31,0,89.0,219.1,2.461,3.7,1.0,5,2.46,3,0,0.0
221864,2.93,98.0,170.0,3,0,,,1.97,1.86,13,12,1,35.0,66.9,1.846,4.0,0.0,1.82,,6,5,1,18.0,32.7,1.817,2.4,0.0,3.6,3.52,12,12,0,36.0,128.1,3.558,3.7,3.2,,,0,0,0,0.0,0.0,,,,31,29,2,89.0,227.7,2.503,4.0,0.0,5,2.554,3,0,0.0
221865,3.31,115.0,140.0,0,0,,,2.86,3.41,13,13,0,35.0,110.0,3.123,4.0,2.0,3.01,,7,7,0,21.0,63.3,3.014,3.7,2.4,3.59,3.53,14,14,0,42.0,149.4,3.557,4.0,2.8,,,0,0,0,0.0,0.0,,,,34,34,0,98.0,322.7,3.279,4.0,2.0,5,3.28,3,0,0.0
221869,2.84,104.0,190.0,1,0,,,1.91,2.8,11,11,0,32.0,74.4,2.3,4.0,1.0,2.52,,7,7,0,18.0,45.3,2.529,3.0,1.5,3.06,3.28,12,12,0,36.0,114.2,3.175,3.7,2.6,,,0,0,0,0.0,0.0,,,,30,30,0,86.0,233.9,2.703,4.0,1.0,5,2.714,3,0,0.0
221898,2.83,106.0,160.0,0,0,,,2.84,3.06,13,13,0,35.0,103.2,2.946,3.7,2.2,2.48,,6,6,0,18.0,44.7,2.483,2.8,1.5,3.08,2.69,12,12,0,36.0,103.9,2.892,3.7,2.0,,,0,0,0,0.0,0.0,,,,31,31,0,89.0,251.8,2.835,3.7,1.5,5,2.83,3,0,0.0
221904,2.89,101.0,160.0,2,0,,,1.42,1.92,11,10,1,32.0,52.9,1.682,2.8,0.0,2.96,,5,5,0,15.0,44.4,2.96,3.4,2.6,3.55,3.47,12,12,0,36.0,126.3,3.508,4.0,3.0,,,0,0,0,0.0,0.0,,,,28,27,1,83.0,223.6,2.693,4.0,0.0,5,2.664,3,0,0.0
221910,2.72,103.0,70.0,0,0,,,2.15,2.77,13,13,0,35.0,86.3,2.485,3.4,1.0,2.38,,6,6,0,17.0,40.4,2.3,3.2,1.0,3.29,2.69,12,12,0,36.0,107.8,3.0,4.0,2.4,,,0,0,0,0.0,0.0,,,,31,31,0,88.0,234.5,2.648,4.0,1.0,5,2.656,3,0,0.0
221911,3.25,112.0,170.0,0,0,,,3.16,3.18,14,14,0,38.0,120.5,3.164,4.0,1.5,2.78,,7,7,0,20.0,55.6,2.771,3.2,2.4,3.48,3.37,13,13,0,39.0,133.5,3.423,4.0,3.0,,,0,0,0,0.0,0.0,,,,34,34,0,97.0,309.6,3.182,4.0,1.5,5,3.194,3,0,0.0
221921,2.82,104.0,170.0,0,0,,,2.3,2.71,13,13,0,35.0,87.9,2.546,4.0,1.0,2.53,,6,6,0,18.0,45.6,2.533,3.0,2.0,3.03,3.33,12,12,0,36.0,114.6,3.183,4.0,2.2,,,0,0,0,0.0,0.0,,,,31,31,0,89.0,248.1,2.79,4.0,1.0,5,2.78,3,0,0.0
221925,2.57,103.0,130.0,0,0,,,2.36,2.22,13,13,0,35.0,80.1,2.315,4.0,1.0,2.55,,6,6,0,17.0,43.4,2.567,3.0,2.0,2.93,2.4,12,12,0,36.0,95.9,2.667,3.4,1.0,,,0,0,0,0.0,0.0,,,,31,31,0,88.0,219.4,2.5,4.0,1.0,5,2.492,3,0,0.0
221927,2.6,103.0,130.0,0,0,,,2.12,2.21,13,12,1,35.0,75.9,2.131,3.4,0.0,2.36,,6,6,0,17.0,40.2,2.367,2.8,2.2,3.02,2.67,12,12,0,36.0,102.3,2.842,3.7,2.2,,,0,0,0,0.0,0.0,,,,31,30,1,88.0,218.4,2.452,3.7,0.0,5,2.476,3,0,0.0
221931,2.43,102.0,170.0,1,0,,,1.7,3.02,11,10,1,32.0,74.2,2.309,4.0,0.0,2.09,,6,6,0,17.0,35.5,2.117,2.6,1.5,2.29,2.56,12,12,0,36.0,87.4,2.433,3.0,1.0,,,0,0,0,0.0,0.0,,,,29,28,1,85.0,197.1,2.321,4.0,0.0,5,2.332,3,0,0.0
221937,1.97,97.0,40.0,2,2,,,2.33,2.44,13,13,0,35.0,83.5,2.392,4.0,1.0,1.53,,6,6,0,18.0,27.6,1.533,2.2,1.0,1.29,2.06,11,9,2,33.0,54.2,1.645,2.6,0.0,,,0,0,0,0.0,0.0,,,,30,28,2,86.0,165.3,1.947,4.0,0.0,5,1.93,3,0,0.0
221938,2.85,103.0,200.0,0,0,,,2.65,3.09,13,13,0,35.0,100.6,2.9,4.0,2.0,2.72,,6,6,0,17.0,46.2,2.733,3.2,2.4,2.93,2.7,12,12,0,36.0,101.4,2.817,3.4,2.0,,,0,0,0,0.0,0.0,,,,31,31,0,88.0,248.2,2.835,4.0,2.0,5,2.818,3,0,0.0
221942,2.38,101.0,170.0,1,0,,,1.68,2.46,11,10,1,32.0,65.4,2.055,3.7,0.0,1.83,,6,6,0,18.0,33.0,1.833,2.4,1.0,2.27,2.91,12,12,0,35.0,90.3,2.6,4.0,1.0,,,0,0,0,0.0,0.0,,,,29,28,1,85.0,188.7,2.234,4.0,0.0,5,2.23,3,0,0.0
221954,3.14,112.0,170.0,0,0,,,3.01,3.04,14,14,0,38.0,114.9,3.014,4.0,2.4,2.88,,7,7,0,20.0,57.6,2.886,3.4,2.4,3.03,3.49,13,13,0,39.0,127.8,3.277,3.7,2.4,,,0,0,0,0.0,0.0,,,,34,34,0,97.0,300.3,3.088,4.0,2.4,5,3.09,3,0,0.0
221957,2.76,106.0,170.0,0,0,,,2.46,2.66,13,13,0,35.0,89.7,2.592,3.7,1.0,2.63,,6,6,0,18.0,47.4,2.633,2.8,2.4,3.07,3.03,12,12,0,36.0,109.8,3.05,4.0,2.2,,,0,0,0,0.0,0.0,,,,31,31,0,89.0,246.9,2.777,4.0,1.0,5,2.77,3,0,0.0
221962,2.39,104.0,140.0,0,0,,,2.34,2.66,13,13,0,35.0,87.5,2.515,3.4,1.0,1.65,,6,5,1,18.0,29.7,1.65,2.4,0.0,2.63,2.2,12,12,0,36.0,86.9,2.417,3.0,1.0,,,0,0,0,0.0,0.0,,,,31,30,1,89.0,204.1,2.31,3.4,0.0,5,2.296,3,0,0.0
221981,2.69,103.0,170.0,0,0,,,2.56,3.03,13,13,0,35.0,98.2,2.815,4.0,1.5,2.53,,6,6,0,17.0,43.0,2.533,2.8,2.2,3.03,2.17,12,12,0,36.0,93.6,2.608,3.4,1.0,,,0,0,0,0.0,0.0,,,,31,31,0,88.0,234.8,2.681,4.0,1.0,5,2.664,3,0,0.0
221987,2.42,100.0,70.0,0,0,,,2.44,2.52,13,13,0,35.0,86.7,2.485,3.7,1.0,1.75,,6,5,1,18.0,31.5,1.75,2.6,0.0,2.76,2.37,12,12,0,36.0,92.2,2.567,3.2,1.0,,,0,0,0,0.0,0.0,,,,31,30,1,89.0,210.4,2.374,3.7,0.0,5,2.368,3,0,0.0
222005,2.11,96.0,110.0,1,0,,,1.88,2.68,11,10,1,32.0,72.1,2.245,3.4,0.0,1.7,,6,6,0,18.0,30.6,1.7,2.2,1.0,2.07,1.56,12,11,1,35.0,63.8,1.833,3.2,0.0,,,0,0,0,0.0,0.0,,,,29,27,2,85.0,166.5,1.962,3.4,0.0,5,1.978,3,0,0.0
222009,2.28,101.0,170.0,0,0,,,2.04,2.56,13,13,0,35.0,80.8,2.323,3.7,1.5,1.57,,6,6,0,18.0,28.2,1.567,2.4,1.0,2.92,2.53,12,12,0,36.0,98.1,2.733,4.0,2.0,,,0,0,0,0.0,0.0,,,,31,31,0,89.0,207.1,2.335,4.0,1.0,5,2.324,3,0,0.0
222016,2.25,97.0,140.0,0,0,,,2.19,2.61,13,13,0,35.0,84.1,2.385,3.7,1.0,1.87,,6,6,0,18.0,33.6,1.867,2.6,1.0,2.63,1.86,12,11,1,35.0,79.1,2.275,3.4,0.0,,,0,0,0,0.0,0.0,,,,31,30,1,88.0,196.8,2.242,3.7,0.0,5,2.232,3,0,0.0
222018,3.37,115.0,200.0,0,0,,,3.17,3.37,14,14,0,38.0,124.7,3.271,4.0,2.4,2.89,,7,7,0,20.0,57.8,2.886,3.4,2.4,3.56,3.66,14,14,0,42.0,151.5,3.607,4.0,3.2,,,0,0,0,0.0,0.0,,,,35,35,0,100.0,334.0,3.329,4.0,2.4,5,3.33,3,0,0.0
222024,2.53,106.0,190.0,0,0,,,2.22,2.03,13,13,0,35.0,74.4,2.1,3.2,1.0,2.18,,6,6,0,18.0,39.3,2.183,2.8,1.5,2.68,3.4,12,12,0,36.0,109.5,3.042,3.7,1.0,,,0,0,0,0.0,0.0,,,,31,31,0,89.0,223.2,2.481,3.7,1.0,5,2.502,3,0,0.0
222046,2.62,101.0,140.0,0,0,,,2.74,2.46,13,13,0,35.0,90.7,2.562,3.7,1.0,2.47,,6,6,0,18.0,44.4,2.467,2.8,2.2,2.35,3.0,12,11,1,36.0,96.3,2.675,3.7,0.0,,,0,0,0,0.0,0.0,,,,31,30,1,89.0,231.4,2.587,3.7,0.0,5,2.604,3,0,1.0
222070,2.74,103.0,100.0,0,0,,,2.44,2.97,13,13,0,35.0,95.0,2.723,3.7,1.0,2.32,,6,6,0,17.0,39.5,2.35,2.8,1.5,2.92,2.97,12,12,0,36.0,106.0,2.95,3.2,2.4,,,0,0,0,0.0,0.0,,,,31,31,0,88.0,240.5,2.739,3.7,1.0,5,2.724,3,0,0.0
222072,2.86,102.0,200.0,0,0,,,2.52,2.9,13,13,0,35.0,95.1,2.738,3.7,1.0,2.79,,6,6,0,17.0,47.4,2.8,3.2,2.2,3.09,2.68,12,12,0,35.0,101.3,2.9,4.0,2.4,,,0,0,0,0.0,0.0,,,,31,31,0,87.0,243.8,2.813,4.0,1.0,5,2.796,3,0,0.0
222076,2.71,102.0,130.0,2,0,,,1.59,2.44,11,10,1,32.0,63.6,1.973,4.0,0.0,2.35,,6,6,0,17.0,39.9,2.383,3.0,1.5,3.38,2.99,12,12,0,36.0,114.8,3.192,4.0,2.2,,,0,0,0,0.0,0.0,,,,29,28,1,85.0,218.3,2.562,4.0,0.0,5,2.55,3,0,1.0
222077,2.54,102.0,130.0,0,0,,,2.59,1.99,13,12,1,35.0,79.8,2.215,3.4,0.0,2.46,,7,7,0,18.0,44.3,2.529,3.0,1.5,2.58,2.65,12,12,0,36.0,94.1,2.617,3.7,1.5,,,0,0,0,0.0,0.0,,,,32,31,1,89.0,218.2,2.434,3.7,0.0,5,2.454,3,0,0.0
222086,2.42,105.0,130.0,2,0,,,1.92,1.92,11,11,0,32.0,61.4,1.927,3.0,1.0,2.3,,6,6,0,18.0,41.4,2.3,2.8,2.0,2.99,2.58,12,12,0,36.0,100.3,2.792,3.7,1.0,,,0,0,0,0.0,0.0,,,,29,29,0,86.0,203.1,2.362,3.7,1.0,5,2.342,3,0,0.0
222088,2.34,107.0,140.0,0,0,,,2.24,2.69,13,13,0,35.0,86.5,2.431,4.0,1.0,2.08,,6,6,0,18.0,37.5,2.083,2.4,1.5,2.26,2.56,12,12,0,36.0,86.7,2.417,3.0,2.0,,,0,0,0,0.0,0.0,,,,31,31,0,89.0,210.7,2.358,4.0,1.0,5,2.366,3,0,0.0
222090,2.56,100.0,170.0,1,0,,,,,0,0,0,0.0,0.0,,,,2.23,,6,5,1,18.0,40.2,2.233,3.0,0.0,2.98,3.37,12,12,0,36.0,114.2,3.175,4.0,1.5,,,0,0,0,0.0,0.0,,,,18,17,1,54.0,154.4,2.861,4.0,0.0,3,2.86,2,0,1.0
222102,2.49,104.0,190.0,0,0,,,2.09,2.38,13,13,0,35.0,78.4,2.238,4.0,1.0,2.22,,6,6,0,18.0,39.9,2.217,2.8,1.5,2.88,2.8,12,12,0,36.0,102.2,2.842,4.0,1.5,,,0,0,0,0.0,0.0,,,,31,31,0,89.0,220.5,2.468,4.0,1.0,5,2.474,3,0,0.0
222117,2.86,106.0,200.0,0,0,,,2.4,2.92,13,13,0,35.0,93.4,2.654,4.0,1.5,2.55,,6,6,0,18.0,45.9,2.55,3.0,1.5,2.93,3.22,12,12,0,36.0,110.7,3.075,3.7,1.5,,,0,0,0,0.0,0.0,,,,31,31,0,89.0,250.0,2.797,4.0,1.5,5,2.804,3,0,0.0
222124,2.89,106.0,170.0,0,0,,,2.26,2.63,13,13,0,35.0,85.8,2.423,4.0,1.0,2.6,,6,6,0,18.0,46.8,2.6,3.0,2.2,3.43,3.42,12,12,0,36.0,123.3,3.425,4.0,2.8,,,0,0,0,0.0,0.0,,,,31,31,0,89.0,255.9,2.845,4.0,1.0,5,2.868,3,0,0.0
222131,2.29,101.0,150.0,3,0,,,2.03,1.77,13,12,1,35.0,66.3,1.9,3.4,0.0,1.02,,6,4,2,18.0,18.3,1.017,2.6,0.0,2.76,2.65,12,12,0,35.0,94.7,2.717,3.4,2.0,,,0,0,0,0.0,0.0,,,,31,28,3,88.0,179.3,2.045,3.4,0.0,5,2.046,3,0,0.0
222136,2.58,100.0,140.0,0,0,,,2.49,2.09,13,11,2,35.0,80.0,2.277,3.7,0.0,2.24,,6,5,1,17.0,38.0,2.267,3.2,0.0,2.84,2.44,12,12,0,36.0,95.2,2.65,4.0,1.5,,,0,0,0,0.0,0.0,,,,31,28,3,88.0,213.2,2.419,4.0,0.0,5,2.42,3,0,0.0
222139,2.18,97.0,0.0,2,0,,,2.58,1.7,13,12,1,35.0,74.4,2.162,3.7,0.0,1.28,,6,5,1,18.0,23.1,1.283,2.2,0.0,2.11,2.79,12,12,0,36.0,88.3,2.458,3.7,1.0,,,0,0,0,0.0,0.0,,,,31,29,2,89.0,185.8,2.106,3.7,0.0,5,2.092,3,0,0.0
222147,2.44,103.0,130.0,0,0,,,2.44,2.76,13,13,0,35.0,91.1,2.608,4.0,1.0,2.23,,6,6,0,18.0,40.2,2.233,2.8,1.0,2.96,1.99,12,11,1,36.0,89.0,2.483,4.0,0.0,,,0,0,0,0.0,0.0,,,,31,30,1,89.0,220.3,2.487,4.0,0.0,5,2.476,3,0,0.0
222157,2.82,104.0,220.0,1,0,,,1.98,2.84,13,13,0,35.0,84.8,2.423,4.0,1.0,2.63,,6,6,0,18.0,47.4,2.633,2.8,2.4,2.97,3.32,12,12,0,36.0,113.1,3.142,3.7,2.0,,,0,0,0,0.0,0.0,,,,31,31,0,89.0,245.3,2.742,4.0,1.0,5,2.748,3,0,0.0
222158,2.83,106.0,100.0,0,0,,,2.34,2.92,13,13,0,35.0,92.2,2.631,3.7,1.5,2.38,,6,6,0,18.0,42.9,2.383,2.8,1.5,3.2,3.04,12,12,0,36.0,112.4,3.125,3.7,2.4,,,0,0,0,0.0,0.0,,,,31,31,0,89.0,247.5,2.774,3.7,1.5,5,2.776,3,0,0.0
222173,2.5,99.0,100.0,2,0,,,1.25,2.74,11,8,3,32.0,62.4,1.891,3.7,0.0,1.83,,6,5,1,18.0,33.0,1.833,2.8,0.0,2.85,2.64,12,12,0,36.0,98.9,2.75,3.4,1.5,,,0,0,0,0.0,0.0,,,,29,25,4,86.0,194.3,2.234,3.7,0.0,5,2.262,3,0,1.0
222190,2.42,106.0,130.0,0,0,,,2.36,2.44,13,13,0,35.0,84.2,2.4,3.7,1.0,2.18,,6,6,0,18.0,39.3,2.183,2.4,1.5,2.62,2.37,12,12,0,36.0,89.8,2.508,3.0,1.5,,,0,0,0,0.0,0.0,,,,31,31,0,89.0,213.3,2.4,3.7,1.0,5,2.394,3,0,0.0
222208,2.8,109.0,150.0,2,0,,,1.96,1.96,13,11,2,35.0,68.5,2.046,3.7,0.0,3.03,,6,6,0,18.0,54.6,3.033,3.4,2.6,3.08,3.09,12,12,0,36.0,111.2,3.092,3.7,2.6,,,0,0,0,0.0,0.0,,,,31,29,2,89.0,234.3,2.642,3.7,0.0,5,2.624,3,0,0.0
222221,2.71,104.0,160.0,0,0,,,2.71,2.78,13,13,0,35.0,96.0,2.731,4.0,1.0,2.57,,6,6,0,18.0,46.2,2.567,2.8,2.0,2.73,2.76,12,12,0,36.0,98.8,2.75,3.2,2.2,,,0,0,0,0.0,0.0,,,,31,31,0,89.0,241.0,2.706,4.0,1.0,5,2.71,3,0,0.0
222240,2.14,100.0,100.0,1,0,,,2.32,2.0,13,13,0,35.0,75.5,2.177,3.0,1.5,1.67,,6,6,0,18.0,30.0,1.667,2.6,1.0,2.61,1.86,12,11,1,36.0,80.5,2.242,3.2,0.0,,,0,0,0,0.0,0.0,,,,31,30,1,89.0,186.0,2.103,3.2,0.0,5,2.092,3,0,0.0
222242,2.63,100.0,30.0,0,0,,,2.3,2.44,13,13,0,35.0,83.0,2.362,3.4,1.5,2.22,,6,6,0,17.0,37.8,2.233,2.8,2.0,2.94,3.0,12,12,0,36.0,106.9,2.975,4.0,2.2,,,0,0,0,0.0,0.0,,,,31,31,0,88.0,227.7,2.574,4.0,1.5,5,2.58,3,0,
222245,2.01,106.0,100.0,1,0,,,2.0,1.93,13,12,1,35.0,68.8,1.992,4.0,0.0,1.77,,6,6,0,18.0,31.8,1.767,2.4,1.0,1.92,2.03,12,12,0,36.0,71.2,1.983,3.0,1.0,,,0,0,0,0.0,0.0,,,,31,30,1,89.0,171.8,1.945,4.0,0.0,5,1.93,3,0,0.0
222246,2.28,106.0,70.0,0,0,,,2.37,2.2,13,12,1,35.0,79.9,2.223,4.0,0.0,1.77,,6,6,0,18.0,31.8,1.767,2.4,1.0,2.67,2.12,12,12,0,36.0,86.1,2.392,3.2,1.0,,,0,0,0,0.0,0.0,,,,31,30,1,89.0,197.8,2.2,4.0,0.0,5,2.226,3,0,0.0
222254,2.62,106.0,100.0,0,0,,,2.27,2.79,13,13,0,35.0,88.8,2.5,4.0,1.0,2.18,,6,6,0,18.0,39.3,2.183,2.4,1.5,2.4,2.88,12,12,0,36.0,95.1,2.658,3.4,1.5,,,0,0,0,0.0,0.0,,,,31,31,0,89.0,223.2,2.5,4.0,1.0,5,2.504,3,0,0.0
222266,2.57,97.0,170.0,1,0,,,1.59,2.54,11,9,2,32.0,65.1,1.973,3.7,0.0,2.83,,6,6,0,18.0,51.0,2.833,3.2,2.6,2.41,2.28,12,12,0,35.0,82.0,2.358,2.8,1.5,,,0,0,0,0.0,0.0,,,,29,27,2,85.0,198.1,2.31,3.7,0.0,5,2.33,3,0,0.0
222271,2.43,104.0,100.0,0,0,,,2.42,2.27,13,12,1,35.0,82.0,2.331,4.0,0.0,1.93,,6,6,0,18.0,34.8,1.933,3.0,1.0,2.56,2.37,12,12,0,36.0,88.7,2.475,3.4,1.5,,,0,0,0,0.0,0.0,,,,31,30,1,89.0,205.5,2.31,4.0,0.0,5,2.31,3,0,0.0
222291,2.79,101.0,170.0,0,0,,,2.16,2.62,13,12,1,35.0,84.0,2.462,4.0,0.0,2.05,,6,6,0,18.0,36.9,2.05,2.8,1.0,3.47,2.73,12,12,0,36.0,111.5,3.1,4.0,2.0,,,0,0,0,0.0,0.0,,,,31,30,1,89.0,232.4,2.629,4.0,0.0,5,2.606,3,0,0.0
222308,2.41,104.0,130.0,0,0,,,2.02,2.63,13,13,0,35.0,81.7,2.323,3.7,1.0,2.2,,6,6,0,18.0,39.6,2.2,2.6,2.0,2.6,2.83,12,12,0,36.0,97.7,2.717,3.7,1.5,,,0,0,0,0.0,0.0,,,,31,31,0,89.0,219.0,2.452,3.7,1.0,5,2.456,3,0,0.0
222312,2.93,107.0,160.0,0,0,,,2.79,2.79,13,13,0,35.0,97.7,2.762,4.0,1.0,2.73,,6,6,0,18.0,49.2,2.733,3.0,2.2,3.17,3.13,12,12,0,36.0,113.4,3.15,3.4,2.2,,,0,0,0,0.0,0.0,,,,31,31,0,89.0,260.3,2.906,4.0,1.0,5,2.922,3,0,0.0
222316,1.87,95.0,100.0,4,2,,,1.99,2.01,13,13,0,35.0,70.0,2.031,3.2,1.0,1.2,,6,5,1,18.0,21.6,1.2,2.2,0.0,2.19,1.22,11,9,2,33.0,54.8,1.664,2.8,0.0,,,0,0,0,0.0,0.0,,,,30,27,3,86.0,146.4,1.73,3.2,0.0,5,1.722,3,0,0.0
222322,3.05,114.0,200.0,0,0,,,2.92,3.2,13,13,0,35.0,107.2,3.062,4.0,2.2,2.81,,6,6,0,16.0,45.0,2.833,4.0,2.0,3.13,2.75,13,13,0,39.0,115.2,2.954,3.7,1.5,,,0,0,0,0.0,0.0,,,,32,32,0,90.0,267.4,2.975,4.0,1.5,5,2.962,3,0,0.0
222331,3.12,110.0,130.0,0,0,,,2.95,2.82,13,13,0,35.0,101.0,2.854,4.0,1.5,2.93,,6,6,0,18.0,52.8,2.933,3.4,2.4,3.44,3.17,14,14,0,42.0,138.9,3.307,4.0,2.8,,,0,0,0,0.0,0.0,,,,33,33,0,95.0,292.7,3.061,4.0,1.5,5,3.062,3,0,1.0
222337,2.51,100.0,190.0,1,0,,,1.69,2.4,11,8,3,32.0,64.8,1.964,4.0,0.0,2.03,,7,7,0,18.0,36.6,2.086,2.8,1.0,2.9,2.45,12,12,0,35.0,93.9,2.7,3.4,2.2,,,0,0,0,0.0,0.0,,,,30,27,3,85.0,195.3,2.287,4.0,0.0,5,2.294,3,0,1.0
222338,2.37,98.0,170.0,3,0,,,1.92,1.56,11,11,0,32.0,56.0,1.764,3.0,1.0,1.96,,5,4,1,15.0,29.4,1.96,2.6,0.0,2.59,2.13,12,12,0,36.0,85.0,2.367,3.4,1.0,,,0,0,0,0.0,0.0,,,,28,27,1,83.0,170.4,2.057,3.4,0.0,5,2.032,3,0,0.0
222339,2.13,95.0,170.0,0,0,,,2.24,2.47,13,13,0,35.0,82.5,2.408,3.7,1.0,1.87,,6,6,0,18.0,33.6,1.867,2.6,1.0,2.49,1.07,12,9,3,36.0,64.0,1.783,2.8,0.0,,,0,0,0,0.0,0.0,,,,31,28,3,89.0,180.1,2.061,3.7,0.0,5,2.028,3,0,0.0
222341,2.82,103.0,190.0,0,0,,,2.31,2.53,13,13,0,35.0,84.9,2.415,3.7,1.5,2.5,,6,6,0,18.0,45.0,2.5,2.8,2.0,3.32,3.28,12,12,0,35.0,115.5,3.292,4.0,2.8,,,0,0,0,0.0,0.0,,,,31,31,0,88.0,245.4,2.771,4.0,1.5,5,2.788,3,0,0.0
222342,2.58,103.0,140.0,0,0,,,2.64,2.29,13,13,0,35.0,86.0,2.477,3.4,1.0,2.52,,6,6,0,17.0,42.8,2.533,2.8,2.4,2.86,2.42,12,12,0,36.0,95.0,2.65,4.0,2.0,,,0,0,0,0.0,0.0,,,,31,31,0,88.0,223.8,2.555,4.0,1.0,5,2.546,3,0,0.0
222373,2.23,91.0,130.0,1,0,,,2.21,2.09,13,12,1,35.0,75.1,2.131,3.4,0.0,1.63,,6,5,1,18.0,29.4,1.633,3.0,0.0,2.53,1.75,11,10,1,32.0,67.8,2.155,3.4,0.0,,,0,0,0,0.0,0.0,,,,30,27,3,85.0,172.3,2.04,3.4,0.0,5,2.042,3,0,1.0
222374,2.44,96.0,0.0,0,0,,,2.43,2.03,13,12,1,35.0,77.8,2.246,4.0,0.0,2.25,,6,6,0,17.0,38.3,2.283,2.8,1.5,2.9,1.76,12,10,2,36.0,83.9,2.333,3.4,0.0,,,0,0,0,0.0,0.0,,,,31,28,3,88.0,200.0,2.287,4.0,0.0,5,2.274,3,0,0.0
222406,1.92,94.0,140.0,1,0,,,2.01,2.5,13,12,1,35.0,79.2,2.285,4.0,0.0,1.98,,6,6,0,17.0,33.7,2.05,3.2,1.0,2.0,1.46,12,11,1,36.0,62.3,1.733,2.6,0.0,,,0,0,0,0.0,0.0,,,,31,29,2,88.0,175.2,2.026,4.0,0.0,5,1.99,3,0,0.0
222407,2.32,97.0,70.0,0,0,,,2.13,2.19,13,13,0,35.0,75.6,2.162,3.4,1.0,2.16,,6,6,0,17.0,36.7,2.183,2.6,1.5,2.69,2.1,12,11,1,36.0,86.2,2.4,3.4,0.0,,,0,0,0,0.0,0.0,,,,31,30,1,88.0,198.5,2.258,3.4,0.0,5,2.254,3,0,0.0
222442,2.59,104.0,130.0,0,0,,,2.25,2.52,13,13,0,35.0,83.6,2.408,4.0,1.5,2.4,,6,6,0,18.0,43.2,2.4,2.6,2.0,2.78,2.74,12,12,0,36.0,99.4,2.767,3.7,1.5,,,0,0,0,0.0,0.0,,,,31,31,0,89.0,226.2,2.545,4.0,1.5,5,2.538,3,0,0.0
222447,3.13,109.0,130.0,0,0,,,2.52,2.62,13,13,0,35.0,90.0,2.538,4.0,1.0,2.97,,6,6,0,18.0,53.4,2.967,3.4,2.6,3.68,3.67,13,13,0,39.0,143.4,3.677,4.0,3.2,,,0,0,0,0.0,0.0,,,,32,32,0,92.0,286.8,3.081,4.0,1.0,5,3.092,3,0,0.0
222458,2.7,106.0,130.0,0,0,,,2.22,2.97,13,13,0,35.0,91.3,2.608,4.0,1.0,2.28,,6,6,0,18.0,41.1,2.283,2.8,1.5,3.18,2.75,12,12,0,36.0,106.7,2.967,3.7,1.5,,,0,0,0,0.0,0.0,,,,31,31,0,89.0,239.1,2.684,4.0,1.0,5,2.68,3,0,0.0
222462,2.38,103.0,140.0,0,0,,,2.55,2.12,13,12,1,35.0,81.6,2.338,3.7,0.0,1.88,,6,6,0,17.0,31.9,1.883,2.6,1.0,2.87,1.97,12,12,0,36.0,87.0,2.417,3.2,1.0,,,0,0,0,0.0,0.0,,,,31,30,1,88.0,200.5,2.281,3.7,0.0,5,2.278,3,0,0.0
222497,2.31,97.0,130.0,2,0,,,1.65,2.4,11,11,0,32.0,64.1,1.973,3.0,1.0,2.26,,6,6,0,17.0,38.5,2.317,3.2,1.5,2.79,2.36,12,12,0,36.0,92.8,2.583,3.4,1.0,,,0,0,0,0.0,0.0,,,,29,29,0,85.0,195.4,2.297,3.4,1.0,5,2.292,3,0,0.0
222512,2.24,102.0,160.0,1,0,,,1.93,2.08,11,11,0,32.0,64.0,2.0,3.2,1.0,2.25,,6,6,0,17.0,38.2,2.3,3.2,1.0,2.59,1.9,12,12,0,36.0,80.9,2.25,3.2,1.0,,,0,0,0,0.0,0.0,,,,29,29,0,85.0,183.1,2.166,3.2,1.0,5,2.15,3,0,0.0
222516,3.2,112.0,120.0,0,0,,,2.91,3.17,13,13,0,35.0,106.6,3.046,3.7,2.0,3.22,,7,7,0,20.0,64.3,3.214,3.7,2.8,3.44,3.04,14,14,0,42.0,136.1,3.243,4.0,2.4,,,0,0,0,0.0,0.0,,,,34,34,0,97.0,307.0,3.162,4.0,2.0,5,3.156,3,0,0.0
222522,2.39,100.0,100.0,0,0,,,2.16,1.91,13,11,2,35.0,71.1,2.077,3.7,0.0,2.42,,6,6,0,18.0,43.5,2.417,3.2,1.5,2.48,2.04,11,11,0,33.0,75.3,2.282,3.2,1.0,,,0,0,0,0.0,0.0,,,,30,28,2,86.0,189.9,2.22,3.7,0.0,5,2.202,3,0,0.0
222525,2.61,100.0,200.0,0,0,,,2.36,2.09,13,12,1,35.0,77.7,2.277,3.7,0.0,2.85,,6,6,0,17.0,48.4,2.833,3.2,2.6,2.78,2.37,12,12,0,36.0,92.7,2.583,3.4,1.0,,,0,0,0,0.0,0.0,,,,31,30,1,88.0,218.8,2.503,3.7,0.0,5,2.49,3,0,0.0
222547,2.87,106.0,70.0,0,0,,,2.79,3.15,13,13,0,35.0,104.2,2.977,4.0,1.5,2.47,,6,6,0,18.0,44.4,2.467,3.2,1.0,3.13,2.63,12,12,0,36.0,103.6,2.883,3.4,2.2,,,0,0,0,0.0,0.0,,,,31,31,0,89.0,252.2,2.842,4.0,1.0,5,2.834,3,0,0.0
222586,3.17,109.0,130.0,0,0,,,3.16,3.21,14,14,0,38.0,121.1,3.171,3.7,2.4,3.04,,7,7,0,20.0,60.7,3.043,3.7,2.4,3.39,3.04,12,12,0,36.0,116.7,3.242,3.7,2.8,,,0,0,0,0.0,0.0,,,,33,33,0,94.0,298.5,3.17,3.7,2.4,5,3.168,3,0,0.0
222622,3.16,106.0,170.0,0,0,,,2.78,2.89,13,13,0,35.0,99.3,2.823,4.0,2.0,2.97,,6,6,0,18.0,53.4,2.967,3.4,2.8,3.55,3.6,12,12,0,36.0,128.7,3.575,3.7,3.4,,,0,0,0,0.0,0.0,,,,31,31,0,89.0,281.4,3.142,4.0,2.0,5,3.158,3,0,0.0
222630,2.51,103.0,100.0,1,0,,,1.8,2.88,11,11,0,32.0,73.8,2.282,4.0,1.0,2.5,,6,6,0,18.0,45.0,2.5,3.0,2.0,2.64,2.59,12,12,0,36.0,94.2,2.625,3.4,1.5,,,0,0,0,0.0,0.0,,,,29,29,0,86.0,213.0,2.469,4.0,1.0,5,2.482,3,0,0.0
222653,2.49,100.0,100.0,0,0,,,2.63,2.53,13,13,0,35.0,90.3,2.577,4.0,1.0,1.93,,6,6,0,17.0,32.8,1.967,2.8,1.0,2.92,2.33,12,12,0,36.0,94.5,2.625,3.7,1.0,,,0,0,0,0.0,0.0,,,,31,31,0,88.0,217.6,2.477,4.0,1.0,5,2.468,3,0,0.0
222656,2.86,103.0,140.0,0,0,,,2.48,2.19,13,11,2,35.0,81.5,2.3,3.4,0.0,2.45,,6,6,0,18.0,44.1,2.45,3.2,1.5,3.23,3.21,11,11,0,33.0,106.3,3.227,4.0,2.6,,,0,0,0,0.0,0.0,,,,30,28,2,86.0,231.9,2.67,4.0,0.0,5,2.712,3,0,0.0
222674,2.54,97.0,130.0,0,0,,,2.46,2.33,13,12,1,35.0,83.9,2.446,3.7,0.0,1.86,,6,6,0,17.0,31.6,1.933,3.2,1.0,3.03,2.36,11,11,0,33.0,90.0,2.727,3.4,1.0,,,0,0,0,0.0,0.0,,,,30,29,1,85.0,205.5,2.447,3.7,0.0,5,2.408,3,0,0.0
222678,2.56,97.0,100.0,3,0,,,1.91,1.96,11,10,1,32.0,61.9,1.936,3.7,0.0,1.92,,6,6,0,18.0,34.5,1.917,2.8,1.0,3.18,2.9,12,12,0,36.0,109.4,3.05,4.0,2.6,,,0,0,0,0.0,0.0,,,,29,28,1,86.0,205.8,2.393,4.0,0.0,5,2.374,3,0,0.0
222689,2.59,101.0,160.0,0,0,,,2.38,2.69,13,13,0,35.0,88.9,2.546,3.7,1.5,2.42,,6,6,0,18.0,43.5,2.417,3.0,1.5,2.56,2.59,12,12,0,36.0,92.8,2.583,3.4,2.0,,,0,0,0,0.0,0.0,,,,31,31,0,89.0,225.2,2.535,3.7,1.5,5,2.528,3,0,1.0
222692,2.48,102.0,190.0,2,0,,,1.65,1.78,11,10,1,32.0,54.7,1.718,3.4,0.0,2.4,,5,5,0,15.0,36.0,2.4,3.0,2.0,3.1,2.53,12,12,0,36.0,101.3,2.817,3.4,2.0,,,0,0,0,0.0,0.0,,,,28,27,1,83.0,192.0,2.311,3.4,0.0,5,2.292,3,0,0.0
222694,2.15,104.0,60.0,1,0,,,2.06,2.22,13,13,0,35.0,75.1,2.154,3.7,1.0,1.7,,6,6,0,18.0,30.6,1.7,2.2,1.0,2.31,2.16,12,12,0,36.0,80.4,2.242,3.2,1.0,,,0,0,0,0.0,0.0,,,,31,31,0,89.0,186.1,2.1,3.7,1.0,5,2.09,3,0,1.0
222700,2.01,98.0,160.0,2,0,,,2.04,1.69,13,13,0,35.0,65.1,1.846,3.0,1.0,2.1,,5,5,0,15.0,31.5,2.1,2.4,1.5,2.08,1.82,12,12,0,36.0,70.1,1.95,2.8,1.0,,,0,0,0,0.0,0.0,,,,30,30,0,86.0,166.7,1.93,3.0,1.0,5,1.946,3,0,1.0
222729,2.26,104.0,100.0,1,0,,,1.74,2.48,11,11,0,32.0,66.8,2.055,3.4,1.0,1.8,,6,6,0,18.0,32.4,1.8,2.4,1.0,2.81,1.83,12,11,1,36.0,83.6,2.325,3.7,0.0,,,0,0,0,0.0,0.0,,,,29,28,1,86.0,182.8,2.114,3.7,0.0,5,2.132,3,0,0.0
222731,2.05,104.0,70.0,1,0,,,2.1,2.3,13,13,0,35.0,77.1,2.169,3.7,1.0,1.6,,6,6,0,18.0,28.8,1.6,2.4,1.0,2.43,1.83,12,12,0,36.0,76.7,2.133,2.8,1.0,,,0,0,0,0.0,0.0,,,,31,31,0,89.0,182.6,2.045,3.7,1.0,5,2.052,3,0,1.0
222746,2.65,100.0,80.0,2,0,,,1.45,2.4,11,9,2,32.0,60.6,1.882,4.0,0.0,2.24,,5,5,0,15.0,33.6,2.24,2.4,2.2,2.75,3.09,12,12,0,36.0,105.2,2.925,3.7,1.0,,,0,0,0,0.0,0.0,,,,28,26,2,83.0,199.4,2.393,4.0,0.0,5,2.386,3,0,1.0
222760,2.11,103.0,60.0,1,0,,,,,0,0,0,0.0,0.0,,,,2.15,,6,6,0,18.0,38.7,2.15,2.4,1.5,1.57,1.99,12,11,1,36.0,64.1,1.783,3.2,0.0,,,0,0,0,0.0,0.0,,,,18,17,1,54.0,102.8,1.906,3.2,0.0,3,1.903,2,0,1.0
222776,2.5,104.0,190.0,1,0,,,1.72,2.6,11,11,0,32.0,68.3,2.1,3.4,1.0,1.66,,6,5,1,17.0,28.2,1.7,2.6,0.0,2.77,2.76,12,12,0,36.0,99.4,2.767,3.2,2.2,,,0,0,0,0.0,0.0,,,,29,28,1,85.0,195.9,2.293,3.4,0.0,5,2.302,3,0,1.0
222806,2.55,106.0,170.0,0,0,,,2.08,2.03,13,13,0,35.0,71.8,2.108,3.4,1.0,2.27,,6,6,0,18.0,40.8,2.267,2.4,2.0,3.13,2.97,12,12,0,36.0,109.8,3.05,3.7,2.4,,,0,0,0,0.0,0.0,,,,31,31,0,89.0,222.4,2.503,3.7,1.0,5,2.496,3,0,0.0
222827,2.39,100.0,70.0,0,0,,,,,0,0,0,0.0,0.0,,,,1.37,,6,5,1,18.0,24.6,1.367,2.2,0.0,2.66,2.08,12,11,1,36.0,85.3,2.375,3.4,0.0,,,0,0,0,0.0,0.0,,,,18,16,2,54.0,109.9,2.039,3.4,0.0,3,2.037,2,0,0.0
222831,1.94,94.0,140.0,3,2,,,2.09,2.03,13,13,0,35.0,72.1,2.1,3.0,1.0,1.08,,6,5,1,18.0,19.5,1.083,2.0,0.0,2.65,1.62,11,10,1,32.0,67.4,2.118,3.7,0.0,,,0,0,0,0.0,0.0,,,,30,28,2,85.0,159.0,1.903,3.7,0.0,5,1.894,3,0,0.0
222839,3.07,109.0,160.0,0,0,,,2.83,3.18,13,13,0,35.0,105.4,2.985,4.0,2.0,2.84,,7,7,0,20.0,56.8,2.857,3.2,2.4,3.03,3.3,13,13,0,39.0,123.9,3.177,3.7,2.4,,,0,0,0,0.0,0.0,,,,33,33,0,94.0,286.1,3.033,4.0,2.0,5,3.036,3,0,0.0
222840,2.45,104.0,170.0,0,0,,,2.31,2.18,13,12,1,35.0,78.6,2.269,3.7,0.0,1.85,,6,6,0,18.0,33.3,1.85,2.2,1.0,2.8,2.79,12,12,0,36.0,100.6,2.8,3.4,2.4,,,0,0,0,0.0,0.0,,,,31,30,1,89.0,212.5,2.394,3.7,0.0,5,2.386,3,0,0.0
222845,3.02,104.0,100.0,0,0,,,2.1,2.89,13,12,1,35.0,87.7,2.469,4.0,0.0,2.82,,6,6,0,18.0,50.7,2.817,3.7,2.0,3.51,3.3,12,12,0,36.0,122.6,3.408,4.0,2.6,,,0,0,0,0.0,0.0,,,,31,30,1,89.0,261.0,2.9,4.0,0.0,5,2.924,3,0,0.0
222847,3.04,109.0,130.0,0,0,,,2.61,3.03,13,13,0,35.0,98.9,2.823,4.0,1.5,2.77,,6,6,0,18.0,49.8,2.767,3.0,2.2,3.29,3.26,13,13,0,39.0,127.7,3.277,3.7,2.6,,,0,0,0,0.0,0.0,,,,32,32,0,92.0,276.4,2.997,4.0,1.5,5,2.992,3,0,0.0
222881,3.13,110.0,170.0,0,0,,,2.66,3.03,13,13,0,35.0,99.8,2.892,3.7,1.5,2.97,,6,6,0,18.0,53.4,2.967,3.4,2.4,3.34,3.31,14,14,0,42.0,139.8,3.329,3.7,3.0,,,0,0,0,0.0,0.0,,,,33,33,0,95.0,293.0,3.091,3.7,1.5,5,3.062,3,0,0.0
222909,1.98,74.0,100.0,4,3,,,2.13,1.72,13,11,2,35.0,67.1,1.915,3.0,0.0,1.42,,6,6,0,18.0,25.5,1.417,2.0,1.0,2.27,1.57,10,9,1,29.0,56.1,1.96,2.6,0.0,,,0,0,0,0.0,0.0,,,,29,26,3,82.0,148.7,1.828,3.0,0.0,5,1.822,3,0,1.0
222938,2.61,106.0,130.0,0,0,,,2.43,2.66,13,13,0,35.0,89.1,2.531,4.0,1.0,2.2,,6,6,0,18.0,39.6,2.2,2.8,1.5,2.77,2.69,12,12,0,36.0,98.2,2.733,3.4,2.2,,,0,0,0,0.0,0.0,,,,31,31,0,89.0,226.9,2.545,4.0,1.0,5,2.55,3,0,1.0
222994,3.02,106.0,130.0,0,0,,,2.91,3.23,13,13,0,35.0,107.7,3.054,4.0,1.5,2.26,,7,7,0,20.0,45.2,2.257,3.0,1.0,3.1,3.58,12,12,0,36.0,120.3,3.342,4.0,2.2,,,0,0,0,0.0,0.0,,,,32,32,0,91.0,273.2,2.987,4.0,1.0,5,3.016,3,0,0.0
223012,2.39,106.0,130.0,0,0,,,2.18,2.6,13,13,0,35.0,83.8,2.4,3.4,1.5,2.23,,6,6,0,18.0,40.2,2.233,2.8,1.0,2.49,2.19,12,12,0,36.0,84.4,2.35,2.8,1.0,,,0,0,0,0.0,0.0,,,,31,31,0,89.0,208.4,2.348,3.4,1.0,5,2.338,3,0,0.0
223017,2.3,99.0,100.0,0,0,,,2.05,2.02,13,12,1,35.0,71.3,2.038,3.2,0.0,2.07,,6,6,0,17.0,35.2,2.067,2.8,1.0,2.73,2.27,12,12,0,35.0,87.7,2.5,3.4,1.0,,,0,0,0,0.0,0.0,,,,31,30,1,87.0,194.2,2.223,3.4,0.0,5,2.228,3,0,0.0
223020,2.63,106.0,90.0,0,0,,,2.66,2.43,13,13,0,35.0,89.1,2.515,4.0,1.0,2.47,,6,6,0,18.0,44.4,2.467,3.4,2.0,2.83,2.52,12,12,0,36.0,96.3,2.683,3.4,2.0,,,0,0,0,0.0,0.0,,,,31,31,0,89.0,229.8,2.571,4.0,1.0,5,2.582,3,0,0.0
223067,2.22,101.0,90.0,0,0,,,2.05,2.2,13,11,2,35.0,74.4,2.177,3.4,0.0,1.82,,6,6,0,18.0,32.7,1.817,2.2,1.0,2.13,1.85,12,12,0,36.0,71.6,1.992,3.0,1.0,,,0,0,0,0.0,0.0,,,,31,29,2,89.0,178.7,2.035,3.4,0.0,5,2.01,3,0,1.0
223125,3.05,103.0,100.0,0,0,,,,,0,0,0,0.0,0.0,,,,2.62,,6,6,0,18.0,47.1,2.617,3.4,1.5,3.22,3.25,12,12,0,35.0,113.2,3.217,3.7,2.6,,,0,0,0,0.0,0.0,,,,18,18,0,53.0,160.3,3.017,3.7,1.5,3,3.03,2,0,0.0
223135,2.06,97.0,110.0,2,0,,,,,0,0,0,0.0,0.0,,,,2.46,,5,5,0,15.0,36.9,2.46,3.0,1.5,2.36,1.61,12,11,1,36.0,71.4,1.992,2.6,0.0,,,0,0,0,0.0,0.0,,,,17,16,1,51.0,108.3,2.129,3.0,0.0,3,2.143,2,0,0.0
223136,2.47,101.0,100.0,0,0,,,2.21,2.67,13,12,1,35.0,85.6,2.462,4.0,0.0,2.42,,6,6,0,18.0,43.5,2.417,3.0,1.5,2.01,2.43,12,12,0,36.0,79.8,2.225,3.0,1.0,,,0,0,0,0.0,0.0,,,,31,30,1,89.0,208.9,2.361,4.0,0.0,5,2.348,3,0,0.0
223166,2.66,104.0,160.0,0,0,,,2.51,2.57,13,12,1,35.0,88.8,2.562,4.0,0.0,1.88,,6,6,0,18.0,33.9,1.883,2.6,1.0,3.08,2.66,12,12,0,36.0,103.2,2.875,3.7,2.2,,,0,0,0,0.0,0.0,,,,31,30,1,89.0,225.9,2.552,4.0,0.0,5,2.54,3,0,0.0
223203,2.21,99.0,170.0,1,0,,,1.85,2.38,11,11,0,32.0,67.1,2.1,3.7,1.0,2.46,,6,6,0,17.0,41.8,2.433,2.8,2.0,2.24,1.77,12,11,1,36.0,72.2,2.008,2.8,0.0,,,0,0,0,0.0,0.0,,,,29,28,1,85.0,181.1,2.131,3.7,0.0,5,2.14,3,0,0.0
223231,3.15,115.0,110.0,0,0,,,3.12,3.14,14,14,0,38.0,119.0,3.15,4.0,1.5,2.88,,7,7,0,20.0,57.6,2.886,3.2,2.4,3.27,3.24,14,14,0,42.0,136.8,3.257,3.7,2.2,,,0,0,0,0.0,0.0,,,,35,35,0,100.0,313.4,3.14,4.0,1.5,5,3.13,3,0,0.0
223274,2.96,108.0,200.0,0,0,,,2.74,3.01,13,13,0,35.0,100.7,2.854,3.7,2.0,2.38,,6,6,0,17.0,40.4,2.367,3.2,1.0,3.23,3.3,12,12,0,36.0,117.6,3.267,3.4,2.8,,,0,0,0,0.0,0.0,,,,31,31,0,88.0,258.7,2.919,3.7,1.0,5,2.932,3,0,0.0
223289,2.19,101.0,130.0,0,0,,,2.21,1.87,13,12,1,35.0,71.2,2.092,3.2,0.0,2.12,,6,6,0,18.0,38.1,2.117,2.6,1.5,1.79,2.43,12,11,1,36.0,76.0,2.117,3.0,0.0,,,0,0,0,0.0,0.0,,,,31,29,2,89.0,185.3,2.106,3.2,0.0,5,2.084,3,0,0.0
223292,2.94,109.0,170.0,0,0,,,2.57,2.75,13,13,0,35.0,93.2,2.677,3.7,1.5,2.6,,6,6,0,18.0,46.8,2.6,3.2,2.2,2.97,3.28,12,12,0,36.0,112.4,3.125,4.0,2.2,,,0,0,0,0.0,0.0,,,,31,31,0,89.0,252.4,2.835,4.0,1.5,5,2.834,3,0,0.0
223294,2.73,106.0,130.0,0,0,,,2.87,2.31,13,13,0,35.0,90.3,2.592,4.0,1.0,2.17,,6,6,0,18.0,39.0,2.167,2.8,1.0,2.99,2.93,12,12,0,36.0,106.6,2.967,3.4,2.6,,,0,0,0,0.0,0.0,,,,31,31,0,89.0,235.9,2.655,4.0,1.0,5,2.654,3,0,0.0
223297,2.43,102.0,200.0,1,0,,,1.78,2.76,11,11,0,32.0,71.7,2.218,3.4,1.0,2.23,,7,7,0,18.0,40.1,2.3,3.2,1.5,2.56,2.56,12,12,0,35.0,89.7,2.583,3.2,1.0,,,0,0,0,0.0,0.0,,,,30,30,0,85.0,201.5,2.383,3.4,1.0,5,2.378,3,0,0.0
223325,3.1,103.0,200.0,0,0,,,2.79,2.96,13,13,0,35.0,100.8,2.9,4.0,1.5,3.02,,6,6,0,17.0,51.4,3.033,3.4,2.6,3.17,3.33,12,12,0,36.0,117.0,3.25,4.0,2.4,,,0,0,0,0.0,0.0,,,,31,31,0,88.0,269.2,3.061,4.0,1.5,5,3.054,3,0,0.0
223331,2.01,74.0,70.0,3,0,,,2.01,1.37,13,13,0,35.0,58.9,1.715,3.2,1.0,1.48,,5,5,0,15.0,22.2,1.48,2.4,1.0,2.67,1.63,10,9,1,30.0,64.5,2.16,3.0,0.0,,,0,0,0,0.0,0.0,,,,28,27,1,80.0,145.6,1.832,3.2,0.0,5,1.832,3,0,1.0
223332,2.5,97.0,100.0,0,0,,,,,0,0,0,0.0,0.0,,,,1.57,,6,6,0,18.0,28.2,1.567,2.4,1.0,3.06,2.76,12,12,0,35.0,102.0,2.925,4.0,1.0,,,0,0,0,0.0,0.0,,,,18,18,0,53.0,130.2,2.472,4.0,1.0,3,2.463,2,0,0.0
223337,2.68,105.0,170.0,1,0,,,1.62,2.54,11,10,1,32.0,65.7,2.064,3.7,0.0,2.47,,6,6,0,17.0,42.0,2.5,3.0,1.0,2.96,2.79,12,12,0,36.0,103.6,2.883,3.7,2.2,,,0,0,0,0.0,0.0,,,,29,28,1,85.0,211.3,2.493,3.7,0.0,5,2.476,3,0,0.0
223351,2.5,109.0,100.0,0,0,,,2.19,1.84,13,12,1,35.0,70.5,2.062,3.4,0.0,2.4,,6,6,0,18.0,43.2,2.4,2.8,2.2,2.76,2.76,12,12,0,36.0,99.3,2.767,3.4,2.0,,,0,0,0,0.0,0.0,,,,31,30,1,89.0,213.0,2.4,3.4,0.0,5,2.39,3,0,0.0
223353,2.85,109.0,170.0,0,0,,,2.26,2.69,13,13,0,35.0,86.9,2.523,3.7,1.0,2.46,,6,6,0,17.0,41.9,2.517,3.4,1.5,3.2,3.38,12,12,0,36.0,118.5,3.292,4.0,1.5,,,0,0,0,0.0,0.0,,,,31,31,0,88.0,247.3,2.819,4.0,1.0,5,2.798,3,0,0.0
223361,2.21,100.0,70.0,2,0,,,2.0,1.21,13,12,1,35.0,55.8,1.646,2.8,0.0,1.84,,5,4,1,14.0,25.8,1.92,3.0,0.0,2.13,2.3,12,12,0,36.0,79.7,2.217,3.4,1.0,,,0,0,0,0.0,0.0,,,,30,28,2,85.0,161.3,1.92,3.4,0.0,5,1.896,3,0,0.0
223369,2.86,104.0,200.0,0,0,,,2.15,3.03,13,13,0,35.0,91.2,2.631,3.7,1.0,2.07,,6,5,1,18.0,37.2,2.067,3.2,0.0,2.85,2.99,12,12,0,36.0,105.2,2.933,3.4,2.6,,,0,0,0,0.0,0.0,,,,31,30,1,89.0,233.6,2.639,3.7,0.0,5,2.618,3,0,0.0
223383,2.29,97.0,100.0,1,0,,,,,0,0,0,0.0,0.0,,,,2.12,,6,6,0,17.0,36.1,2.117,2.6,1.5,2.45,2.06,12,11,1,36.0,81.2,2.258,3.4,0.0,,,0,0,0,0.0,0.0,,,,18,17,1,53.0,117.3,2.211,3.4,0.0,3,2.21,2,0,0.0
223385,2.76,103.0,130.0,0,0,,,2.55,2.51,13,13,0,35.0,88.5,2.523,3.7,1.5,2.17,,6,5,1,18.0,39.0,2.167,3.0,0.0,3.07,2.93,12,12,0,36.0,108.0,3.0,3.4,2.2,,,0,0,0,0.0,0.0,,,,31,30,1,89.0,235.5,2.639,3.7,0.0,5,2.646,3,0,0.0
223397,3.0,109.0,170.0,0,0,,,3.0,3.13,14,14,0,38.0,116.8,3.05,4.0,2.2,2.71,,7,7,0,20.0,54.2,2.714,3.2,2.2,2.83,3.06,12,12,0,36.0,106.0,2.95,3.4,2.4,,,0,0,0,0.0,0.0,,,,33,33,0,94.0,277.0,2.942,4.0,2.2,5,2.946,3,0,0.0
223410,2.62,106.0,100.0,0,0,,,2.41,2.18,13,13,0,35.0,80.1,2.269,3.2,1.0,2.52,,6,6,0,18.0,45.3,2.517,3.0,1.5,2.83,2.93,12,12,0,36.0,103.6,2.883,3.4,2.4,,,0,0,0,0.0,0.0,,,,31,31,0,89.0,229.0,2.555,3.4,1.0,5,2.574,3,0,0.0
223412,2.22,97.0,130.0,2,0,,,1.95,2.19,13,13,0,35.0,72.7,2.046,3.7,1.0,1.65,,6,6,0,18.0,29.7,1.65,2.2,1.0,2.44,2.59,12,12,0,36.0,90.6,2.525,3.4,1.5,,,0,0,0,0.0,0.0,,,,31,31,0,89.0,193.0,2.155,3.7,1.0,5,2.164,3,0,0.0
223414,2.42,103.0,130.0,0,0,,,2.21,2.1,13,13,0,35.0,75.4,2.162,3.2,1.0,2.07,,6,6,0,17.0,35.2,2.1,2.6,1.5,2.89,2.73,12,12,0,36.0,101.3,2.817,3.4,2.0,,,0,0,0,0.0,0.0,,,,31,31,0,88.0,211.9,2.403,3.4,1.0,5,2.4,3,0,0.0
223423,2.3,104.0,170.0,0,0,,,2.04,2.29,13,13,0,35.0,75.9,2.177,4.0,1.0,1.95,,6,6,0,18.0,35.1,1.95,2.4,1.0,2.63,2.53,12,12,0,36.0,92.8,2.583,3.0,2.0,,,0,0,0,0.0,0.0,,,,31,31,0,89.0,203.8,2.29,4.0,1.0,5,2.288,3,0,0.0
223439,2.25,103.0,100.0,0,0,,,2.54,2.62,13,13,0,35.0,90.3,2.554,3.7,1.0,1.65,,6,6,0,17.0,28.1,1.683,2.4,1.0,2.19,2.17,12,12,0,36.0,78.4,2.183,3.4,1.0,,,0,0,0,0.0,0.0,,,,31,31,0,88.0,196.8,2.242,3.7,1.0,5,2.234,3,0,0.0
223441,3.02,104.0,170.0,0,0,,,2.65,2.3,13,12,1,35.0,86.5,2.5,3.4,0.0,3.05,,6,6,0,18.0,54.9,3.05,3.7,2.0,3.33,3.15,12,12,0,36.0,116.7,3.242,3.7,2.8,,,0,0,0,0.0,0.0,,,,31,30,1,89.0,258.1,2.894,3.7,0.0,5,2.896,3,0,0.0
223455,2.86,106.0,170.0,0,0,,,2.62,2.82,13,13,0,35.0,95.3,2.731,4.0,1.5,2.45,,6,6,0,18.0,44.1,2.45,2.8,1.5,3.21,3.04,12,12,0,36.0,112.6,3.133,3.7,2.6,,,0,0,0,0.0,0.0,,,,31,31,0,89.0,252.0,2.832,4.0,1.5,5,2.828,3,0,1.0
223468,2.38,101.0,130.0,1,0,,,2.24,1.7,13,11,2,35.0,68.6,1.969,4.0,0.0,2.4,,5,5,0,15.0,36.0,2.4,2.6,2.0,1.93,2.83,12,12,0,36.0,85.7,2.383,3.2,1.0,,,0,0,0,0.0,0.0,,,,30,28,2,86.0,190.3,2.207,4.0,0.0,5,2.22,3,0,0.0
223474,2.07,98.0,70.0,0,0,,,2.35,1.99,13,13,0,35.0,75.7,2.177,3.2,1.0,2.23,,6,6,0,18.0,40.2,2.233,3.0,1.0,2.22,1.72,12,11,1,36.0,70.9,1.975,3.0,0.0,,,0,0,0,0.0,0.0,,,,31,30,1,89.0,186.8,2.11,3.2,0.0,5,2.102,3,0,1.0
223484,2.51,104.0,130.0,0,0,,,2.11,2.36,13,13,0,35.0,78.4,2.185,3.7,1.0,2.27,,6,6,0,18.0,40.8,2.267,2.4,2.2,2.83,2.65,12,12,0,36.0,98.7,2.75,3.2,2.2,,,0,0,0,0.0,0.0,,,,31,31,0,89.0,217.9,2.419,3.7,1.0,5,2.444,3,0,1.0
223493,2.58,106.0,140.0,0,0,,,2.45,2.8,13,13,0,35.0,92.1,2.638,3.4,1.5,2.53,,6,6,0,18.0,45.6,2.533,3.0,2.2,2.3,2.36,12,12,0,36.0,83.8,2.333,3.4,1.0,,,0,0,0,0.0,0.0,,,,31,31,0,89.0,221.5,2.5,3.4,1.0,5,2.488,3,0,0.0
223508,3.17,106.0,130.0,0,0,,,2.53,2.58,13,12,1,35.0,89.4,2.6,4.0,0.0,3.1,,6,6,0,18.0,55.8,3.1,3.4,2.8,3.57,3.48,12,12,0,36.0,126.9,3.525,4.0,2.8,,,0,0,0,0.0,0.0,,,,31,30,1,89.0,272.1,3.055,4.0,0.0,5,3.052,3,0,0.0
223513,2.97,107.0,200.0,0,0,,,2.68,2.91,13,13,0,35.0,97.9,2.777,3.7,1.5,2.57,,6,6,0,18.0,46.2,2.567,3.2,2.2,3.02,3.28,12,12,0,36.0,113.4,3.15,3.7,2.0,,,0,0,0,0.0,0.0,,,,31,31,0,89.0,257.5,2.881,3.7,1.5,5,2.892,3,0,0.0
223516,2.59,101.0,130.0,0,0,,,2.11,2.31,13,12,1,35.0,77.5,2.208,3.7,0.0,2.43,,6,6,0,18.0,43.8,2.433,3.0,2.0,2.86,2.72,12,12,0,35.0,97.8,2.8,3.4,2.6,,,0,0,0,0.0,0.0,,,,31,30,1,88.0,219.1,2.481,3.7,0.0,5,2.486,3,0,0.0
223533,2.85,106.0,160.0,0,0,,,2.32,2.88,13,13,0,35.0,91.4,2.6,3.7,1.5,2.18,,6,6,0,18.0,39.3,2.183,2.6,1.5,3.47,3.4,12,12,0,36.0,123.6,3.433,3.7,2.8,,,0,0,0,0.0,0.0,,,,31,31,0,89.0,254.3,2.842,3.7,1.5,5,2.85,3,0,0.0
223549,2.51,106.0,200.0,0,0,,,2.08,2.31,13,13,0,35.0,76.9,2.185,4.0,1.0,2.4,,6,6,0,18.0,43.2,2.4,2.8,2.0,2.83,2.79,12,12,0,36.0,101.3,2.817,3.4,2.2,,,0,0,0,0.0,0.0,,,,31,31,0,89.0,221.4,2.471,4.0,1.0,5,2.482,3,0,0.0
223572,2.96,101.0,130.0,0,0,,,2.34,2.68,13,13,0,35.0,87.9,2.5,4.0,1.0,2.92,,6,6,0,18.0,52.5,2.917,3.7,2.2,3.13,3.42,12,12,0,36.0,117.9,3.275,3.7,3.0,,,0,0,0,0.0,0.0,,,,31,31,0,89.0,258.3,2.881,4.0,1.0,5,2.898,3,0,0.0
223583,2.75,106.0,140.0,0,0,,,2.48,2.72,13,12,1,35.0,91.2,2.577,4.0,0.0,2.63,,6,6,0,18.0,47.4,2.633,3.4,2.2,2.54,2.73,12,12,0,36.0,95.0,2.642,3.4,1.5,,,0,0,0,0.0,0.0,,,,31,30,1,89.0,233.6,2.613,4.0,0.0,5,2.62,3,0,0.0
223595,2.5,101.0,100.0,0,0,,,2.61,1.87,13,12,1,35.0,77.9,2.177,3.2,0.0,2.4,,6,6,0,18.0,43.2,2.4,2.8,2.0,2.93,2.4,12,11,1,36.0,96.0,2.667,3.4,0.0,,,0,0,0,0.0,0.0,,,,31,29,2,89.0,217.1,2.41,3.4,0.0,5,2.442,3,0,0.0
223615,2.04,94.0,140.0,0,0,,,2.12,2.12,13,13,0,35.0,74.2,2.069,3.4,1.0,2.23,,6,6,0,18.0,40.2,2.233,2.6,2.0,1.73,1.85,11,10,1,32.0,57.4,1.809,2.8,0.0,,,0,0,0,0.0,0.0,,,,30,29,1,85.0,171.8,2.007,3.4,0.0,5,2.01,3,0,0.0
223624,2.64,106.0,200.0,1,0,,,1.99,2.63,13,13,0,35.0,81.3,2.338,4.0,1.0,2.47,,6,6,0,18.0,44.4,2.467,3.0,2.0,3.27,2.83,12,12,0,36.0,109.8,3.05,3.4,2.2,,,0,0,0,0.0,0.0,,,,31,31,0,89.0,235.5,2.639,4.0,1.0,5,2.638,3,0,0.0
223632,2.26,101.0,170.0,2,0,,,1.81,2.44,11,11,0,32.0,67.3,2.1,3.2,1.0,1.77,,6,6,0,18.0,31.8,1.767,2.4,1.5,2.68,2.42,12,12,0,36.0,91.8,2.55,3.7,1.5,,,0,0,0,0.0,0.0,,,,29,29,0,86.0,190.9,2.217,3.7,1.0,5,2.224,3,0,0.0
223652,2.84,104.0,200.0,0,0,,,2.55,2.9,13,13,0,35.0,95.6,2.708,4.0,1.5,2.42,,6,6,0,18.0,43.5,2.417,3.0,1.5,3.09,2.97,12,12,0,36.0,109.1,3.033,3.7,1.5,,,0,0,0,0.0,0.0,,,,31,31,0,89.0,248.2,2.777,4.0,1.5,5,2.786,3,0,0.0
223660,2.46,106.0,140.0,0,0,,,2.45,2.42,13,13,0,35.0,85.1,2.492,4.0,1.0,2.42,,6,6,0,18.0,43.5,2.417,3.0,1.5,2.49,2.28,12,12,0,36.0,85.9,2.392,3.0,1.5,,,0,0,0,0.0,0.0,,,,31,31,0,89.0,214.5,2.439,4.0,1.0,5,2.412,3,0,0.0
223667,2.65,104.0,100.0,0,0,,,2.47,2.52,13,13,0,35.0,87.4,2.508,3.4,2.0,2.63,,6,6,0,18.0,47.4,2.633,3.4,2.0,2.76,2.73,12,12,0,36.0,98.9,2.75,3.4,2.2,,,0,0,0,0.0,0.0,,,,31,31,0,89.0,233.7,2.626,3.4,2.0,5,2.622,3,0,0.0
223679,2.61,101.0,130.0,0,0,,,2.61,1.56,13,11,2,35.0,72.3,2.069,3.7,0.0,2.13,,6,6,0,18.0,38.4,2.133,2.8,1.5,3.2,3.16,12,12,0,35.0,111.4,3.183,3.4,2.8,,,0,0,0,0.0,0.0,,,,31,29,2,88.0,222.1,2.513,3.7,0.0,5,2.532,3,0,0.0
223707,2.42,99.0,140.0,0,0,,,,,0,0,0,0.0,0.0,,,,1.57,,6,5,1,17.0,26.7,1.567,2.2,0.0,2.52,2.55,12,12,0,36.0,91.3,2.542,3.7,1.0,,,0,0,0,0.0,0.0,,,,18,17,1,53.0,118.0,2.217,3.7,0.0,3,2.213,2,0,0.0
223716,2.75,104.0,140.0,0,0,,,2.33,3.01,13,13,0,35.0,93.8,2.646,4.0,1.0,2.28,,6,6,0,18.0,41.1,2.283,2.8,1.5,2.88,2.88,12,12,0,36.0,103.7,2.883,3.7,2.0,,,0,0,0,0.0,0.0,,,,31,31,0,89.0,238.6,2.668,4.0,1.0,5,2.676,3,0,0.0
223815,3.18,115.0,170.0,0,0,,,,,0,0,0,0.0,0.0,,,,2.89,,7,7,0,20.0,57.8,2.914,3.4,2.4,3.36,3.26,14,14,0,42.0,138.9,3.307,3.7,3.0,,,0,0,0,0.0,0.0,,,,21,21,0,62.0,196.7,3.176,3.7,2.4,3,3.17,2,0,0.0
223831,2.75,101.0,170.0,1,0,,,2.24,1.42,13,12,1,35.0,63.6,1.9,3.4,0.0,2.8,,6,6,0,18.0,50.4,2.8,3.0,2.4,3.12,3.42,12,12,0,36.0,117.6,3.267,4.0,2.2,,,0,0,0,0.0,0.0,,,,31,30,1,89.0,231.6,2.603,4.0,0.0,5,2.6,3,0,0.0
223832,3.08,101.0,170.0,0,0,,,2.68,2.94,13,13,0,35.0,98.6,2.838,4.0,1.0,2.83,,6,6,0,18.0,51.0,2.833,3.0,2.4,3.2,3.5,12,12,0,36.0,120.6,3.35,4.0,1.0,,,0,0,0,0.0,0.0,,,,31,31,0,89.0,270.2,3.035,4.0,1.0,5,3.03,3,0,0.0
223834,2.74,106.0,170.0,0,0,,,2.73,2.62,13,13,0,35.0,93.6,2.685,4.0,1.0,2.1,,6,6,0,18.0,37.8,2.1,2.6,1.5,3.08,2.93,12,12,0,36.0,108.3,3.008,3.7,2.2,,,0,0,0,0.0,0.0,,,,31,31,0,89.0,239.7,2.697,4.0,1.0,5,2.692,3,0,0.0
223838,2.94,106.0,130.0,0,0,,,2.87,3.09,13,13,0,35.0,104.4,2.977,4.0,2.0,2.63,,6,6,0,18.0,47.4,2.633,3.0,2.2,3.23,2.86,12,12,0,36.0,109.7,3.05,3.4,2.4,,,0,0,0,0.0,0.0,,,,31,31,0,89.0,261.5,2.939,4.0,2.0,5,2.936,3,0,0.0
223853,3.05,109.0,30.0,0,0,,,2.54,3.03,13,13,0,35.0,97.7,2.769,4.0,1.0,3.0,,6,6,0,18.0,54.0,3.0,3.4,2.6,3.17,3.26,13,13,0,39.0,125.4,3.215,3.4,3.0,,,0,0,0,0.0,0.0,,,,32,32,0,92.0,277.1,2.994,4.0,1.0,5,3.0,3,0,0.0
223886,1.84,88.0,140.0,4,2,,,,,0,0,0,0.0,0.0,,,,2.36,,5,5,0,15.0,35.4,2.36,2.8,2.0,1.13,1.74,11,8,3,33.0,46.5,1.409,2.8,0.0,,,0,0,0,0.0,0.0,,,,16,13,3,48.0,81.9,1.706,2.8,0.0,3,1.743,2,0,1.0
223901,2.57,101.0,120.0,2,0,,,1.02,2.58,12,9,3,32.0,56.1,1.808,3.2,0.0,2.32,,6,6,0,18.0,41.7,2.317,2.6,1.5,2.99,3.17,12,12,0,36.0,110.9,3.083,3.4,2.4,,,0,0,0,0.0,0.0,,,,30,27,3,86.0,208.7,2.42,3.4,0.0,5,2.416,3,0,0.0
223905,2.51,90.0,130.0,0,0,,,3.19,3.16,14,14,0,38.0,120.5,3.193,4.0,2.6,2.95,,7,7,0,19.0,56.1,2.929,3.7,2.4,3.03,0.21,13,7,6,39.0,59.1,1.515,3.4,0.0,,,0,0,0,0.0,0.0,,,,34,28,6,96.0,235.7,2.497,4.0,0.0,5,2.508,3,0,1.0
223914,2.0,95.0,130.0,3,3,,,2.19,1.87,13,12,1,35.0,70.9,1.992,3.4,0.0,1.52,,6,6,0,18.0,27.3,1.517,2.6,1.0,2.19,1.96,10,10,0,30.0,62.3,2.08,2.6,1.0,,,0,0,0,0.0,0.0,,,,29,28,1,83.0,160.5,1.924,3.4,0.0,5,1.946,3,0,0.0
223918,2.92,106.0,160.0,0,0,,,2.68,2.34,13,13,0,35.0,87.7,2.554,3.7,1.0,2.8,,6,6,0,18.0,50.4,2.8,3.2,2.0,3.3,3.52,12,12,0,36.0,122.7,3.408,3.7,3.2,,,0,0,0,0.0,0.0,,,,31,31,0,89.0,260.8,2.932,3.7,1.0,5,2.928,3,0,0.0
223920,2.4,106.0,40.0,0,0,,,2.2,2.62,13,12,1,35.0,84.6,2.338,4.0,0.0,1.67,,6,6,0,18.0,30.0,1.667,2.6,1.0,2.7,2.7,12,12,0,36.0,97.2,2.7,3.4,1.0,,,0,0,0,0.0,0.0,,,,31,30,1,89.0,211.8,2.348,4.0,0.0,5,2.378,3,0,0.0
223985,2.21,95.0,30.0,2,0,,,,,0,0,0,0.0,0.0,,,,1.71,,6,5,1,17.0,29.0,1.733,2.6,0.0,2.53,2.28,12,12,0,35.0,84.3,2.425,3.4,1.5,,,0,0,0,0.0,0.0,,,,18,17,1,52.0,113.3,2.194,3.4,0.0,3,2.173,2,0,0.0
224051,2.05,76.0,170.0,3,0,,,2.05,1.41,13,11,2,35.0,60.2,1.715,3.4,0.0,1.14,,5,4,1,15.0,17.1,1.14,2.2,0.0,2.2,2.11,11,11,0,31.0,66.7,2.209,3.2,1.0,,,0,0,0,0.0,0.0,,,,29,26,3,81.0,144.0,1.803,3.4,0.0,5,1.782,3,0,1.0
224085,2.67,109.0,140.0,0,0,,,2.34,2.7,14,14,0,37.0,93.8,2.621,4.0,1.0,2.55,,6,6,0,18.0,45.9,2.55,3.0,1.5,3.0,2.58,12,12,0,36.0,100.4,2.792,3.4,1.5,,,0,0,0,0.0,0.0,,,,32,32,0,91.0,240.1,2.672,4.0,1.0,5,2.634,3,0,0.0
235404,2.77,111.0,120.0,0,0,,,,,0,0,0,0.0,0.0,,,,,,0,0,0,0.0,0.0,,,,2.26,2.59,12,12,0,36.0,87.3,2.433,3.2,2.0,,,0,0,0,0.0,0.0,,,,12,12,0,36.0,87.3,2.433,3.2,2.0,2,2.425,1,0,0.0
