student_id,cumulative_gpa,academic_hours,training_hours,total_warnings_max,consecutive_warnings_max,military_education,year1_fall_gpa,year1_spring_gpa,year1_total_courses,year1_passed_courses,year1_failed_courses,year1_credits,year1_points,year1_avg_grade,year1_max_grade,year1_min_grade,year2_fall_gpa,year2_spring_gpa,year2_total_courses,year2_passed_courses,year2_failed_courses,year2_credits,year2_points,year2_avg_grade,year2_max_grade,year2_min_grade,year3_fall_gpa,year3_spring_gpa,year3_total_courses,year3_passed_courses,year3_failed_courses,year3_credits,year3_points,year3_avg_grade,year3_max_grade,year3_min_grade,year4_fall_gpa,year4_spring_gpa,year4_total_courses,year4_passed_courses,year4_failed_courses,year4_credits,year4_points,year4_avg_grade,year4_max_grade,year4_min_grade,total_courses,passed_courses,failed_courses,total_credits_all_years,total_points_all_years,avg_numeric_grade,highest_grade,lowest_grade,semester_gpa_count,overall_semester_gpa_avg,years_available,complete_four_year_record,graduation_status,at_risk
210142,2.46,135.0,130.0,1,1,اجتاز,2.15,1.79,13,12,1,35.0,68.8,1.938,2.6,0.0,2.07,,6,6,0,18.0,37.2,2.067,2.6,1.0,2.44,2.67,12,12,0,36.0,91.9,2.558,3.4,1.0,3.15,2.97,10,10,0,29.0,89.3,3.07,4.0,2.4,41,40,1,118.0,287.2,2.415,4.0,0.0,7,2.463,4,1,graduate,1
210294,2.87,135.0,240.0,3,3,اجتاز,1.74,1.7,11,10,1,32.0,55.1,1.755,3.2,0.0,2.0,,5,5,0,15.0,30.0,2.0,2.6,1.0,,,0,0,0,0.0,0.0,,,,3.4,3.38,12,12,0,36.0,122.1,3.392,4.0,2.6,28,27,1,83.0,207.2,2.5,4.0,0.0,5,2.444,3,0,graduate,1
210389,3.19,135.0,100.0,0,0,لم يجتاز,2.49,3.11,13,13,0,35.0,98.3,2.862,3.7,1.0,2.65,,6,6,0,18.0,47.7,2.65,3.7,1.0,3.63,3.17,13,13,0,39.0,131.9,3.385,4.0,2.2,3.4,3.6,8,8,0,23.0,83.2,3.6,4.0,3.2,40,40,0,115.0,361.1,3.147,4.0,1.0,7,3.15,4,1,level4_non_graduate,0
210430,2.8,135.0,170.0,0,0,اجتاز,2.55,3.19,13,13,0,35.0,100.7,2.908,4.0,1.5,2.57,,6,6,0,18.0,46.2,2.567,2.8,2.2,3.03,2.45,11,11,0,33.0,91.4,2.773,3.7,1.5,2.2,2.81,11,10,1,29.0,81.4,2.564,4.0,0.0,41,40,1,115.0,319.7,2.729,4.0,0.0,7,2.686,4,1,graduate,0
210464,2.64,135.0,200.0,3,3,اجتاز,1.75,1.94,11,11,0,32.0,58.8,1.827,3.7,1.0,1.84,,5,4,1,14.0,25.8,1.72,2.4,0.0,2.73,2.93,12,12,0,36.0,101.9,2.833,3.4,2.2,3.03,2.95,10,10,0,30.0,90.0,3.0,4.0,2.0,38,37,1,112.0,276.5,2.439,4.0,0.0,7,2.453,4,1,graduate,1
210474,2.47,135.0,240.0,1,1,اجتاز,1.96,2.19,13,12,1,35.0,72.9,2.092,3.7,0.0,2.17,,6,6,0,18.0,39.0,2.167,2.8,1.0,2.33,1.58,12,11,1,36.0,70.3,1.958,3.7,0.0,2.93,2.88,11,11,0,32.0,93.1,2.918,3.7,2.2,42,40,2,121.0,275.3,2.281,3.7,0.0,7,2.291,4,1,graduate,1
210520,2.69,135.0,240.0,0,0,,2.21,2.9,13,13,0,35.0,89.8,2.577,4.0,1.5,1.92,,6,6,0,17.0,32.7,1.9,2.2,1.5,2.33,3.2,12,11,1,36.0,99.6,2.767,3.4,0.0,3.32,2.97,8,8,0,24.0,75.6,3.15,4.0,2.4,39,38,1,112.0,297.7,2.649,4.0,0.0,7,2.693,4,1,graduate,0
210621,2.33,135.0,240.0,1,0,اجتاز,2.0,1.96,13,11,2,35.0,69.3,1.946,3.7,0.0,1.77,,6,6,0,18.0,31.8,1.767,2.2,1.0,2.46,1.95,12,12,0,36.0,79.3,2.208,3.4,1.5,2.57,3.0,10,7,0,29.0,79.8,2.629,4.0,2.0,41,36,2,118.0,260.2,2.126,4.0,0.0,7,2.244,4,1,graduate,1
210651,2.31,135.0,240.0,1,1,اجتاز,2.3,1.69,13,12,1,35.0,69.6,1.969,3.2,0.0,2.1,,5,5,0,15.0,31.5,2.1,2.4,1.5,2.62,2.22,12,12,0,36.0,87.1,2.433,3.2,1.0,2.68,2.2,9,9,0,26.0,67.4,2.578,3.4,2.0,39,38,1,112.0,255.6,2.269,3.4,0.0,7,2.259,4,1,graduate,1
210668,3.38,135.0,70.0,1,1,اجتاز,1.46,2.6,12,9,3,31.0,61.2,2.142,3.7,0.0,2.5,,5,4,1,15.0,37.5,2.5,3.7,0.0,,,0,0,0,0.0,0.0,,,,3.22,3.52,12,12,0,35.0,117.2,3.35,4.0,2.2,29,25,4,81.0,215.9,2.703,4.0,0.0,5,2.66,3,0,graduate,1
210723,2.25,132.0,100.0,1,0,اجتاز,2.01,1.53,13,11,2,35.0,61.7,1.769,3.0,0.0,2.36,,5,5,0,15.0,35.4,2.36,2.6,2.2,2.76,2.29,12,11,1,36.0,90.9,2.533,3.2,0.0,3.07,2.6,12,9,1,31.0,90.9,2.73,4.0,0.0,42,36,4,117.0,278.9,2.312,4.0,0.0,7,2.374,4,1,level4_non_graduate,1
210749,2.65,135.0,240.0,0,0,اجتاز,2.32,2.83,13,13,0,35.0,90.4,2.623,4.0,2.0,2.32,,6,6,0,18.0,41.7,2.317,2.8,1.5,2.63,2.04,12,11,1,36.0,84.2,2.342,3.4,0.0,2.83,2.85,10,10,0,29.0,82.4,2.84,4.0,2.2,41,40,1,118.0,298.7,2.549,4.0,0.0,7,2.546,4,1,graduate,0
210758,2.81,135.0,240.0,3,0,اجتاز,,,0,0,0,0.0,0.0,,,,1.84,,5,5,0,15.0,27.6,1.84,2.2,1.5,3.32,2.98,12,12,0,36.0,113.4,3.15,3.7,2.2,3.28,3.35,12,12,0,36.0,119.4,3.317,3.7,2.8,29,29,0,87.0,260.4,2.993,3.7,1.5,5,2.954,3,0,graduate,1
210778,3.16,135.0,160.0,0,0,,2.64,3.22,13,13,0,35.0,102.8,2.954,4.0,2.0,2.8,,6,6,0,18.0,50.4,2.8,3.2,2.4,3.28,3.28,13,13,0,39.0,127.9,3.285,3.7,2.6,3.62,3.32,9,9,0,26.0,90.7,3.478,4.0,2.8,41,41,0,118.0,371.8,3.151,4.0,2.0,7,3.166,4,1,graduate,0
210839,2.46,135.0,240.0,3,3,اجتاز,,,0,0,0,0.0,0.0,,,,1.9,,5,5,0,15.0,28.5,1.9,2.0,1.5,,,0,0,0,0.0,0.0,,,,3.17,2.58,12,12,0,34.0,97.3,2.875,4.0,1.5,17,17,0,49.0,125.8,2.588,4.0,1.5,3,2.55,2,0,graduate,1
210890,2.44,135.0,0.0,1,1,اجتاز,,,0,0,0,0.0,0.0,,,,1.07,,7,5,2,18.0,19.3,1.129,2.4,0.0,2.34,2.11,12,10,2,35.0,78.0,2.233,3.7,0.0,2.81,2.76,11,11,0,32.0,89.3,2.791,3.7,2.0,30,26,4,85.0,186.6,2.18,3.7,0.0,5,2.218,3,0,graduate,1
210914,2.29,135.0,170.0,3,0,اجتاز,1.72,2.53,10,10,0,29.0,59.5,2.07,3.4,1.0,1.17,,6,5,1,18.0,21.0,1.167,2.0,0.0,2.4,2.13,12,11,1,36.0,81.5,2.267,3.0,0.0,2.52,2.16,11,11,0,30.0,74.8,2.509,3.7,1.5,39,37,2,113.0,236.8,2.115,3.7,0.0,7,2.09,4,1,graduate,1
210915,2.56,135.0,30.0,2,2,اجتاز,1.25,1.9,11,9,2,29.0,44.1,1.536,2.4,0.0,2.76,,5,5,0,15.0,41.4,2.76,3.0,2.4,,,0,0,0,0.0,0.0,,,,2.69,2.75,13,13,0,36.0,100.8,2.769,4.0,2.0,29,27,2,80.0,186.3,2.3,4.0,0.0,5,2.27,3,0,graduate,1
210955,2.48,135.0,240.0,1,1,اجتاز,1.97,2.28,13,12,1,35.0,74.5,2.115,4.0,0.0,2.6,,6,6,0,18.0,46.8,2.6,3.2,2.0,2.73,1.68,12,11,1,36.0,79.4,2.208,3.4,0.0,3.0,2.26,12,12,0,32.0,88.8,2.8,4.0,2.0,43,41,2,121.0,289.5,2.4,4.0,0.0,7,2.36,4,1,graduate,1
210964,2.51,135.0,100.0,1,1,اجتاز,2.09,2.19,13,13,0,35.0,74.9,2.146,3.2,1.0,1.6,,6,5,1,18.0,28.8,1.6,2.2,0.0,2.73,2.65,12,12,0,36.0,96.9,2.692,3.7,1.5,2.98,2.67,10,10,0,29.0,82.9,2.85,4.0,2.2,41,40,1,118.0,283.5,2.398,4.0,0.0,7,2.416,4,1,graduate,1
211035,2.66,135.0,170.0,0,0,,2.04,3.0,13,13,0,35.0,88.7,2.562,4.0,1.0,1.71,,6,6,0,17.0,29.0,1.667,2.6,1.0,2.55,2.42,12,12,0,36.0,89.5,2.492,3.7,1.0,3.44,3.13,8,8,0,24.0,79.8,3.325,4.0,2.4,39,39,0,112.0,287.0,2.559,4.0,1.0,7,2.613,4,1,graduate,0
211373,2.34,135.0,240.0,2,2,اجتاز,1.32,2.08,12,9,3,32.0,53.6,1.8,3.2,0.0,2.14,,5,5,0,15.0,32.1,2.14,2.8,1.5,2.2,1.68,12,11,1,36.0,69.9,1.942,3.4,0.0,3.05,3.0,10,10,0,29.0,88.0,3.04,4.0,2.6,39,35,4,112.0,243.6,2.205,4.0,0.0,7,2.21,4,1,graduate,1
211411,2.62,135.0,100.0,1,1,اجتاز,1.92,2.12,11,11,0,32.0,64.5,2.045,3.4,1.0,2.5,,6,6,0,18.0,45.0,2.5,3.0,2.0,2.73,2.26,12,12,0,36.0,89.8,2.5,3.0,1.0,3.55,3.2,9,9,0,26.0,89.2,3.422,4.0,2.4,38,38,0,112.0,288.5,2.587,4.0,1.0,7,2.611,4,1,graduate,1
211633,2.48,135.0,130.0,0,0,اجتاز,2.11,2.54,13,13,0,35.0,81.6,2.315,3.2,1.0,2.23,,6,6,0,18.0,40.2,2.233,2.8,1.0,2.54,2.38,12,12,0,36.0,88.7,2.467,3.7,1.5,2.98,2.97,10,10,0,29.0,86.5,2.97,4.0,2.4,41,41,0,118.0,297.0,2.507,4.0,1.0,7,2.536,4,1,graduate,0
211816,2.23,135.0,140.0,3,0,اجتاز,2.11,1.78,13,11,2,35.0,67.9,1.885,3.0,0.0,1.17,,6,5,1,18.0,21.0,1.167,2.0,0.0,1.82,2.15,12,11,1,36.0,71.4,1.983,3.2,0.0,2.88,2.25,9,9,0,27.0,70.2,2.6,4.0,1.0,40,36,4,116.0,230.5,1.967,4.0,0.0,7,2.023,4,1,graduate,1
211930,2.37,135.0,110.0,0,0,اجتاز,2.04,2.46,13,13,0,35.0,78.9,2.285,3.4,1.5,1.98,,6,6,0,17.0,33.6,1.95,3.0,1.5,2.08,2.57,12,12,0,36.0,83.7,2.325,3.2,1.0,2.15,2.8,9,8,1,27.0,67.8,2.511,4.0,0.0,40,39,1,115.0,264.0,2.298,4.0,0.0,7,2.297,4,1,graduate,0
211943,2.42,135.0,240.0,3,0,اجتاز,2.01,1.63,13,12,1,35.0,63.4,1.846,2.8,0.0,1.84,,5,5,0,15.0,27.6,1.84,2.2,1.5,2.63,2.73,11,11,0,33.0,88.6,2.691,3.7,1.5,2.88,2.8,13,13,0,38.0,107.9,2.838,3.7,2.0,42,41,1,121.0,287.5,2.374,3.7,0.0,7,2.36,4,1,graduate,1
212157,2.49,135.0,130.0,1,1,اجتاز,1.57,2.8,11,10,1,32.0,68.7,2.082,4.0,0.0,2.03,,6,6,0,17.0,34.5,2.05,2.8,1.0,2.69,2.29,12,12,0,36.0,89.8,2.5,3.4,1.0,3.03,2.66,11,11,0,31.0,88.5,2.845,4.0,2.2,40,39,1,116.0,281.5,2.413,4.0,0.0,7,2.439,4,1,graduate,1
212170,2.94,135.0,100.0,1,1,اجتاز,1.89,2.96,11,11,0,32.0,76.6,2.382,4.0,1.5,2.53,,6,6,0,18.0,45.6,2.533,3.0,2.0,3.26,3.4,12,12,0,36.0,119.9,3.333,4.0,2.6,3.45,3.17,11,11,0,30.0,100.3,3.345,4.0,2.6,40,40,0,116.0,342.4,2.955,4.0,1.5,7,2.951,4,1,graduate,1
212264,2.13,135.0,70.0,0,0,اجتاز,2.61,2.69,13,13,0,35.0,92.8,2.6,4.0,1.5,2.2,,6,6,0,17.0,37.4,2.233,3.0,1.0,1.43,1.68,12,9,3,36.0,56.0,1.558,2.8,0.0,2.13,2.49,13,12,1,37.0,86.2,2.277,4.0,0.0,44,40,4,125.0,272.4,2.17,4.0,0.0,7,2.176,4,1,graduate,0
212297,2.73,135.0,170.0,0,0,اجتاز,2.52,3.0,13,13,0,35.0,96.8,2.769,4.0,2.2,2.29,,6,6,0,17.0,39.0,2.25,2.8,1.5,2.64,2.62,12,12,0,36.0,94.7,2.642,3.4,1.5,3.32,3.06,8,8,0,24.0,77.4,3.225,4.0,2.6,39,39,0,112.0,307.9,2.744,4.0,1.5,7,2.779,4,1,graduate,0
212417,2.45,135.0,90.0,1,0,اجتاز,1.71,2.48,11,11,0,32.0,66.2,2.091,3.7,1.0,2.06,,6,6,0,17.0,35.0,2.067,2.6,1.0,2.69,2.08,12,12,0,36.0,86.0,2.392,3.0,1.0,2.93,3.08,12,12,0,34.0,102.4,3.0,3.7,2.6,41,41,0,119.0,289.6,2.441,3.7,1.0,7,2.433,4,1,graduate,1
212475,2.82,135.0,240.0,0,0,اجتاز,2.01,2.98,13,13,0,35.0,87.9,2.554,3.7,1.5,2.48,,6,6,0,18.0,44.7,2.483,3.0,1.5,2.99,3.04,12,12,0,36.0,108.7,3.025,3.7,2.6,3.07,3.3,10,10,0,29.0,91.9,3.17,4.0,2.6,41,41,0,118.0,333.2,2.832,4.0,1.5,7,2.839,4,1,graduate,0
212489,2.25,135.0,0.0,3,3,اجتاز,2.06,1.73,13,11,2,35.0,66.2,1.831,4.0,0.0,1.42,,6,6,0,18.0,25.5,1.417,2.0,1.0,1.99,2.45,10,10,0,29.0,64.2,2.25,3.2,1.0,2.54,2.76,13,13,0,35.0,98.5,2.823,3.7,1.5,42,40,2,117.0,254.4,2.179,4.0,0.0,7,2.136,4,1,graduate,1
212615,2.4,135.0,240.0,1,0,اجتاز,1.87,2.01,12,9,3,32.0,62.0,1.958,3.7,0.0,1.76,,6,5,1,17.0,29.9,1.717,2.6,0.0,,,0,0,0,0.0,0.0,,,,2.45,2.63,12,12,0,34.0,91.5,2.708,3.7,1.5,30,26,4,83.0,183.4,2.21,3.7,0.0,5,2.144,3,0,graduate,1
212712,2.98,135.0,140.0,0,0,اجتاز,2.23,2.62,13,13,0,35.0,85.0,2.4,3.7,1.0,2.5,,6,6,0,18.0,45.0,2.5,3.0,2.0,3.33,3.33,12,12,0,36.0,119.9,3.333,4.0,2.6,3.44,3.35,10,10,0,29.0,98.8,3.4,4.0,2.8,41,41,0,118.0,348.7,2.932,4.0,1.0,7,2.971,4,1,graduate,0
212715,3.03,135.0,240.0,0,0,اجتاز,2.21,3.19,13,13,0,35.0,95.0,2.746,3.7,1.5,2.66,,6,6,0,17.0,45.2,2.667,3.2,1.0,3.52,3.13,12,12,0,36.0,119.7,3.325,4.0,2.4,3.25,3.1,8,8,0,24.0,76.2,3.175,4.0,2.2,39,39,0,112.0,336.1,3.0,4.0,1.0,7,3.009,4,1,graduate,0
212769,2.52,135.0,240.0,1,1,اجتاز,1.93,2.78,11,11,0,32.0,74.5,2.336,3.7,1.0,2.67,,6,6,0,17.0,45.4,2.667,2.8,2.4,2.86,2.12,12,12,0,36.0,89.6,2.492,3.4,1.0,2.58,2.8,9,9,0,27.0,72.3,2.678,3.4,1.5,38,38,0,112.0,281.8,2.518,3.7,1.0,7,2.534,4,1,graduate,1
212852,2.46,135.0,240.0,1,1,اجتاز,1.92,2.46,11,10,1,32.0,69.6,2.109,4.0,0.0,1.91,,6,6,0,17.0,32.5,1.95,3.0,1.0,2.34,1.8,12,11,1,36.0,74.6,2.075,3.7,0.0,3.18,2.77,10,10,0,29.0,87.8,3.0,4.0,2.2,39,37,2,114.0,264.5,2.303,4.0,0.0,7,2.34,4,1,graduate,1
212892,2.51,135.0,240.0,0,0,اجتاز,2.09,2.32,13,13,0,35.0,77.4,2.215,3.4,1.0,2.64,,5,5,0,15.0,39.6,2.64,3.0,2.4,2.48,2.08,12,11,1,36.0,82.2,2.292,3.2,0.0,2.76,2.66,12,12,0,35.0,95.0,2.717,4.0,1.5,42,41,1,121.0,294.2,2.431,4.0,0.0,7,2.433,4,1,graduate,0
212945,2.3,135.0,100.0,1,1,اجتاز,1.91,2.28,11,11,0,32.0,66.6,2.109,4.0,1.0,2.08,,7,7,0,18.0,37.4,2.029,2.6,1.0,2.12,1.79,12,11,1,35.0,68.6,1.975,3.0,0.0,2.51,2.73,12,12,0,36.0,94.5,2.625,4.0,1.5,42,41,1,121.0,267.1,2.205,4.0,0.0,7,2.203,4,1,graduate,1
213006,2.86,135.0,240.0,1,1,اجتاز,,,0,0,0,0.0,0.0,,,,2.45,,6,6,0,17.0,41.7,2.45,3.0,1.5,3.13,2.58,12,12,0,36.0,102.8,2.858,3.4,1.5,3.06,3.26,11,11,0,33.0,104.1,3.155,4.0,2.4,29,29,0,86.0,248.6,2.886,4.0,1.5,5,2.896,3,0,graduate,1
213442,2.58,135.0,240.0,1,0,,2.18,1.72,12,12,0,32.0,62.9,1.942,3.0,1.0,2.24,,5,5,0,15.0,33.6,2.24,2.6,2.0,2.83,2.92,12,12,0,36.0,103.5,2.883,3.4,2.2,3.14,3.1,9,6,0,26.0,81.3,3.017,3.7,2.8,38,35,0,109.0,281.3,2.491,3.7,1.0,7,2.59,4,1,graduate,1
213453,3.1,135.0,160.0,0,0,,2.01,3.13,13,13,0,35.0,90.6,2.608,4.0,1.5,2.75,,6,6,0,18.0,49.5,2.75,3.2,1.5,3.32,3.48,12,12,0,36.0,122.4,3.4,3.7,2.0,3.74,3.35,10,10,0,29.0,103.9,3.57,4.0,3.0,41,41,0,118.0,366.4,3.095,4.0,1.5,7,3.111,4,1,graduate,0
213517,2.43,135.0,240.0,2,2,اجتاز,1.34,2.0,11,8,3,32.0,52.8,1.6,3.7,0.0,2.14,,5,5,0,15.0,32.1,2.14,2.6,1.5,2.28,1.6,12,11,1,36.0,69.9,1.942,2.8,0.0,2.9,2.94,13,13,0,35.0,102.3,2.9,4.0,2.2,41,37,4,118.0,257.1,2.178,4.0,0.0,7,2.171,4,1,graduate,1
213858,2.55,135.0,100.0,0,0,,2.25,2.42,13,13,0,35.0,81.8,2.354,4.0,1.0,2.05,,6,6,0,17.0,34.8,2.067,2.6,1.5,2.75,2.46,12,12,0,36.0,93.7,2.617,3.0,2.0,2.96,3.0,8,8,0,24.0,71.4,2.975,4.0,2.2,39,39,0,112.0,281.7,2.518,4.0,1.0,7,2.556,4,1,level4_non_graduate,0
213885,2.73,132.0,240.0,0,0,لم يجتاز,2.12,2.87,13,13,0,35.0,87.8,2.508,3.7,1.0,2.26,,5,5,0,14.0,31.6,2.28,3.0,1.0,3.33,2.93,12,12,0,36.0,112.7,3.133,4.0,2.2,2.8,2.45,10,8,2,27.0,79.8,2.66,4.0,0.0,40,38,2,112.0,311.9,2.705,4.0,0.0,7,2.68,4,1,level4_non_graduate,0
220006,2.64,135.0,130.0,0,0,,2.27,1.8,13,11,2,35.0,71.0,1.985,3.4,0.0,1.95,,6,6,0,18.0,35.1,1.95,2.4,1.0,2.92,3.03,12,12,0,36.0,107.0,2.975,3.7,2.4,3.08,2.9,10,10,0,29.0,87.2,3.0,4.0,2.0,41,39,2,118.0,300.3,2.517,4.0,0.0,7,2.564,4,1,graduate,0
220023,2.66,135.0,130.0,0,0,اجتاز,,,0,0,0,0.0,0.0,,,,2.64,,6,6,0,17.0,44.8,2.633,3.0,2.4,2.55,2.66,12,12,0,36.0,93.7,2.608,3.4,1.5,3.08,3.17,9,9,0,27.0,84.3,3.122,4.0,2.6,27,27,0,80.0,222.8,2.785,4.0,1.5,5,2.82,3,0,graduate,0
220048,2.89,135.0,130.0,0,0,اجتاز,2.87,2.64,13,13,0,35.0,96.3,2.7,4.0,1.0,2.8,,6,6,0,18.0,50.4,2.8,3.0,2.4,3.13,2.79,12,12,0,36.0,106.6,2.967,3.4,2.4,3.12,3.11,11,11,0,31.0,96.7,3.1,4.0,2.6,42,42,0,120.0,350.0,2.895,4.0,1.0,7,2.923,4,1,graduate,0
220049,2.26,135.0,110.0,0,0,اجتاز,2.92,2.65,13,13,0,35.0,97.4,2.815,3.7,1.0,2.32,,6,6,0,17.0,39.4,2.333,2.6,2.2,2.15,1.17,12,12,0,36.0,59.7,1.658,2.8,1.0,2.01,2.09,13,12,1,34.5,80.5,2.215,3.7,0.0,44,43,1,122.5,277.0,2.257,3.7,0.0,7,2.187,4,1,graduate,0
220051,3.26,135.0,240.0,0,0,اجتاز,2.79,3.02,13,13,0,35.0,101.9,2.892,4.0,2.0,2.97,,6,6,0,18.0,53.4,2.967,3.4,2.6,3.53,3.5,13,13,0,39.0,137.1,3.515,4.0,3.2,3.68,3.36,9,9,0,26.0,92.9,3.567,4.0,3.0,41,41,0,118.0,385.3,3.249,4.0,2.0,7,3.264,4,1,graduate,0
220060,2.96,135.0,240.0,0,0,اجتاز,2.49,2.51,13,13,0,35.0,87.5,2.5,3.7,1.0,2.67,,6,6,0,17.0,45.4,2.667,2.8,2.6,3.17,3.33,12,12,0,36.0,117.0,3.25,4.0,2.4,3.45,3.04,11,11,0,32.0,104.3,3.264,4.0,2.2,42,42,0,120.0,354.2,2.938,4.0,1.0,7,2.951,4,1,graduate,0
220072,2.91,135.0,100.0,0,0,اجتاز,2.34,2.77,13,13,0,35.0,89.5,2.585,4.0,1.0,2.28,,6,5,1,17.0,38.8,2.333,3.2,0.0,2.63,3.5,12,12,0,36.0,110.4,3.067,4.0,1.0,3.24,2.92,11,11,0,32.0,98.9,3.082,3.7,2.8,42,41,1,120.0,337.6,2.817,4.0,0.0,7,2.811,4,1,graduate,0
220080,3.04,135.0,240.0,0,0,اجتاز,2.6,2.64,13,13,0,35.0,91.8,2.562,3.7,1.5,2.43,,6,6,0,18.0,43.8,2.433,3.0,2.0,3.33,3.47,12,12,0,36.0,122.4,3.4,3.7,2.8,3.58,3.3,10,10,0,29.0,100.6,3.46,4.0,2.6,41,41,0,118.0,358.6,3.007,4.0,1.5,7,3.05,4,1,graduate,0
220090,3.02,135.0,240.0,0,0,اجتاز,3.37,3.15,13,13,0,35.0,114.0,3.231,4.0,2.0,2.93,,7,7,0,20.0,58.7,2.929,3.7,2.4,2.91,2.89,13,13,0,38.0,110.1,2.9,3.7,1.5,2.92,2.9,9,7,0,25.0,76.6,2.6,4.0,1.0,42,40,0,118.0,359.4,2.96,4.0,1.0,7,3.01,4,1,graduate,0
220105,2.37,135.0,240.0,1,1,اجتاز,1.84,2.2,11,11,0,32.0,64.3,2.009,3.0,1.0,2.24,,7,7,0,18.0,40.3,2.271,2.8,1.5,,,0,0,0,0.0,0.0,,,,3.06,2.35,12,12,0,35.0,95.2,2.7,4.0,1.5,30,30,0,85.0,199.8,2.347,4.0,1.0,5,2.338,3,0,graduate,1
220110,3.2,135.0,130.0,0,0,اجتاز,2.99,3.06,14,13,1,38.0,115.2,2.979,3.7,0.0,2.96,,7,7,0,20.0,59.2,2.971,3.4,2.6,3.3,3.27,14,14,0,41.0,134.7,3.286,4.0,2.2,3.3,2.92,8,8,0,23.0,71.5,3.112,4.0,2.2,43,42,1,122.0,380.6,3.102,4.0,0.0,7,3.114,4,1,graduate,0
220112,3.18,135.0,130.0,0,0,اجتاز,2.74,3.23,13,13,0,35.0,104.8,3.0,4.0,2.2,2.97,,6,6,0,18.0,53.4,2.967,3.2,2.6,3.26,3.43,14,14,0,42.0,140.4,3.343,4.0,2.2,3.35,3.19,9,9,0,25.0,82.1,3.256,4.0,2.4,42,42,0,120.0,380.7,3.164,4.0,2.2,7,3.167,4,1,graduate,0
220123,3.06,135.0,240.0,0,0,اجتاز,2.87,2.88,13,13,0,35.0,100.7,2.892,4.0,2.0,2.83,,6,6,0,18.0,51.0,2.833,3.2,2.4,3.18,3.25,12,12,0,36.0,115.8,3.217,3.7,2.8,3.29,3.22,10,10,0,29.0,94.7,3.25,3.7,2.8,41,41,0,118.0,362.2,3.066,4.0,2.0,7,3.074,4,1,graduate,0
220133,2.85,96.0,60.0,0,0,اجتاز,2.91,2.11,13,12,1,35.0,87.5,2.431,3.7,0.0,1.91,,6,5,1,17.0,32.4,1.8,2.4,0.0,3.28,3.6,12,12,0,36.0,123.9,3.442,4.0,3.0,2.68,3.05,12,10,0,33.0,94.1,2.89,3.7,2.4,43,39,2,121.0,337.9,2.746,4.0,0.0,7,2.791,4,1,level4_non_graduate,0
220142,3.01,135.0,240.0,0,0,,2.78,2.74,13,13,0,35.0,96.5,2.738,3.7,1.5,2.37,,6,6,0,18.0,42.6,2.367,2.8,2.0,2.97,3.43,12,12,0,36.0,115.2,3.2,4.0,2.2,3.6,3.35,10,10,0,29.0,101.5,3.49,4.0,2.8,41,41,0,118.0,355.8,3.002,4.0,1.5,7,3.034,4,1,graduate,0
220162,2.57,135.0,240.0,0,0,,2.51,2.16,13,13,0,35.0,81.4,2.331,3.7,1.0,2.16,,6,6,0,17.0,36.7,2.15,2.8,1.5,2.73,2.45,12,12,0,36.0,93.3,2.592,3.4,1.5,3.2,3.1,10,10,0,30.0,94.8,3.16,4.0,2.4,41,41,0,118.0,306.2,2.583,4.0,1.0,7,2.616,4,1,graduate,0
220177,3.49,135.0,140.0,0,0,,3.18,3.24,14,14,0,38.0,122.2,3.2,4.0,2.4,3.03,,7,7,0,20.0,60.6,3.029,3.4,2.8,3.75,3.7,12,12,0,36.0,134.1,3.725,4.0,3.4,3.85,3.77,9,9,0,26.0,99.2,3.8,4.0,3.4,42,42,0,120.0,416.1,3.45,4.0,2.4,7,3.503,4,1,graduate,0
220178,2.57,135.0,110.0,2,2,اجتاز,1.54,2.42,11,9,2,32.0,62.4,1.891,3.7,0.0,1.95,,6,6,0,18.0,35.1,1.95,2.6,1.0,2.5,2.79,12,12,0,36.0,95.2,2.65,3.4,2.0,3.26,2.88,12,12,0,32.0,99.1,3.092,3.7,2.6,41,39,2,118.0,291.8,2.473,3.7,0.0,7,2.477,4,1,graduate,1
220179,2.34,135.0,240.0,3,3,اجتاز,1.29,2.28,11,9,2,32.0,56.1,1.7,3.4,0.0,1.8,,6,6,0,18.0,32.4,1.8,2.4,1.0,1.97,2.13,12,11,1,36.0,73.7,2.05,3.2,0.0,2.53,2.3,11,11,0,29.0,77.8,2.691,3.7,1.5,40,37,3,115.0,240.0,2.093,3.7,0.0,7,2.043,4,1,graduate,1
220182,2.36,135.0,240.0,3,0,اجتاز,,,0,0,0,0.0,0.0,,,,1.53,,6,6,0,17.0,26.0,1.5,2.0,1.0,2.4,1.83,12,12,0,36.0,76.2,2.125,3.2,1.0,2.78,2.98,12,12,0,35.0,101.1,2.892,3.7,1.5,30,30,0,88.0,203.3,2.307,3.7,1.0,5,2.304,3,0,graduate,1
220191,3.37,135.0,160.0,0,0,اجتاز,2.98,3.23,14,14,0,38.0,118.4,3.114,4.0,2.2,3.05,,7,7,0,20.0,60.9,3.043,3.7,2.4,3.67,3.53,14,14,0,42.0,151.2,3.6,4.0,3.0,3.55,3.8,7,7,0,20.0,73.3,3.643,4.0,3.2,42,42,0,120.0,403.8,3.352,4.0,2.2,7,3.401,4,1,graduate,0
220192,3.33,135.0,130.0,0,0,اجتاز,2.52,3.38,13,13,0,35.0,103.8,2.962,4.0,1.0,3.2,,6,6,0,18.0,57.6,3.2,3.7,2.2,3.47,3.55,12,12,0,36.0,126.3,3.508,4.0,2.8,3.62,3.52,10,10,0,29.0,104.0,3.58,4.0,3.2,41,41,0,118.0,391.7,3.307,4.0,1.0,7,3.323,4,1,graduate,0
220196,2.31,135.0,130.0,2,2,اجتاز,1.9,2.14,11,11,0,32.0,64.4,2.018,3.7,1.0,1.67,,6,6,0,18.0,30.0,1.667,2.0,1.0,2.47,2.5,12,12,0,36.0,89.4,2.483,3.2,1.0,2.65,2.62,9,9,0,26.0,68.7,2.633,3.7,2.0,38,38,0,112.0,252.5,2.255,3.7,1.0,7,2.279,4,1,graduate,1
220199,2.58,135.0,160.0,0,0,اجتاز,2.49,2.97,13,13,0,35.0,95.8,2.723,4.0,2.0,2.15,,6,6,0,18.0,38.7,2.15,2.6,1.5,2.72,2.36,12,12,0,36.0,91.4,2.55,3.2,2.0,2.88,2.8,10,10,0,29.0,82.6,2.84,4.0,2.0,41,41,0,118.0,308.5,2.617,4.0,1.5,7,2.624,4,1,graduate,0
220212,2.71,135.0,160.0,0,0,اجتاز,2.14,2.33,13,13,0,35.0,78.4,2.246,3.2,1.5,2.5,,6,6,0,18.0,45.0,2.5,2.8,2.2,2.97,2.75,12,12,0,36.0,102.9,2.867,4.0,2.4,3.15,2.87,10,10,0,29.0,88.1,3.03,4.0,2.2,41,41,0,118.0,314.4,2.656,4.0,1.5,7,2.673,4,1,graduate,0
220234,2.53,135.0,100.0,0,0,اجتاز,2.04,2.47,13,13,0,35.0,79.1,2.285,4.0,1.0,2.32,,6,6,0,17.0,39.4,2.333,2.8,2.0,2.43,2.6,12,12,0,36.0,90.6,2.525,3.0,1.5,3.02,2.88,11,11,0,32.0,94.7,2.955,3.7,2.4,42,42,0,120.0,303.8,2.536,4.0,1.0,7,2.537,4,1,graduate,0
220247,2.94,135.0,100.0,0,0,اجتاز,2.63,2.69,13,13,0,35.0,93.1,2.685,4.0,1.0,2.4,,6,6,0,16.0,38.4,2.35,3.0,1.5,2.99,3.19,12,12,0,36.0,111.4,3.1,4.0,2.6,3.36,3.23,12,12,0,36.0,118.8,3.3,4.0,2.6,43,43,0,123.0,361.7,2.926,4.0,1.0,7,2.927,4,1,graduate,0
220259,2.65,135.0,170.0,0,0,اجتاز,2.53,2.48,13,13,0,35.0,87.6,2.538,3.2,2.0,2.09,,6,5,1,17.0,35.6,2.1,3.0,0.0,2.56,2.25,11,10,1,33.0,78.9,2.391,3.4,0.0,2.85,2.67,13,13,0,39.0,107.4,2.754,3.7,2.0,43,41,2,124.0,309.5,2.505,3.7,0.0,7,2.49,4,1,graduate,0
220264,3.23,135.0,160.0,0,0,اجتاز,3.25,3.11,14,14,0,38.0,120.5,3.164,4.0,2.2,2.96,,7,7,0,20.0,59.2,2.971,3.4,2.4,3.32,3.4,13,13,0,39.0,131.1,3.362,4.0,2.2,3.3,3.33,8,8,0,23.0,76.2,3.3,4.0,2.8,42,42,0,120.0,387.0,3.219,4.0,2.2,7,3.239,4,1,graduate,0
220266,2.99,135.0,140.0,0,0,اجتاز,2.76,2.83,13,13,0,35.0,97.8,2.8,4.0,1.5,2.77,,6,6,0,18.0,49.8,2.767,3.2,2.2,3.16,2.93,12,12,0,36.0,109.7,3.05,4.0,2.0,3.21,3.1,10,10,0,29.0,91.8,3.16,4.0,2.8,41,41,0,118.0,349.1,2.956,4.0,1.5,7,2.966,4,1,graduate,0
220270,2.78,117.0,170.0,0,1,اجتاز,2.18,2.08,13,12,1,35.0,74.5,2.131,3.2,0.0,1.76,,6,5,1,17.0,29.9,1.817,2.8,0.0,3.25,3.04,12,12,0,36.0,113.3,3.15,3.7,2.6,2.92,2.92,4,4,0,11.0,32.2,2.95,3.4,2.6,35,33,2,99.0,249.9,2.52,3.7,0.0,7,2.593,4,1,level4_non_graduate,0
220275,2.21,135.0,240.0,1,0,اجتاز,2.12,1.96,13,13,0,35.0,71.2,2.069,3.0,1.0,1.97,,6,6,0,18.0,35.4,1.967,3.0,1.0,2.12,1.08,12,10,2,36.0,57.6,1.6,3.0,0.0,2.69,2.54,11,11,0,31.0,81.4,2.618,3.4,2.0,42,40,2,120.0,245.6,2.064,3.4,0.0,7,2.069,4,1,graduate,1
220278,2.26,135.0,170.0,2,2,اجتاز,1.8,1.72,11,8,3,32.0,56.4,1.8,4.0,0.0,2.43,,6,6,0,18.0,43.8,2.433,3.0,2.2,2.02,1.37,12,11,1,36.0,60.9,1.692,3.0,0.0,2.41,2.57,12,12,0,32.0,79.5,2.475,3.7,1.0,41,37,4,118.0,240.6,2.059,4.0,0.0,7,2.046,4,1,graduate,1
220287,2.81,135.0,240.0,0,0,اجتاز,,,0,0,0,0.0,0.0,,,,2.47,,6,6,0,18.0,44.4,2.467,3.0,2.0,2.82,2.53,12,12,0,36.0,96.3,2.683,3.4,2.0,3.06,2.97,11,11,0,31.0,93.8,3.018,3.7,2.6,29,29,0,85.0,234.5,2.766,3.7,2.0,5,2.77,3,0,graduate,0
220290,3.11,135.0,200.0,0,0,اجتاز,2.64,3.14,13,13,0,35.0,101.4,2.908,4.0,1.5,2.53,,6,6,0,18.0,45.6,2.533,3.2,2.0,2.89,3.32,12,12,0,36.0,111.8,3.108,3.7,1.5,3.71,3.45,10,10,0,29.0,104.5,3.59,4.0,3.2,41,41,0,118.0,363.3,3.078,4.0,1.5,7,3.097,4,1,graduate,0
220294,2.37,135.0,100.0,2,2,اجتاز,2.23,2.16,13,13,0,35.0,76.7,2.185,3.4,1.0,1.48,,6,5,1,18.0,26.7,1.483,2.4,0.0,2.37,2.54,11,11,0,33.0,81.3,2.473,3.2,1.5,2.7,2.9,13,13,0,38.0,106.6,2.8,4.0,2.2,43,42,1,124.0,291.3,2.347,4.0,0.0,7,2.34,4,1,graduate,1
220302,2.53,135.0,240.0,0,0,اجتاز,2.2,2.43,13,13,0,35.0,81.1,2.308,3.4,1.0,2.23,,6,6,0,18.0,40.2,2.233,2.8,1.5,2.42,2.65,12,12,0,36.0,91.3,2.55,3.0,2.2,3.1,2.8,10,10,0,29.0,86.4,2.98,4.0,2.2,41,41,0,118.0,299.0,2.532,4.0,1.0,7,2.547,4,1,graduate,0
220307,3.46,135.0,240.0,0,0,,3.28,3.34,14,14,0,38.0,126.0,3.286,4.0,2.6,3.13,,7,7,0,20.0,62.5,3.1,3.7,2.6,3.67,3.51,14,14,0,42.0,150.9,3.593,4.0,3.0,3.7,3.8,7,7,0,20.0,74.9,3.743,4.0,3.4,42,42,0,120.0,414.3,3.433,4.0,2.6,7,3.49,4,1,graduate,0
220310,2.36,135.0,240.0,1,1,,1.97,2.49,13,13,0,35.0,78.3,2.238,3.7,1.0,1.83,,6,6,0,18.0,33.0,1.833,2.4,1.0,2.87,2.33,12,12,0,36.0,93.6,2.6,3.4,2.0,2.2,2.65,10,10,0,29.0,69.2,2.4,3.4,1.0,41,41,0,118.0,274.1,2.324,3.7,1.0,7,2.334,4,1,graduate,1
220314,2.96,135.0,170.0,0,0,اجتاز,2.34,2.97,13,13,0,35.0,93.1,2.638,4.0,1.0,2.54,,6,6,0,17.0,43.2,2.533,3.2,2.0,3.08,3.11,12,12,0,35.0,108.3,3.083,3.7,2.4,3.52,3.27,9,9,0,27.0,92.1,3.411,4.0,3.0,40,40,0,114.0,336.7,2.93,4.0,1.0,7,2.976,4,1,graduate,0
220316,2.44,135.0,30.0,2,0,لم يجتاز,,,0,0,0,0.0,0.0,,,,2.08,,5,5,0,15.0,31.2,2.08,2.2,2.0,,,0,0,0,0.0,0.0,,,,2.9,2.59,13,13,0,37.0,99.9,2.731,4.0,1.5,18,18,0,52.0,131.1,2.55,4.0,1.5,3,2.523,2,0,level4_non_graduate,1
220328,2.51,135.0,140.0,0,0,اجتاز,,,0,0,0,0.0,0.0,,,,2.37,,6,6,0,17.0,40.3,2.383,2.8,1.5,2.39,1.5,12,10,2,36.0,70.1,1.95,3.0,0.0,2.68,2.86,11,11,0,32.0,88.5,2.773,4.0,2.0,29,27,2,85.0,198.9,2.352,4.0,0.0,5,2.36,3,0,graduate,0
220331,1.64,135.0,110.0,3,3,اجتاز,1.34,1.44,11,9,2,32.0,44.4,1.345,2.6,0.0,1.44,,5,4,1,15.0,21.6,1.44,2.2,0.0,,,0,0,0,0.0,0.0,,,,2.89,2.97,13,13,0,35.0,102.7,2.915,4.0,2.2,29,26,3,82.0,168.7,2.066,4.0,0.0,5,2.016,3,0,graduate,1
220335,2.62,135.0,240.0,0,0,اجتاز,2.25,1.91,13,13,0,35.0,72.7,2.054,3.4,1.0,2.34,,6,6,0,17.0,39.7,2.35,2.8,1.5,2.96,2.56,11,11,0,33.0,91.7,2.782,3.4,2.0,3.1,2.82,11,11,0,32.0,95.1,2.973,4.0,2.0,41,41,0,117.0,299.2,2.539,4.0,1.0,7,2.563,4,1,graduate,0
220336,2.35,135.0,240.0,0,0,,2.1,2.51,13,13,0,35.0,80.9,2.308,3.2,1.0,2.33,,6,6,0,18.0,42.0,2.333,2.6,2.0,2.56,2.18,12,12,0,36.0,85.4,2.375,3.2,1.0,3.07,2.9,10,7,0,29.0,87.0,2.857,4.0,2.4,41,38,0,118.0,295.3,2.434,4.0,1.0,7,2.521,4,1,graduate,0
220341,2.51,135.0,100.0,0,0,اجتاز,2.24,1.94,13,12,1,35.0,73.0,2.085,3.7,0.0,1.75,,6,5,1,18.0,31.5,1.75,3.0,0.0,2.98,2.13,12,12,0,36.0,92.1,2.558,3.7,1.5,2.85,2.98,11,11,0,32.0,93.2,2.891,3.7,2.2,42,40,2,121.0,289.8,2.383,3.7,0.0,7,2.41,4,1,graduate,0
220355,3.09,135.0,160.0,0,0,اجتاز,,,0,0,0,0.0,0.0,,,,3.02,,6,6,0,17.0,51.4,3.0,3.4,2.6,3.32,3.23,12,12,0,36.0,117.9,3.275,3.7,2.8,3.32,3.16,9,9,0,26.0,84.6,3.222,4.0,2.4,27,27,0,79.0,253.9,3.196,4.0,2.4,5,3.21,3,0,graduate,0
220358,2.71,132.0,130.0,0,0,اجتاز,2.24,2.76,13,13,0,35.0,87.6,2.477,4.0,1.0,2.4,,6,6,0,17.0,40.8,2.4,2.8,2.0,2.9,2.66,12,12,0,36.0,100.0,2.783,3.4,2.2,3.7,2.92,9,8,0,27.0,83.1,2.987,4.0,2.4,40,39,0,115.0,311.5,2.664,4.0,1.0,7,2.797,4,1,level4_non_graduate,0
220362,2.66,135.0,100.0,0,0,اجتاز,2.01,2.01,13,13,0,35.0,70.4,1.992,3.7,1.0,2.43,,6,6,0,18.0,43.8,2.433,2.8,2.2,3.13,2.89,12,12,0,36.0,108.3,3.017,3.4,2.6,3.12,2.97,10,10,0,29.0,88.9,3.07,4.0,2.4,41,41,0,118.0,311.4,2.62,4.0,1.0,7,2.651,4,1,graduate,0
220363,2.59,135.0,240.0,0,0,,2.11,2.48,13,13,0,35.0,80.4,2.331,3.7,1.0,2.35,,6,6,0,17.0,40.0,2.333,2.6,2.0,2.9,2.74,12,12,0,36.0,101.6,2.825,3.7,2.0,2.82,2.48,9,9,0,26.0,69.6,2.633,4.0,1.5,40,40,0,114.0,291.6,2.548,4.0,1.0,7,2.554,4,1,graduate,0
220367,2.83,135.0,240.0,3,3,,1.36,1.78,11,10,1,32.0,49.8,1.509,3.4,0.0,2.04,,5,5,0,15.0,30.6,2.04,2.6,1.0,,,0,0,0,0.0,0.0,,,,3.23,3.08,13,13,0,36.0,113.6,3.154,4.0,2.6,29,28,1,83.0,194.0,2.338,4.0,0.0,5,2.298,3,0,graduate,1
220369,2.81,135.0,240.0,0,0,اجتاز,2.41,2.69,13,13,0,35.0,89.4,2.554,3.7,1.5,2.22,,6,6,0,18.0,39.9,2.217,2.6,1.5,2.99,3.17,12,12,0,36.0,110.9,3.083,3.4,2.6,3.12,2.99,11,11,0,31.0,95.1,3.064,4.0,2.4,42,42,0,120.0,335.3,2.79,4.0,1.5,7,2.799,4,1,graduate,0
220373,2.22,135.0,100.0,1,1,اجتاز,2.22,2.34,13,13,0,35.0,79.9,2.315,3.7,1.0,1.27,,6,5,1,18.0,22.8,1.267,2.4,0.0,2.36,1.76,12,11,1,36.0,74.1,2.067,3.0,0.0,2.57,2.7,11,11,0,33.5,86.6,2.627,3.7,1.5,42,40,2,122.5,263.4,2.176,3.7,0.0,7,2.174,4,1,graduate,1
220375,2.9,135.0,130.0,0,0,اجتاز,2.43,2.58,13,12,1,35.0,87.8,2.462,3.7,0.0,2.57,,6,6,0,18.0,46.2,2.567,3.0,2.2,2.99,2.8,12,12,0,36.0,104.3,2.9,3.4,2.4,3.49,3.15,10,10,0,29.0,97.2,3.34,4.0,2.6,41,40,1,118.0,335.5,2.82,4.0,0.0,7,2.859,4,1,graduate,0
220384,2.86,135.0,230.0,0,0,اجتاز,,,0,0,0,0.0,0.0,,,,2.86,,6,6,0,16.0,45.8,2.833,3.4,2.6,2.43,2.88,11,11,0,33.0,88.4,2.691,3.4,2.0,3.3,2.82,10,10,0,30.0,93.3,3.11,4.0,2.2,27,27,0,79.0,227.5,2.878,4.0,2.0,5,2.858,3,0,graduate,0
220387,2.34,135.0,110.0,0,0,لم يجتاز,2.58,2.52,13,13,0,35.0,89.2,2.5,4.0,1.5,1.27,,6,4,2,18.0,22.8,1.267,2.6,0.0,2.46,1.96,12,11,1,36.0,79.6,2.217,3.4,0.0,2.6,2.24,9,9,0,27.5,57.4,2.144,4.0,1.0,40,37,3,116.5,249.0,2.15,4.0,0.0,7,2.233,4,1,level4_non_graduate,0
220390,2.38,135.0,240.0,0,0,اجتاز,2.08,2.27,13,13,0,35.0,76.3,2.208,3.7,1.0,2.15,,6,6,0,18.0,38.7,2.15,2.6,1.5,2.63,2.49,12,12,0,36.0,92.2,2.567,3.2,2.0,2.61,2.77,10,10,0,30.5,80.0,2.69,3.7,1.5,41,41,0,119.5,287.2,2.422,3.7,1.0,7,2.429,4,1,graduate,0
220396,2.65,135.0,170.0,0,0,,2.19,2.53,13,13,0,35.0,82.9,2.331,4.0,1.0,2.25,,6,6,0,18.0,40.5,2.25,2.8,1.5,2.72,2.68,12,12,0,36.0,97.1,2.7,3.2,1.5,3.06,3.1,10,10,0,29.0,89.3,3.07,4.0,2.4,41,41,0,118.0,309.8,2.607,4.0,1.0,7,2.647,4,1,graduate,0
220401,2.24,97.0,170.0,1,0,اجتاز,2.22,2.34,13,13,0,35.0,79.8,2.277,3.4,1.0,1.73,,6,6,0,18.0,31.2,1.733,2.2,1.0,1.64,1.72,10,9,1,30.0,50.3,1.68,2.6,0.0,2.95,2.44,11,11,0,32.0,86.8,2.709,4.0,1.5,40,39,1,115.0,248.1,2.165,4.0,0.0,7,2.149,4,1,graduate,1
220402,2.52,135.0,100.0,0,0,اجتاز,2.21,2.65,13,13,0,35.0,85.2,2.462,3.7,1.0,2.13,,6,6,0,18.0,38.4,2.133,3.0,1.5,2.48,2.63,12,12,0,36.0,92.0,2.567,3.2,2.0,2.81,2.85,10,10,0,29.0,82.0,2.82,4.0,2.4,41,41,0,118.0,297.6,2.532,4.0,1.0,7,2.537,4,1,graduate,0
220404,2.62,135.0,240.0,0,0,,2.62,2.95,13,13,0,35.0,97.6,2.808,3.7,1.0,2.28,,6,6,0,17.0,38.8,2.333,3.2,1.0,2.57,2.39,12,12,0,36.0,89.3,2.483,3.4,1.0,2.75,2.7,10,10,0,30.0,81.9,2.73,3.7,2.2,41,41,0,118.0,307.6,2.624,3.7,1.0,7,2.609,4,1,graduate,0
220411,2.69,135.0,160.0,0,0,,2.12,2.0,13,12,1,35.0,72.0,2.046,3.2,0.0,2.3,,6,6,0,18.0,41.4,2.3,2.6,2.2,2.9,2.89,12,12,0,36.0,104.3,2.9,3.2,2.2,3.35,3.12,11,11,0,31.0,100.8,3.236,4.0,2.6,42,41,1,120.0,318.5,2.638,4.0,0.0,7,2.669,4,1,graduate,0
220423,2.79,135.0,100.0,0,0,اجتاز,,,0,0,0,0.0,0.0,,,,2.3,,6,6,0,18.0,41.4,2.3,3.0,1.5,2.93,2.85,12,12,0,36.0,104.0,2.9,3.4,2.6,2.68,2.62,10,10,0,29.0,77.2,2.66,4.0,1.5,28,28,0,83.0,222.6,2.686,4.0,1.5,5,2.676,3,0,graduate,0
220428,2.04,126.0,100.0,1,0,اجتاز,2.58,2.36,13,13,0,35.0,86.2,2.423,4.0,1.5,2.16,,6,6,0,17.0,36.7,2.183,2.6,1.5,1.62,0.5,12,9,3,36.0,38.1,1.058,2.2,0.0,1.5,1.92,11,9,1,31.0,66.5,2.33,4.0,0.0,42,37,4,119.0,227.5,1.966,4.0,0.0,7,1.806,4,1,level4_non_graduate,1
220429,2.23,135.0,240.0,2,2,اجتاز,2.02,1.7,13,11,2,35.0,64.9,1.831,3.7,0.0,2.08,,5,5,0,14.0,29.1,2.1,2.4,1.5,,,0,0,0,0.0,0.0,,,,2.91,2.3,12,12,0,31.0,91.0,2.95,4.0,2.0,30,28,2,80.0,185.0,2.323,4.0,0.0,5,2.202,3,0,graduate,1
220431,2.8,135.0,170.0,0,0,اجتاز,2.31,2.29,13,13,0,35.0,80.5,2.246,3.4,1.5,2.2,,6,6,0,18.0,39.6,2.2,2.8,1.0,3.35,3.61,12,12,0,36.0,125.3,3.483,4.0,2.6,3.51,3.31,11,11,0,31.0,106.2,3.4,4.0,2.8,42,42,0,120.0,351.6,2.895,4.0,1.0,7,2.94,4,1,graduate,0
220436,2.59,135.0,100.0,1,0,اجتاز,1.93,2.8,11,11,0,32.0,74.8,2.327,3.7,1.0,1.92,,6,6,0,18.0,34.5,1.917,2.6,1.0,2.51,2.58,12,12,0,36.0,91.7,2.558,3.4,1.5,2.96,2.88,10,10,0,28.0,82.1,2.91,4.0,2.2,39,39,0,114.0,283.1,2.485,4.0,1.0,7,2.511,4,1,graduate,1
220438,2.71,135.0,140.0,0,0,اجتاز,2.55,2.81,13,13,0,35.0,93.8,2.662,3.7,2.0,2.38,,6,6,0,18.0,42.9,2.383,2.8,1.5,2.33,2.8,12,12,0,35.0,89.6,2.567,3.4,1.0,3.19,2.67,10,10,0,29.0,86.4,2.98,3.7,2.2,41,41,0,117.0,312.7,2.671,3.7,1.0,7,2.676,4,1,graduate,0
220446,2.89,135.0,240.0,0,0,,2.8,2.97,13,13,0,35.0,101.0,2.869,4.0,2.0,2.53,,6,6,0,17.0,43.0,2.5,3.0,2.0,2.98,2.86,12,12,0,36.0,105.1,2.925,3.7,2.2,3.2,2.85,11,11,0,32.0,97.6,3.036,3.4,2.6,42,42,0,120.0,346.7,2.876,4.0,2.0,7,2.884,4,1,graduate,0
220448,2.25,135.0,100.0,4,4,اجتاز,1.22,2.52,11,9,2,32.0,58.5,1.773,3.4,0.0,1.88,,6,6,0,17.0,32.0,1.933,2.8,1.0,2.3,0.92,11,9,2,33.0,51.0,1.545,3.0,0.0,3.04,2.65,14,14,0,39.0,110.6,2.829,3.4,2.0,42,38,4,121.0,252.1,2.088,3.4,0.0,7,2.076,4,1,graduate,1
220469,2.38,135.0,240.0,2,2,اجتاز,1.91,1.54,11,9,2,32.0,55.5,1.682,3.2,0.0,2.36,,5,5,0,15.0,35.4,2.36,2.6,2.0,2.3,2.09,12,12,0,36.0,79.1,2.2,3.2,1.5,3.0,2.84,13,13,0,35.0,102.4,2.908,4.0,2.4,41,39,2,118.0,272.4,2.305,4.0,0.0,7,2.291,4,1,graduate,1
220470,2.8,135.0,240.0,0,0,اجتاز,2.41,2.8,13,13,0,35.0,91.3,2.592,4.0,1.5,2.32,,6,6,0,17.0,39.5,2.35,2.8,1.5,3.13,2.7,12,12,0,36.0,105.0,2.917,4.0,2.0,3.17,3.12,11,11,0,32.0,100.8,3.145,4.0,2.8,42,42,0,120.0,336.6,2.795,4.0,1.5,7,2.807,4,1,graduate,0
220478,2.3,135.0,170.0,3,3,اجتاز,1.81,1.5,11,10,1,32.0,53.2,1.673,4.0,0.0,1.58,,5,5,0,15.0,23.7,1.58,2.4,1.0,2.48,1.71,12,11,1,36.0,75.5,2.108,3.7,0.0,2.79,2.46,13,13,0,35.0,92.2,2.662,4.0,2.0,41,39,2,118.0,244.6,2.102,4.0,0.0,7,2.047,4,1,graduate,1
220481,2.58,135.0,240.0,3,0,اجتاز,1.65,2.2,11,10,1,32.0,61.1,1.882,4.0,0.0,1.48,,7,4,3,18.0,26.6,1.4,2.8,0.0,,,0,0,0,0.0,0.0,,,,2.74,2.35,12,12,0,33.0,88.9,2.708,4.0,2.0,30,26,4,83.0,176.6,2.1,4.0,0.0,5,2.084,3,0,graduate,1
220492,2.73,135.0,240.0,0,0,اجتاز,2.33,2.56,13,13,0,35.0,85.6,2.462,3.7,1.0,2.06,,6,6,0,17.0,35.1,2.083,2.8,1.0,2.76,2.8,12,12,0,36.0,100.1,2.783,4.0,2.0,3.36,3.1,11,11,0,33.0,107.1,3.245,4.0,2.4,42,42,0,121.0,327.9,2.705,4.0,1.0,7,2.71,4,1,graduate,0
220493,2.76,135.0,240.0,0,0,,2.52,2.84,13,13,0,35.0,94.1,2.7,3.7,1.5,2.37,,6,6,0,18.0,42.6,2.367,2.8,2.0,2.73,2.6,12,12,0,36.0,96.0,2.667,3.2,1.5,3.21,3.0,10,10,0,29.0,90.7,3.13,4.0,2.4,41,41,0,118.0,323.4,2.746,4.0,1.5,7,2.753,4,1,graduate,0
220495,2.38,135.0,100.0,0,0,اجتاز,2.04,2.25,13,12,1,35.0,75.2,2.215,3.7,0.0,2.38,,6,6,0,17.0,40.4,2.4,2.8,2.0,2.02,1.93,12,12,0,36.0,71.0,1.975,3.2,1.0,2.56,2.75,11,11,0,33.5,87.1,2.636,3.7,1.5,42,41,1,121.5,273.7,2.283,3.7,0.0,7,2.276,4,1,graduate,0
220496,2.37,135.0,100.0,0,0,اجتاز,2.12,2.62,13,13,0,35.0,83.2,2.362,4.0,1.5,1.42,,6,5,1,17.0,24.2,1.4,2.2,0.0,2.47,2.38,12,12,0,36.0,87.3,2.425,3.2,1.5,2.72,2.4,12,12,0,35.0,89.5,2.558,3.7,2.0,43,42,1,123.0,284.2,2.3,4.0,0.0,7,2.304,4,1,graduate,0
220498,3.45,135.0,240.0,0,0,,3.19,3.5,14,14,0,38.0,127.6,3.35,4.0,2.8,3.09,,7,7,0,20.0,61.7,3.1,3.7,2.6,3.44,3.67,14,14,0,42.0,149.4,3.557,4.0,2.2,3.72,3.8,7,7,0,20.0,75.2,3.743,4.0,3.4,42,42,0,120.0,413.9,3.443,4.0,2.2,7,3.487,4,1,graduate,0
220499,2.31,135.0,240.0,0,0,اجتاز,2.51,1.73,13,12,1,35.0,73.7,2.046,3.4,0.0,1.95,,6,6,0,18.0,35.1,1.95,2.4,1.0,2.34,2.11,12,12,0,36.0,80.1,2.233,2.8,1.5,3.09,2.77,11,11,0,31.0,95.4,3.091,4.0,2.2,42,41,1,120.0,284.3,2.36,4.0,0.0,7,2.357,4,1,graduate,0
220509,2.81,135.0,240.0,1,1,,1.99,2.55,13,13,0,35.0,79.8,2.254,3.7,1.0,1.62,,6,6,0,18.0,29.1,1.617,2.2,1.0,3.4,3.27,12,12,0,36.0,120.0,3.333,4.0,2.4,3.65,3.32,10,10,0,29.0,102.1,3.51,4.0,2.8,41,41,0,118.0,331.0,2.783,4.0,1.0,7,2.829,4,1,graduate,1
220524,2.46,135.0,70.0,2,2,اجتاز,1.61,2.3,11,10,1,32.0,61.8,1.873,3.7,0.0,2.48,,5,5,0,15.0,37.2,2.48,3.0,2.0,2.66,2.36,12,12,0,36.0,90.4,2.517,3.4,2.0,2.96,2.9,12,12,0,33.0,96.8,2.917,4.0,2.2,40,39,1,116.0,286.2,2.455,4.0,0.0,7,2.467,4,1,graduate,1
220527,2.28,135.0,240.0,3,3,اجتاز,1.84,2.2,11,11,0,32.0,64.2,1.991,3.2,1.0,1.45,,6,5,1,18.0,26.1,1.45,2.2,0.0,2.31,1.58,12,11,1,36.0,70.0,1.95,2.8,0.0,2.73,2.64,12,12,0,33.0,88.7,2.65,3.7,1.5,41,39,2,119.0,249.0,2.093,3.7,0.0,7,2.107,4,1,graduate,1
220529,2.65,135.0,240.0,0,0,,2.56,2.46,13,13,0,35.0,87.7,2.477,4.0,1.5,1.78,,6,6,0,18.0,32.1,1.783,2.6,1.0,2.94,3.03,12,12,0,36.0,107.6,2.992,3.7,2.4,2.91,2.75,10,10,0,29.0,82.6,2.86,3.4,2.2,41,41,0,118.0,310.0,2.62,4.0,1.0,7,2.633,4,1,graduate,0
220532,1.99,132.0,200.0,4,2,اجتاز,1.46,2.26,11,9,2,32.0,58.8,1.782,3.7,0.0,2.0,,6,6,0,18.0,36.0,2.0,2.6,1.0,1.66,2.13,11,10,1,33.0,61.9,1.882,2.8,0.0,2.56,2.51,11,9,0,31.5,78.5,2.6,4.0,1.5,39,34,3,114.5,235.2,2.046,4.0,0.0,7,2.083,4,1,level4_non_graduate,1
220537,2.78,106.0,160.0,0,0,اجتاز,2.89,2.94,13,13,0,35.0,102.1,2.923,4.0,2.0,2.83,,6,6,0,18.0,51.0,2.833,3.2,2.4,2.79,2.36,12,12,0,36.0,92.8,2.583,3.2,1.0,2.71,2.85,10,10,0,29.0,80.4,2.78,4.0,2.2,41,41,0,118.0,326.3,2.776,4.0,1.0,7,2.767,4,1,graduate,0
220538,2.44,135.0,240.0,1,0,اجتاز,1.69,2.64,11,9,2,32.0,68.4,2.118,3.4,0.0,1.93,,6,6,0,18.0,34.8,1.933,2.8,1.0,1.65,1.93,12,11,1,36.0,64.5,1.792,3.2,0.0,2.89,2.95,13,13,0,35.0,102.3,2.931,4.0,1.5,42,39,3,121.0,270.0,2.25,4.0,0.0,7,2.24,4,1,graduate,1
220540,2.13,135.0,240.0,1,1,اجتاز,2.05,2.12,13,12,1,35.0,73.0,2.062,3.7,0.0,1.66,,6,6,0,17.0,28.3,1.717,2.6,1.0,1.7,2.04,11,10,1,33.0,61.2,1.855,2.8,0.0,2.28,2.06,11,11,0,30.4,71.1,2.182,3.7,1.0,41,39,2,115.4,233.6,1.988,3.7,0.0,7,1.987,4,1,graduate,1
220554,2.78,135.0,240.0,0,0,,2.4,2.64,13,13,0,35.0,88.3,2.562,4.0,1.0,1.9,,6,5,1,18.0,34.2,1.9,3.2,0.0,2.83,2.99,12,12,0,36.0,104.7,2.917,3.4,2.6,3.28,2.9,10,10,0,29.0,90.7,3.13,3.7,2.4,41,40,1,118.0,317.9,2.707,4.0,0.0,7,2.706,4,1,graduate,0
220571,2.65,135.0,170.0,0,0,اجتاز,2.98,2.67,13,13,0,35.0,98.7,2.808,4.0,2.0,2.73,,6,6,0,17.0,46.4,2.733,3.0,2.4,2.57,1.84,11,11,0,33.0,73.8,2.236,3.2,1.0,3.1,2.92,11,11,0,32.0,96.6,3.018,3.7,2.6,41,41,0,117.0,315.5,2.7,4.0,1.0,7,2.687,4,1,graduate,0
220574,2.57,135.0,170.0,0,0,اجتاز,2.52,2.47,13,13,0,35.0,87.3,2.492,3.7,1.0,2.02,,6,6,0,18.0,36.3,2.017,3.0,1.0,3.0,2.33,12,12,0,36.0,95.9,2.667,3.4,1.0,2.97,2.92,10,10,0,29.0,85.7,2.95,3.7,2.4,41,41,0,118.0,305.2,2.585,3.7,1.0,7,2.604,4,1,graduate,0
220582,2.78,135.0,170.0,0,0,اجتاز,2.52,2.12,13,13,0,35.0,81.0,2.292,4.0,1.5,1.83,,6,6,0,18.0,33.0,1.833,2.4,1.0,3.07,3.17,12,12,0,36.0,112.2,3.117,3.4,2.2,3.58,3.22,10,10,0,29.0,99.7,3.43,4.0,3.0,41,41,0,118.0,325.9,2.744,4.0,1.0,7,2.787,4,1,graduate,0
220585,2.74,135.0,200.0,0,0,اجتاز,2.34,2.3,13,12,1,35.0,81.2,2.308,3.7,0.0,2.28,,6,6,0,18.0,41.1,2.283,2.8,1.5,2.58,2.83,12,12,0,36.0,97.4,2.708,3.2,1.5,3.35,3.02,10,7,0,29.0,84.3,3.014,3.7,2.6,41,37,1,118.0,304.0,2.561,3.7,0.0,7,2.671,4,1,graduate,0
220593,2.51,135.0,110.0,0,0,اجتاز,2.28,2.91,13,13,0,35.0,91.1,2.615,4.0,1.5,2.0,,6,6,0,18.0,36.0,2.0,2.8,1.0,2.36,2.38,12,12,0,36.0,85.3,2.375,3.2,1.0,2.71,2.72,10,10,0,29.0,78.9,2.71,4.0,2.0,41,41,0,118.0,291.3,2.478,4.0,1.0,7,2.48,4,1,graduate,0
220606,2.63,135.0,240.0,0,0,اجتاز,2.4,2.86,13,13,0,35.0,92.3,2.662,3.7,1.0,2.27,,6,6,0,18.0,40.8,2.267,3.2,1.0,2.37,2.71,12,12,0,36.0,91.4,2.542,3.4,1.0,2.92,2.93,12,12,0,35.0,102.6,2.933,4.0,2.4,43,43,0,124.0,327.1,2.649,4.0,1.0,7,2.637,4,1,graduate,0
220608,2.78,135.0,100.0,0,0,اجتاز,2.5,2.43,13,12,1,35.0,86.3,2.438,4.0,0.0,2.15,,6,6,0,17.0,36.5,2.183,3.0,1.0,2.64,3.15,12,12,0,36.0,104.3,2.9,4.0,1.5,3.13,3.04,11,8,0,31.0,94.8,3.038,3.7,2.6,42,38,1,119.0,321.9,2.664,4.0,0.0,7,2.72,4,1,level4_non_graduate,0
220611,2.7,135.0,240.0,3,0,,1.64,1.78,11,10,1,32.0,54.5,1.718,3.2,0.0,1.88,,5,5,0,15.0,28.2,1.88,2.2,1.5,2.68,2.83,12,12,0,35.0,96.3,2.783,3.7,1.5,3.32,3.09,12,12,0,34.0,109.2,3.183,4.0,2.6,40,39,1,116.0,288.2,2.498,4.0,0.0,7,2.46,4,1,graduate,1
220618,3.25,135.0,170.0,0,0,اجتاز,2.65,3.11,13,13,0,35.0,101.0,2.915,4.0,1.0,2.93,,6,6,0,18.0,52.8,2.933,3.4,2.6,3.37,3.66,14,14,0,42.0,147.6,3.514,4.0,2.8,3.41,3.8,8,8,0,23.0,82.0,3.55,4.0,3.2,41,41,0,118.0,383.4,3.246,4.0,1.0,7,3.276,4,1,graduate,0
220626,2.43,135.0,240.0,0,0,اجتاز,2.42,2.56,13,13,0,35.0,87.2,2.469,3.7,1.5,2.53,,6,6,0,18.0,45.6,2.533,3.0,2.0,2.32,2.32,12,12,0,36.0,83.6,2.333,3.0,1.0,2.28,2.3,11,11,0,29.0,71.2,2.509,4.0,1.5,42,42,0,118.0,287.6,2.45,4.0,1.0,7,2.39,4,1,graduate,0
220628,2.52,135.0,240.0,2,2,,2.12,1.7,13,10,3,35.0,66.6,1.923,4.0,0.0,1.98,,5,5,0,15.0,29.7,1.98,2.2,1.5,2.39,2.31,12,12,0,36.0,84.5,2.358,3.0,1.0,3.05,2.83,13,13,0,37.0,108.6,2.938,4.0,2.2,43,40,3,123.0,289.4,2.358,4.0,0.0,7,2.34,4,1,graduate,1
220631,2.69,135.0,240.0,0,0,اجتاز,2.11,2.83,13,13,0,35.0,86.7,2.462,4.0,1.0,1.67,,6,5,1,18.0,30.0,1.667,2.4,0.0,2.66,2.82,12,12,0,35.0,95.9,2.75,3.4,2.0,3.2,3.07,10,10,0,29.0,91.3,3.15,4.0,2.6,41,40,1,117.0,303.9,2.598,4.0,0.0,7,2.623,4,1,graduate,0
220632,2.25,135.0,240.0,4,4,اجتاز,1.84,2.4,11,11,0,32.0,67.2,2.109,3.7,1.0,1.2,,5,5,0,15.0,18.0,1.2,1.5,1.0,2.43,2.18,10,10,0,30.0,69.2,2.31,3.0,1.5,2.96,2.52,11,11,0,32.0,91.9,2.864,3.7,2.0,37,37,0,109.0,246.3,2.265,3.7,1.0,7,2.219,4,1,graduate,1
220634,2.95,135.0,130.0,0,0,اجتاز,3.0,2.81,13,13,0,35.0,101.6,2.854,4.0,1.5,2.53,,6,6,0,18.0,45.6,2.533,3.0,2.2,3.13,2.4,12,11,1,36.0,99.5,2.767,3.4,0.0,3.25,3.04,11,11,0,32.0,101.0,3.145,4.0,2.4,42,41,1,121.0,347.7,2.86,4.0,0.0,7,2.88,4,1,graduate,0
220635,2.4,135.0,160.0,2,2,اجتاز,1.89,1.52,11,9,2,32.0,54.9,1.709,3.4,0.0,2.49,,6,6,0,15.0,37.4,2.533,2.8,2.0,2.5,2.56,11,11,0,33.0,83.4,2.527,3.4,2.0,2.71,2.25,12,12,0,36.0,89.4,2.483,3.7,1.5,40,38,2,116.0,265.1,2.29,3.7,0.0,7,2.274,4,1,graduate,1
220637,2.45,135.0,30.0,0,0,اجتاز,2.76,2.81,13,13,0,35.0,97.5,2.777,4.0,2.0,1.9,,6,6,0,18.0,34.2,1.9,2.8,1.0,,,0,0,0,0.0,0.0,,,,2.91,2.63,12,12,0,34.0,98.3,2.925,4.0,2.0,31,31,0,87.0,230.0,2.665,4.0,1.0,5,2.602,3,0,graduate,0
220638,2.8,135.0,240.0,0,0,اجتاز,2.44,2.48,13,13,0,35.0,86.1,2.469,3.7,1.0,2.35,,6,6,0,18.0,42.3,2.35,3.2,1.5,2.99,2.26,12,11,1,36.0,94.6,2.633,4.0,0.0,3.28,3.04,11,11,0,31.0,98.5,3.173,3.7,2.6,42,41,1,120.0,321.5,2.683,4.0,0.0,7,2.691,4,1,graduate,0
220640,2.21,135.0,140.0,1,1,اجتاز,1.97,2.42,13,13,0,35.0,77.1,2.238,3.2,1.0,1.72,,6,6,0,18.0,30.9,1.717,2.6,1.0,2.24,1.78,11,11,0,33.0,65.6,1.991,3.0,1.0,2.55,2.2,10,10,0,26.0,70.6,2.72,3.4,2.0,40,40,0,112.0,244.2,2.212,3.4,1.0,7,2.126,4,1,graduate,1
220642,2.61,135.0,170.0,0,0,اجتاز,2.44,2.32,13,13,0,35.0,83.3,2.392,3.4,1.0,1.9,,6,6,0,18.0,34.2,1.9,2.6,1.0,2.72,2.73,12,12,0,36.0,98.2,2.733,3.4,2.2,3.08,3.02,10,10,0,29.0,88.8,3.06,3.7,2.6,41,41,0,118.0,304.5,2.583,3.7,1.0,7,2.601,4,1,graduate,0
220650,2.67,135.0,240.0,0,0,اجتاز,2.6,2.74,13,13,0,35.0,93.6,2.7,3.7,1.5,1.98,,6,6,0,18.0,35.7,1.983,2.6,1.5,2.74,2.27,12,12,0,36.0,90.3,2.517,3.4,1.5,3.19,2.95,10,10,0,29.0,89.7,3.09,4.0,2.2,41,41,0,118.0,309.3,2.637,4.0,1.5,7,2.639,4,1,graduate,0
220656,3.24,135.0,240.0,0,0,اجتاز,3.25,3.23,14,14,0,38.0,123.0,3.207,4.0,2.4,2.76,,7,7,0,20.0,55.2,2.771,3.0,2.4,3.49,3.24,14,14,0,42.0,141.3,3.364,4.0,2.8,3.56,3.63,7,7,0,20.0,71.9,3.586,4.0,3.2,42,42,0,120.0,391.4,3.25,4.0,2.4,7,3.309,4,1,graduate,0
220657,3.0,135.0,170.0,0,0,,3.02,3.1,14,14,0,38.0,116.4,3.064,3.7,2.2,2.81,,7,7,0,19.0,53.4,2.829,3.2,2.4,2.97,2.69,12,12,0,36.0,101.9,2.833,3.4,2.2,3.36,3.17,9,9,0,27.0,88.5,3.278,4.0,2.8,42,42,0,120.0,360.2,3.005,4.0,2.2,7,3.017,4,1,graduate,0
220659,3.14,135.0,240.0,0,0,اجتاز,2.82,3.13,13,13,0,35.0,104.4,3.0,4.0,1.5,2.91,,6,6,0,17.0,49.4,2.9,3.2,2.6,3.32,3.28,13,13,0,39.0,128.6,3.3,3.7,2.6,3.54,3.34,9,9,0,26.0,89.9,3.433,4.0,2.8,41,41,0,117.0,372.3,3.176,4.0,1.5,7,3.191,4,1,graduate,0
220661,2.5,135.0,200.0,0,0,,2.39,1.83,13,12,1,35.0,73.6,2.115,3.4,0.0,2.42,,6,6,0,17.0,41.2,2.467,3.2,2.0,1.86,2.41,12,11,1,36.0,76.9,2.142,3.0,0.0,3.08,2.8,11,11,0,32.0,94.5,2.955,4.0,2.4,42,40,2,120.0,286.2,2.393,4.0,0.0,7,2.399,4,1,graduate,0
220665,2.56,135.0,240.0,1,1,اجتاز,1.94,2.42,11,11,0,32.0,69.3,2.173,3.4,1.0,2.54,,6,6,0,17.0,43.2,2.533,3.0,2.0,2.71,2.13,12,11,1,36.0,87.2,2.425,3.7,0.0,2.81,2.77,13,13,0,36.0,100.6,2.769,3.7,2.4,42,41,1,121.0,300.3,2.481,3.7,0.0,7,2.474,4,1,graduate,1
220673,2.32,135.0,240.0,2,2,اجتاز,2.21,1.69,13,12,1,35.0,68.0,2.031,3.4,0.0,1.87,,6,6,0,18.0,33.6,1.867,2.6,1.0,2.63,2.28,12,12,0,36.0,88.3,2.458,3.2,1.5,2.75,2.62,11,11,0,31.0,83.6,2.709,4.0,2.0,42,41,1,120.0,273.5,2.307,4.0,0.0,7,2.293,4,1,graduate,1
220679,2.86,135.0,100.0,0,0,,2.48,2.42,13,13,0,35.0,85.6,2.454,4.0,1.0,1.93,,6,6,0,18.0,34.8,1.933,3.0,1.5,3.11,3.25,12,12,0,36.0,114.5,3.183,3.7,2.6,3.47,3.45,10,10,0,29.0,100.5,3.45,4.0,3.0,41,41,0,118.0,335.4,2.834,4.0,1.0,7,2.873,4,1,graduate,0
220682,2.45,135.0,170.0,1,0,اجتاز,1.95,2.35,13,12,1,35.0,75.5,2.131,4.0,0.0,1.8,,6,5,1,18.0,32.4,1.8,2.6,0.0,2.53,2.29,12,12,0,35.0,84.5,2.425,3.7,1.5,2.88,2.86,11,11,0,32.0,91.9,2.864,4.0,2.0,42,40,2,120.0,284.3,2.36,4.0,0.0,7,2.38,4,1,graduate,1
220683,2.65,135.0,170.0,0,0,اجتاز,2.26,2.54,13,13,0,35.0,84.2,2.4,3.2,1.5,2.18,,6,6,0,18.0,39.3,2.183,2.8,1.5,2.83,2.85,12,12,0,36.0,102.2,2.85,3.4,2.4,3.18,2.69,11,11,0,31.0,91.9,2.936,4.0,2.2,42,42,0,120.0,317.6,2.638,4.0,1.5,7,2.647,4,1,graduate,0
220691,2.45,135.0,240.0,2,2,اجتاز,1.25,1.64,11,8,3,32.0,45.8,1.418,3.7,0.0,2.04,,5,5,0,15.0,30.6,2.04,2.4,1.0,2.52,2.3,12,12,0,36.0,86.8,2.417,3.4,1.5,2.86,2.7,12,12,0,33.0,91.8,2.767,3.7,2.4,40,37,3,116.0,255.0,2.2,3.7,0.0,7,2.187,4,1,graduate,1
220704,3.34,135.0,240.0,0,0,اجتاز,3.12,3.41,14,14,0,38.0,124.7,3.279,4.0,2.4,2.94,,7,7,0,20.0,58.8,2.943,3.4,2.4,3.41,3.51,14,14,0,42.0,145.5,3.464,4.0,3.0,3.6,3.63,7,7,0,20.0,72.3,3.586,4.0,3.0,42,42,0,120.0,401.3,3.336,4.0,2.4,7,3.374,4,1,graduate,0
220716,2.54,135.0,240.0,1,1,اجتاز,2.16,1.94,13,13,0,35.0,71.6,2.077,3.7,1.0,1.72,,6,5,1,18.0,30.9,1.717,2.4,0.0,2.72,2.77,12,12,0,36.0,98.8,2.75,3.4,2.0,3.22,2.98,11,11,0,31.0,96.3,3.136,4.0,2.4,42,41,1,120.0,297.6,2.495,4.0,0.0,7,2.501,4,1,graduate,1
220722,2.61,135.0,240.0,3,3,,1.65,2.0,11,11,0,32.0,58.0,1.818,4.0,1.0,2.24,,5,5,0,15.0,33.6,2.24,2.4,2.2,,,0,0,0,0.0,0.0,,,,3.08,2.91,13,11,0,36.0,98.6,2.909,4.0,2.0,29,27,0,83.0,190.2,2.341,4.0,1.0,5,2.376,3,0,graduate,1
220730,2.34,135.0,240.0,2,2,,2.28,1.42,13,11,2,35.0,64.2,1.885,3.2,0.0,1.95,,6,6,0,17.0,33.2,1.9,2.6,1.0,2.07,2.15,12,11,1,36.0,75.9,2.108,3.0,0.0,2.38,2.65,12,12,0,36.0,90.6,2.517,3.7,1.5,43,40,3,124.0,263.9,2.126,3.7,0.0,7,2.129,4,1,graduate,1
220732,2.45,135.0,240.0,0,0,,2.4,2.33,13,13,0,35.0,82.8,2.385,3.2,2.0,1.98,,6,6,0,17.0,33.6,2.0,2.4,1.5,2.67,2.29,12,12,0,36.0,89.3,2.483,3.2,1.0,2.9,2.76,11,11,0,32.0,90.8,2.836,4.0,2.0,42,42,0,120.0,296.5,2.476,4.0,1.0,7,2.476,4,1,graduate,0
220733,2.51,103.0,160.0,1,0,,2.01,1.78,13,13,0,35.0,66.2,1.885,2.8,1.0,2.6,,5,5,0,15.0,39.0,2.6,3.0,2.0,2.87,3.02,12,12,0,36.0,106.0,2.95,3.4,2.2,,,0,0,0,0.0,0.0,,,,30,30,0,86.0,211.2,2.43,3.4,1.0,5,2.456,3,0,graduate,1
220742,2.81,135.0,240.0,0,0,اجتاز,2.29,2.66,13,13,0,35.0,86.8,2.508,3.7,1.0,2.43,,6,6,0,18.0,43.8,2.433,2.8,2.0,3.28,2.66,12,12,0,36.0,107.0,2.975,3.7,2.0,3.27,3.0,10,10,0,29.0,91.6,3.16,4.0,2.6,41,41,0,118.0,329.2,2.793,4.0,1.0,7,2.799,4,1,graduate,0
220744,2.59,135.0,240.0,1,1,اجتاز,2.16,1.82,13,12,1,35.0,69.5,1.977,3.4,0.0,2.09,,6,6,0,17.0,35.5,2.117,3.0,1.0,3.03,2.42,11,11,0,33.0,90.8,2.755,4.0,1.5,3.14,2.86,11,11,0,32.0,96.3,3.009,4.0,2.2,41,40,1,117.0,292.1,2.483,4.0,0.0,7,2.503,4,1,graduate,1
220746,2.96,135.0,240.0,0,0,اجتاز,3.02,2.83,14,14,0,38.0,110.8,2.9,4.0,2.0,2.8,,6,6,0,18.0,50.4,2.8,3.2,2.0,3.18,2.67,12,12,0,36.0,105.3,2.925,3.7,2.0,3.3,3.26,9,9,0,26.0,85.5,3.278,4.0,2.8,41,41,0,118.0,352.0,2.976,4.0,2.0,7,3.009,4,1,graduate,0
220750,2.96,135.0,170.0,1,1,اجتاز,1.71,2.68,11,11,0,32.0,69.3,2.145,4.0,1.0,2.53,,6,6,0,18.0,45.6,2.533,3.2,1.0,3.6,3.55,12,12,0,36.0,128.7,3.575,4.0,3.0,3.31,3.12,12,12,0,32.0,103.4,3.2,3.7,2.6,41,41,0,118.0,347.0,2.929,4.0,1.0,7,2.929,4,1,graduate,1
220752,2.44,135.0,240.0,0,0,اجتاز,2.46,2.93,13,13,0,35.0,94.5,2.7,4.0,1.5,2.18,,6,6,0,18.0,39.3,2.183,2.8,1.0,2.76,1.51,12,11,1,36.0,76.9,2.142,4.0,0.0,2.38,2.56,12,12,0,34.0,84.1,2.492,3.7,1.0,43,42,1,123.0,294.8,2.414,4.0,0.0,7,2.397,4,1,graduate,0
220755,3.3,135.0,240.0,0,0,اجتاز,2.98,3.61,14,14,0,38.0,126.4,3.314,4.0,2.4,2.78,,7,7,0,20.0,55.6,2.771,3.4,2.2,3.33,3.44,14,14,0,42.0,142.2,3.386,4.0,2.8,3.69,3.23,7,7,0,20.0,69.7,3.471,4.0,3.0,42,42,0,120.0,393.9,3.274,4.0,2.2,7,3.294,4,1,graduate,0
220761,2.95,135.0,240.0,0,0,,2.61,3.01,13,13,0,35.0,98.6,2.815,4.0,1.0,2.35,,6,6,0,18.0,42.3,2.35,3.0,1.5,2.97,2.94,12,12,0,36.0,106.4,2.958,3.7,2.2,3.44,3.21,9,9,0,26.0,87.0,3.311,4.0,2.4,40,40,0,115.0,334.3,2.9,4.0,1.0,7,2.933,4,1,graduate,0
220767,2.51,135.0,240.0,0,0,اجتاز,2.48,2.29,13,13,0,35.0,83.5,2.438,3.7,1.0,2.52,,6,6,0,18.0,45.3,2.517,3.2,1.5,2.87,2.18,12,12,0,36.0,90.9,2.525,3.4,1.0,2.49,2.61,11,11,0,29.0,79.0,2.718,3.4,1.5,42,42,0,118.0,298.7,2.548,3.7,1.0,7,2.491,4,1,graduate,0
220775,3.12,135.0,240.0,0,0,اجتاز,2.58,3.14,13,13,0,35.0,100.4,2.854,4.0,1.5,2.8,,6,6,0,18.0,50.4,2.8,3.2,2.4,3.55,3.3,13,13,0,39.0,133.2,3.415,4.0,2.8,2.95,3.2,9,7,0,26.0,70.8,2.943,4.0,2.0,41,39,0,118.0,354.8,3.049,4.0,1.5,7,3.074,4,1,graduate,0
220776,2.98,135.0,240.0,0,0,اجتاز,2.31,2.73,13,13,0,35.0,88.4,2.538,3.7,1.5,2.9,,6,6,0,18.0,52.2,2.9,3.2,2.8,2.96,3.0,12,12,0,36.0,107.3,2.983,4.0,2.4,3.64,3.03,9,9,0,26.0,92.0,3.556,4.0,2.6,40,40,0,115.0,339.9,2.955,4.0,1.5,7,2.939,4,1,graduate,0
220778,2.56,135.0,200.0,0,0,,2.82,2.71,13,13,0,35.0,96.8,2.738,4.0,1.5,2.4,,6,6,0,18.0,43.2,2.4,2.6,2.0,2.15,1.73,12,10,2,36.0,69.8,1.942,3.0,0.0,3.31,2.36,10,10,0,28.0,82.4,2.92,4.0,1.5,41,39,2,117.0,292.2,2.5,4.0,0.0,7,2.497,4,1,graduate,0
220779,2.56,135.0,240.0,0,0,اجتاز,2.16,2.67,13,13,0,35.0,84.7,2.469,3.7,1.0,2.8,,6,6,0,18.0,50.4,2.8,3.4,2.0,2.86,1.82,12,12,0,36.0,84.2,2.342,3.4,1.0,2.82,2.67,10,10,0,29.0,80.1,2.75,4.0,1.5,41,41,0,118.0,299.4,2.549,4.0,1.0,7,2.543,4,1,graduate,0
220780,2.45,135.0,80.0,2,2,اجتاز,1.88,2.02,11,10,1,32.0,62.2,1.964,3.4,0.0,1.69,,6,5,1,17.0,28.8,1.6,2.4,0.0,3.38,1.14,12,10,2,35.0,80.2,2.3,4.0,0.0,2.82,2.75,13,13,0,35.0,100.4,2.854,3.7,2.0,42,38,4,119.0,271.6,2.283,4.0,0.0,7,2.24,4,1,graduate,1
220788,2.8,135.0,240.0,0,0,اجتاز,2.61,2.77,13,13,0,35.0,94.3,2.708,4.0,1.0,2.45,,6,6,0,18.0,44.1,2.45,3.2,1.5,2.76,3.0,12,12,0,36.0,103.6,2.883,3.4,2.2,2.98,3.07,10,10,0,29.0,87.6,3.02,3.7,2.4,41,41,0,118.0,329.6,2.798,4.0,1.0,7,2.806,4,1,graduate,0
220794,2.81,135.0,240.0,1,0,اجتاز,1.89,2.44,11,11,0,32.0,68.7,2.127,3.4,1.0,2.58,,7,7,0,18.0,46.4,2.571,3.0,2.0,3.11,3.03,12,12,0,36.0,110.6,3.075,4.0,2.4,3.22,3.1,10,10,0,29.0,92.0,3.19,4.0,2.4,40,40,0,115.0,317.7,2.755,4.0,1.0,7,2.767,4,1,graduate,1
220825,2.45,135.0,240.0,0,0,اجتاز,2.34,1.73,13,12,1,35.0,70.8,1.962,3.2,0.0,2.23,,6,6,0,18.0,40.2,2.233,2.8,1.0,2.56,2.32,12,12,0,36.0,87.7,2.442,3.7,1.0,3.2,2.7,10,10,0,29.0,86.8,2.98,4.0,2.2,41,40,1,118.0,285.5,2.39,4.0,0.0,7,2.44,4,1,graduate,0
220835,2.64,135.0,240.0,3,3,اجتاز,1.49,2.04,11,11,0,32.0,56.0,1.727,2.8,1.0,2.26,,6,6,0,15.0,33.9,2.317,2.8,1.5,,,0,0,0,0.0,0.0,,,,3.08,3.04,13,13,0,37.0,113.2,3.046,4.0,2.4,30,30,0,84.0,203.1,2.417,4.0,1.0,5,2.382,3,0,graduate,1
220865,3.01,135.0,240.0,0,0,,2.82,3.22,13,13,0,35.0,105.9,3.015,4.0,2.2,2.96,,7,7,0,20.0,59.1,2.957,3.7,2.2,3.2,2.88,13,13,0,39.0,118.1,3.031,3.4,2.4,3.14,3.03,9,9,0,26.0,80.7,3.1,4.0,2.6,42,42,0,120.0,363.8,3.029,4.0,2.2,7,3.036,4,1,graduate,0
220879,3.21,135.0,200.0,0,0,,2.65,3.04,13,13,0,35.0,99.7,2.838,3.7,1.5,2.97,,6,6,0,18.0,53.4,2.967,3.4,2.2,3.59,3.34,14,14,0,42.0,145.5,3.464,4.0,3.0,3.45,3.25,9,9,0,25.0,88.2,3.533,4.0,3.2,42,42,0,120.0,386.8,3.214,4.0,1.5,7,3.184,4,1,graduate,0
220882,2.5,135.0,240.0,1,1,اجتاز,1.6,2.62,11,10,1,32.0,66.5,2.082,3.7,0.0,2.0,,6,6,0,18.0,36.0,2.0,2.6,1.5,2.41,2.33,12,12,0,36.0,85.3,2.375,3.2,1.5,2.96,2.94,12,12,0,32.0,94.6,2.95,4.0,2.4,41,40,1,118.0,282.4,2.41,4.0,0.0,7,2.409,4,1,graduate,1
220887,2.81,135.0,240.0,0,0,اجتاز,2.84,2.29,13,13,0,35.0,89.5,2.531,3.7,2.0,2.7,,6,6,0,18.0,48.6,2.7,3.0,2.4,3.0,2.77,12,12,0,36.0,103.8,2.883,3.4,2.2,3.25,2.91,11,11,0,31.0,96.1,3.082,4.0,2.4,42,42,0,120.0,338.0,2.8,4.0,2.0,7,2.823,4,1,graduate,0
220897,3.43,135.0,170.0,0,0,اجتاز,3.08,3.4,14,14,0,38.0,123.9,3.264,4.0,2.4,2.82,,7,7,0,20.0,56.4,2.829,3.4,2.4,3.67,3.66,14,14,0,42.0,153.9,3.664,4.0,3.2,3.89,3.63,7,7,0,20.0,75.5,3.757,4.0,3.2,42,42,0,120.0,409.7,3.407,4.0,2.4,7,3.45,4,1,graduate,0
220905,2.82,135.0,200.0,0,0,,2.79,2.0,13,12,1,35.0,83.4,2.369,3.4,0.0,2.53,,6,6,0,18.0,45.6,2.533,2.8,2.2,2.95,2.7,12,12,0,36.0,101.7,2.825,3.7,2.2,3.27,2.93,10,9,0,28.0,87.9,3.033,3.7,2.6,41,39,1,117.0,318.6,2.68,3.7,0.0,7,2.739,4,1,graduate,0
220910,2.82,135.0,100.0,1,1,اجتاز,1.81,3.12,11,10,1,32.0,77.6,2.418,4.0,0.0,2.87,,7,7,0,18.0,51.6,2.929,3.7,2.4,2.93,2.66,12,12,0,36.0,100.7,2.8,4.0,2.0,3.36,3.2,11,11,0,31.0,101.9,3.282,4.0,2.8,41,40,1,117.0,331.8,2.849,4.0,0.0,7,2.85,4,1,graduate,1
220928,2.65,135.0,240.0,0,0,اجتاز,2.76,2.73,13,13,0,35.0,96.0,2.738,3.7,1.0,2.26,,6,6,0,17.0,38.5,2.283,3.0,1.5,2.6,2.35,11,11,0,33.0,82.1,2.491,3.0,1.0,3.22,2.7,12,12,0,35.0,103.5,2.958,3.7,2.0,42,42,0,120.0,320.1,2.671,3.7,1.0,7,2.66,4,1,graduate,0
220929,2.37,135.0,200.0,0,0,,2.08,2.23,13,13,0,35.0,75.4,2.177,3.2,1.0,2.5,,6,6,0,18.0,45.0,2.5,2.6,2.2,2.3,1.52,12,10,2,36.0,68.7,1.908,3.0,0.0,2.69,2.75,10,10,0,29.0,78.8,2.72,3.4,2.0,41,39,2,118.0,267.9,2.278,3.4,0.0,7,2.296,4,1,graduate,0
220944,2.84,135.0,100.0,0,0,اجتاز,2.31,2.44,13,13,0,35.0,83.2,2.369,3.7,1.0,2.25,,6,6,0,18.0,40.5,2.25,2.8,1.5,3.21,2.97,12,12,0,36.0,111.2,3.092,4.0,2.2,3.3,3.17,11,11,0,31.0,100.5,3.227,3.7,2.8,42,42,0,120.0,335.4,2.783,4.0,1.0,7,2.807,4,1,graduate,0
220959,2.54,135.0,170.0,0,0,اجتاز,2.34,2.65,13,13,0,35.0,87.5,2.538,3.7,1.0,2.3,,6,6,0,18.0,41.4,2.3,2.8,2.0,2.82,2.51,12,12,0,36.0,96.0,2.675,3.2,1.5,2.2,2.57,11,11,0,29.0,78.1,2.718,4.0,1.5,42,42,0,118.0,303.0,2.59,4.0,1.0,7,2.484,4,1,graduate,0
220973,2.66,135.0,130.0,0,0,,2.19,2.32,13,13,0,35.0,78.9,2.285,4.0,1.0,2.03,,6,6,0,18.0,36.6,2.033,2.6,1.5,2.89,3.06,12,12,0,36.0,107.2,2.983,3.4,2.2,3.21,3.2,10,10,0,29.0,93.0,3.2,4.0,2.4,41,41,0,118.0,315.7,2.676,4.0,1.0,7,2.7,4,1,graduate,0
220980,2.78,135.0,160.0,1,0,اجتاز,1.96,2.8,13,13,0,35.0,83.7,2.438,4.0,1.0,2.33,,6,6,0,18.0,42.0,2.333,2.6,2.0,3.07,2.96,12,12,0,36.0,108.4,3.017,3.4,2.6,3.29,3.07,10,10,0,29.0,92.9,3.21,4.0,2.4,41,41,0,118.0,327.0,2.78,4.0,1.0,7,2.783,4,1,graduate,1
220981,3.08,105.0,200.0,0,0,اجتاز,2.76,3.14,13,13,0,35.0,103.5,2.977,4.0,1.5,2.54,,6,6,0,17.0,43.2,2.533,2.8,2.2,3.06,3.11,12,12,0,35.0,107.9,3.083,4.0,2.4,3.7,3.27,10,10,0,30.0,105.9,3.53,3.7,2.8,41,41,0,117.0,360.5,3.078,4.0,1.5,7,3.083,4,1,graduate,0
220988,2.45,97.0,240.0,2,2,اجتاز,2.06,1.45,13,11,2,35.0,61.1,1.746,3.7,0.0,1.66,,5,4,1,15.0,24.9,1.66,2.4,0.0,2.28,2.15,12,11,1,35.0,77.6,2.225,3.2,0.0,2.79,2.92,11,11,0,32.0,91.3,2.845,4.0,2.2,41,37,4,117.0,254.9,2.171,4.0,0.0,7,2.187,4,1,graduate,1
220995,2.39,135.0,160.0,0,0,,2.02,2.61,13,13,0,35.0,81.2,2.331,3.7,1.0,2.05,,6,6,0,18.0,36.9,2.05,2.8,1.5,2.3,2.55,12,12,0,36.0,87.3,2.433,3.7,1.5,2.8,2.95,10,10,0,29.0,83.1,2.87,4.0,1.5,41,41,0,118.0,288.5,2.451,4.0,1.0,7,2.469,4,1,graduate,0
221000,2.48,135.0,240.0,0,0,اجتاز,2.19,2.33,13,13,0,35.0,79.2,2.215,4.0,1.0,2.07,,6,6,0,16.0,33.1,2.05,2.8,1.0,2.12,2.46,12,12,0,36.0,82.3,2.292,3.2,1.0,2.9,2.78,12,12,0,36.0,102.3,2.842,4.0,2.2,43,43,0,123.0,296.9,2.388,4.0,1.0,7,2.407,4,1,graduate,0
221008,3.1,135.0,240.0,0,0,,2.86,2.93,13,13,0,35.0,101.4,2.877,4.0,2.0,2.73,,6,6,0,18.0,49.2,2.733,3.0,2.6,3.53,3.2,13,13,0,39.0,130.9,3.362,4.0,2.6,3.16,3.23,9,9,0,26.0,82.9,3.189,4.0,2.8,41,41,0,118.0,364.4,3.078,4.0,2.0,7,3.091,4,1,graduate,0
221009,3.22,135.0,240.0,0,0,اجتاز,2.58,3.29,13,12,1,35.0,103.0,2.9,4.0,0.0,2.97,,6,6,0,18.0,53.4,2.967,3.4,2.6,3.3,3.13,14,14,0,42.0,135.0,3.214,3.7,2.8,3.63,3.43,9,9,0,25.0,89.1,3.567,4.0,3.2,42,41,1,120.0,380.5,3.157,4.0,0.0,7,3.19,4,1,graduate,0
221019,3.02,135.0,240.0,0,0,اجتاز,2.19,2.36,13,12,1,35.0,79.7,2.338,3.7,0.0,3.03,,6,6,0,18.0,54.6,3.033,3.4,2.4,3.3,3.35,12,12,0,36.0,119.7,3.325,3.7,2.4,3.22,3.07,11,11,0,31.0,98.0,3.145,3.7,2.8,42,41,1,120.0,352.0,2.931,3.7,0.0,7,2.931,4,1,graduate,0
221020,2.41,135.0,240.0,1,1,اجتاز,2.09,1.94,13,12,1,35.0,70.6,1.969,3.7,0.0,1.53,,6,4,2,18.0,27.6,1.533,2.6,0.0,2.35,2.28,11,11,0,33.0,76.5,2.318,2.8,1.5,2.7,2.66,12,12,0,35.0,94.0,2.683,3.7,1.5,42,39,3,121.0,268.7,2.202,3.7,0.0,7,2.221,4,1,graduate,1
221037,2.66,135.0,240.0,0,0,,2.14,2.39,13,13,0,35.0,79.3,2.292,3.2,1.0,2.18,,6,6,0,18.0,39.3,2.183,2.6,1.5,2.98,2.89,12,12,0,36.0,105.6,2.942,3.7,2.2,3.17,2.77,10,10,0,29.0,87.3,3.01,3.7,2.2,41,41,0,118.0,311.5,2.641,3.7,1.0,7,2.646,4,1,graduate,0
221041,3.02,135.0,170.0,0,0,اجتاز,2.63,2.88,13,13,0,35.0,96.5,2.746,4.0,2.0,2.43,,6,6,0,18.0,43.8,2.433,3.2,2.0,2.88,3.32,12,12,0,36.0,111.6,3.108,3.7,2.6,3.42,3.16,12,12,0,33.0,108.9,3.283,4.0,2.4,43,43,0,122.0,360.8,2.953,4.0,2.0,7,2.96,4,1,graduate,0
221058,2.67,135.0,170.0,1,0,اجتاز,2.06,1.94,13,11,2,35.0,69.9,1.946,3.7,0.0,2.47,,6,6,0,18.0,44.4,2.467,3.4,2.2,2.7,2.93,12,12,0,36.0,101.4,2.817,3.2,2.2,3.22,2.85,11,11,0,31.0,94.8,3.036,4.0,2.4,42,40,2,120.0,310.5,2.555,4.0,0.0,7,2.596,4,1,graduate,1
221071,3.23,135.0,240.0,0,0,,3.06,3.09,14,14,0,38.0,116.8,3.064,4.0,2.2,2.91,,7,7,0,19.0,55.2,2.929,3.7,2.4,3.38,3.24,13,13,0,39.0,129.0,3.308,3.7,3.0,3.64,3.5,8,8,0,24.0,86.1,3.587,3.7,3.4,42,42,0,120.0,387.1,3.217,4.0,2.2,7,3.26,4,1,graduate,0
221073,2.97,135.0,240.0,0,0,,2.44,2.87,13,13,0,35.0,93.1,2.654,3.2,1.5,2.6,,6,6,0,18.0,46.8,2.6,3.0,2.4,3.15,2.96,12,12,0,36.0,110.0,3.058,3.7,2.6,3.47,3.25,10,10,0,29.0,98.1,3.37,4.0,2.8,41,41,0,118.0,348.0,2.939,4.0,1.5,7,2.963,4,1,graduate,0
221075,2.8,135.0,200.0,0,0,اجتاز,2.64,3.2,13,13,0,35.0,102.5,2.938,4.0,1.5,2.36,,6,6,0,17.0,40.2,2.367,2.6,2.0,2.59,2.83,12,12,0,36.0,97.7,2.717,3.4,2.0,2.96,2.78,11,11,0,32.0,92.4,2.873,3.4,2.4,42,42,0,120.0,332.8,2.776,4.0,1.5,7,2.766,4,1,graduate,0
221086,2.64,135.0,130.0,3,0,اجتاز,1.92,1.9,11,10,1,32.0,61.1,1.918,3.2,0.0,1.94,,6,5,1,17.0,33.0,2.0,3.0,0.0,2.76,2.66,12,12,0,36.0,97.6,2.717,3.2,2.2,2.96,2.78,12,12,0,34.0,97.8,2.867,4.0,2.2,41,39,2,119.0,289.5,2.441,4.0,0.0,7,2.417,4,1,graduate,1
221087,3.03,135.0,240.0,0,0,,2.24,2.86,13,13,0,35.0,89.5,2.577,3.7,1.5,2.12,,6,6,0,18.0,38.1,2.117,2.8,1.0,3.35,3.6,12,12,0,36.0,125.1,3.475,4.0,2.2,3.61,3.35,11,11,0,31.0,108.5,3.464,4.0,2.8,42,42,0,120.0,361.2,3.0,4.0,1.0,7,3.019,4,1,graduate,0
221102,2.78,135.0,140.0,0,0,اجتاز,2.58,2.23,13,13,0,35.0,84.1,2.438,4.0,1.0,2.73,,6,6,0,18.0,49.2,2.733,3.4,2.2,3.01,2.33,12,12,0,36.0,96.2,2.675,3.7,1.0,3.3,2.97,10,10,0,29.0,91.9,3.17,4.0,2.6,41,41,0,118.0,321.4,2.729,4.0,1.0,7,2.736,4,1,graduate,0
221105,2.84,135.0,240.0,0,0,اجتاز,2.25,2.36,13,13,0,35.0,80.7,2.354,3.7,1.0,1.82,,6,6,0,18.0,32.7,1.817,2.8,1.0,3.12,3.15,12,12,0,36.0,112.8,3.133,3.7,2.2,3.76,3.25,9,9,0,26.0,92.2,3.533,4.0,2.6,40,40,0,115.0,318.4,2.772,4.0,1.0,7,2.816,4,1,graduate,0
221109,2.29,135.0,100.0,0,0,,2.07,2.64,13,13,0,35.0,82.8,2.377,3.4,1.0,1.92,,6,5,1,17.0,32.7,1.817,2.6,0.0,1.48,2.33,12,11,1,36.0,68.6,1.908,2.8,0.0,2.26,2.23,11,11,0,29.0,71.9,2.482,4.0,1.5,42,40,2,117.0,256.0,2.19,4.0,0.0,7,2.133,4,1,graduate,0
221115,2.67,135.0,100.0,0,0,اجتاز,2.26,2.86,13,13,0,35.0,90.0,2.585,3.7,1.0,2.1,,6,6,0,18.0,37.8,2.1,2.6,1.0,2.57,2.45,12,12,0,36.0,90.3,2.517,3.2,2.2,3.24,3.02,10,10,0,29.0,91.5,3.15,4.0,2.4,41,41,0,118.0,309.6,2.632,4.0,1.0,7,2.643,4,1,graduate,0
221123,2.76,135.0,140.0,0,0,اجتاز,2.23,2.32,13,13,0,35.0,79.7,2.262,3.7,1.0,2.03,,6,5,1,18.0,36.6,2.033,3.0,0.0,2.55,3.12,12,12,0,36.0,102.0,2.833,4.0,1.5,3.31,3.23,13,13,0,37.0,121.2,3.277,4.0,2.4,44,43,1,126.0,339.5,2.686,4.0,0.0,7,2.684,4,1,graduate,0
221126,2.73,135.0,70.0,3,3,اجتاز,,,0,0,0,0.0,0.0,,,,1.34,,7,5,2,18.0,24.2,1.371,2.6,0.0,,,0,0,0,0.0,0.0,,,,3.11,2.94,13,13,0,36.0,108.8,3.0,3.7,2.2,20,18,2,54.0,133.0,2.43,3.7,0.0,3,2.463,2,0,graduate,1
221127,3.11,135.0,200.0,0,0,,2.43,2.81,13,13,0,35.0,91.9,2.623,3.4,1.5,2.5,,6,6,0,18.0,45.0,2.5,2.8,2.2,3.52,3.38,12,12,0,36.0,124.1,3.45,4.0,2.6,3.61,3.37,10,10,0,29.0,101.9,3.51,4.0,3.2,41,41,0,118.0,362.9,3.063,4.0,1.5,7,3.089,4,1,graduate,0
221129,2.32,135.0,100.0,0,0,اجتاز,2.64,2.48,13,13,0,35.0,89.4,2.569,3.7,1.5,2.21,,6,6,0,17.0,37.5,2.25,3.0,1.0,2.08,1.43,12,10,2,36.0,63.2,1.758,3.0,0.0,2.39,2.21,12,12,0,35.0,80.6,2.317,3.7,1.0,43,41,2,123.0,270.7,2.228,3.7,0.0,7,2.206,4,1,graduate,0
221130,2.52,135.0,190.0,0,0,اجتاز,2.01,2.56,13,12,1,35.0,80.3,2.238,3.7,0.0,1.72,,6,5,1,18.0,30.9,1.717,2.4,0.0,2.71,2.16,12,12,0,36.0,87.7,2.442,3.7,1.5,3.08,2.41,12,12,0,34.0,92.8,2.733,3.7,1.5,43,41,2,123.0,291.7,2.36,3.7,0.0,7,2.379,4,1,graduate,0
221137,3.24,135.0,170.0,0,0,اجتاز,3.22,3.37,14,14,0,38.0,125.5,3.293,4.0,2.2,3.12,,7,7,0,20.0,62.3,3.1,3.7,2.6,3.17,3.1,14,14,0,42.0,131.6,3.136,4.0,2.6,3.28,3.36,7,7,0,20.0,66.4,3.314,3.7,3.0,42,42,0,120.0,385.8,3.212,4.0,2.2,7,3.231,4,1,graduate,0
221138,2.69,135.0,100.0,0,0,اجتاز,,,0,0,0,0.0,0.0,,,,2.23,,6,6,0,18.0,40.2,2.233,3.0,1.5,2.92,2.75,12,12,0,36.0,102.1,2.842,3.4,1.5,3.31,3.02,11,11,0,31.0,98.6,3.164,4.0,2.4,29,29,0,85.0,240.9,2.838,4.0,1.5,5,2.846,3,0,graduate,0
221145,2.2,135.0,130.0,2,2,,2.2,1.77,13,12,1,35.0,69.3,1.977,3.0,0.0,2.04,,5,5,0,15.0,30.6,2.04,2.4,1.0,2.31,1.66,12,12,0,36.0,71.4,1.992,2.8,1.0,2.82,2.25,10,10,0,29.0,75.0,2.6,4.0,1.0,40,39,1,115.0,246.3,2.145,4.0,0.0,7,2.15,4,1,graduate,1
221155,2.45,135.0,140.0,0,0,اجتاز,2.33,2.14,13,13,0,35.0,78.2,2.262,3.4,1.0,2.13,,6,6,0,18.0,38.4,2.133,2.8,1.0,2.92,2.36,12,12,0,36.0,95.0,2.642,3.7,2.0,2.57,2.72,10,10,0,29.0,76.5,2.65,3.7,1.5,41,41,0,118.0,288.1,2.449,3.7,1.0,7,2.453,4,1,graduate,0
221159,2.63,135.0,240.0,0,0,اجتاز,2.69,2.61,13,13,0,35.0,92.6,2.623,3.7,1.5,2.07,,6,6,0,18.0,37.2,2.067,2.4,1.0,2.96,2.73,12,12,0,36.0,102.3,2.85,3.4,2.4,2.4,2.41,12,12,0,32.0,83.0,2.633,3.4,1.0,43,43,0,121.0,315.1,2.612,3.7,1.0,7,2.553,4,1,graduate,0
221162,3.12,135.0,240.0,0,0,اجتاز,2.88,3.01,13,13,0,35.0,103.1,2.938,3.7,2.2,3.05,,6,6,0,17.0,51.8,3.033,3.4,2.6,3.28,3.26,13,13,0,39.0,127.5,3.269,4.0,2.4,3.2,3.06,9,9,0,26.0,82.0,3.156,4.0,2.4,41,41,0,117.0,364.4,3.105,4.0,2.2,7,3.106,4,1,graduate,0
221167,2.37,135.0,70.0,3,0,اجتاز,1.72,2.04,11,11,0,32.0,59.9,1.845,3.2,1.0,2.22,,5,5,0,14.0,31.1,2.3,3.4,1.5,,,0,0,0,0.0,0.0,,,,2.68,2.58,13,13,0,36.0,98.9,2.777,4.0,1.5,29,29,0,82.0,189.9,2.341,4.0,1.0,5,2.248,3,0,graduate,1
221176,2.87,135.0,170.0,0,0,اجتاز,2.69,2.83,13,13,0,35.0,96.7,2.746,4.0,2.0,2.77,,6,6,0,18.0,49.8,2.767,3.2,2.0,3.16,2.63,12,12,0,36.0,104.1,2.9,3.7,2.2,3.1,2.95,10,10,0,29.0,88.2,3.04,4.0,2.4,41,41,0,118.0,338.8,2.866,4.0,2.0,7,2.876,4,1,graduate,0
221180,2.45,97.0,240.0,2,0,اجتاز,2.15,1.39,13,12,1,35.0,61.5,1.792,4.0,0.0,1.56,,5,4,1,15.0,23.4,1.56,2.4,0.0,2.71,2.47,12,12,0,36.0,93.2,2.592,3.7,2.0,3.05,2.58,11,11,0,32.0,90.6,2.836,4.0,1.0,41,39,2,118.0,268.7,2.278,4.0,0.0,7,2.273,4,1,graduate,1
221186,2.82,135.0,160.0,0,0,,2.69,2.63,13,12,1,35.0,93.0,2.615,3.7,0.0,2.23,,6,6,0,18.0,40.2,2.233,2.8,1.5,3.11,2.79,12,12,0,36.0,106.2,2.958,3.7,2.2,3.11,2.95,10,10,0,29.0,88.4,3.04,4.0,2.4,41,40,1,118.0,327.8,2.763,4.0,0.0,7,2.787,4,1,graduate,0
221188,1.97,135.0,240.0,3,0,اجتاز,1.64,1.78,11,9,2,32.0,54.6,1.727,3.2,0.0,1.92,,5,5,0,15.0,28.8,1.92,2.4,1.0,,,0,0,0,0.0,0.0,,,,3.02,2.9,13,13,0,37.0,109.5,2.946,4.0,2.4,29,27,2,84.0,192.9,2.307,4.0,0.0,5,2.252,3,0,graduate,1
221195,2.8,135.0,190.0,0,0,,2.58,2.41,13,13,0,35.0,87.3,2.485,3.7,1.0,2.33,,6,6,0,18.0,42.0,2.333,2.8,1.0,3.28,3.27,12,12,0,36.0,117.9,3.275,3.7,2.8,3.45,3.37,10,10,0,29.0,99.2,3.42,4.0,2.6,41,41,0,118.0,346.4,2.922,4.0,1.0,7,2.956,4,1,graduate,0
221197,2.92,135.0,240.0,0,0,,2.45,2.56,13,13,0,35.0,87.6,2.531,3.7,1.0,2.67,,6,6,0,18.0,48.0,2.667,2.8,2.6,3.18,3.03,12,12,0,36.0,111.8,3.108,3.7,2.4,3.4,3.07,10,10,0,29.0,94.7,3.27,4.0,2.4,41,41,0,118.0,342.1,2.9,4.0,1.0,7,2.909,4,1,graduate,0
221201,2.99,135.0,240.0,0,0,اجتاز,2.75,2.84,13,13,0,35.0,97.9,2.777,3.7,2.0,2.82,,6,6,0,17.0,47.9,2.717,3.7,1.0,2.86,3.19,12,12,0,36.0,109.0,3.033,3.7,2.2,3.33,3.11,11,11,0,32.0,103.6,3.218,4.0,2.6,42,42,0,120.0,358.4,2.957,4.0,1.0,7,2.986,4,1,graduate,0
221202,2.75,135.0,240.0,0,0,,2.44,2.04,13,13,0,35.0,78.2,2.215,3.7,1.5,2.22,,6,6,0,18.0,39.9,2.217,2.6,1.5,3.23,2.98,12,12,0,36.0,111.8,3.108,3.7,2.2,3.38,3.25,10,10,0,29.0,96.5,3.33,4.0,2.8,41,41,0,118.0,326.4,2.749,4.0,1.5,7,2.791,4,1,graduate,0
221206,2.66,135.0,240.0,0,0,اجتاز,2.37,2.26,13,12,1,35.0,81.0,2.323,3.7,0.0,2.43,,6,6,0,18.0,43.8,2.433,3.0,2.0,2.73,2.8,12,12,0,36.0,99.5,2.767,3.2,2.0,2.88,2.6,10,10,0,29.0,80.2,2.78,4.0,2.0,41,40,1,118.0,304.5,2.58,4.0,0.0,7,2.581,4,1,graduate,0
221209,2.5,135.0,240.0,2,2,اجتاز,1.81,2.16,11,10,1,32.0,63.1,1.973,3.7,0.0,2.24,,5,5,0,15.0,33.6,2.24,2.4,2.0,2.53,2.37,12,12,0,35.0,85.9,2.475,3.4,1.5,3.16,2.68,12,12,0,33.0,100.3,3.058,4.0,2.4,40,39,1,115.0,282.9,2.483,4.0,0.0,7,2.421,4,1,graduate,1
221210,2.11,135.0,240.0,3,0,اجتاز,1.85,1.16,11,10,1,32.0,48.9,1.527,3.2,0.0,1.94,,5,5,0,15.0,29.1,1.94,2.6,1.0,,,0,0,0,0.0,0.0,,,,2.02,2.23,12,12,0,32.0,74.6,2.35,4.0,1.5,28,27,1,79.0,152.6,1.954,4.0,0.0,5,1.84,3,0,graduate,1
221213,2.87,135.0,130.0,1,1,اجتاز,1.65,2.94,11,10,1,32.0,72.2,2.218,3.7,0.0,2.58,,7,7,0,18.0,46.4,2.629,3.4,2.0,3.37,2.7,12,12,0,36.0,109.2,3.033,4.0,2.2,3.22,3.14,11,11,0,31.0,98.7,3.2,4.0,2.2,41,40,1,117.0,326.5,2.79,4.0,0.0,7,2.8,4,1,graduate,1
221214,2.4,135.0,240.0,0,0,اجتاز,2.08,2.39,13,13,0,35.0,78.5,2.246,4.0,1.0,2.02,,6,6,0,18.0,36.3,2.017,2.6,1.0,2.4,2.32,12,12,0,35.0,82.7,2.358,3.2,1.0,2.87,2.68,12,12,0,35.0,97.2,2.783,3.7,1.0,43,43,0,123.0,294.7,2.395,4.0,1.0,7,2.394,4,1,graduate,0
221221,2.3,135.0,240.0,0,0,اجتاز,,,0,0,0,0.0,0.0,,,,2.15,,6,6,0,18.0,38.7,2.15,3.0,1.5,2.46,2.12,12,12,0,36.0,82.4,2.3,3.4,1.5,2.92,2.67,11,11,0,31.0,87.2,2.8,4.0,2.0,29,29,0,85.0,208.3,2.459,4.0,1.5,5,2.464,3,0,graduate,0
221223,3.11,135.0,160.0,0,0,اجتاز,2.86,3.16,13,13,0,35.0,105.5,2.992,4.0,1.5,2.66,,7,7,0,21.0,55.8,2.657,3.0,2.2,3.21,3.31,13,13,0,39.0,127.4,3.269,4.0,2.6,3.4,3.33,8,8,0,23.0,77.7,3.362,4.0,2.8,41,41,0,118.0,366.4,3.095,4.0,1.5,7,3.133,4,1,graduate,0
221225,2.59,135.0,130.0,0,0,اجتاز,2.04,2.79,13,13,0,35.0,84.8,2.462,3.4,1.0,2.47,,6,6,0,18.0,44.4,2.467,3.2,2.0,2.43,2.57,12,12,0,36.0,90.0,2.5,3.7,1.0,2.12,2.85,11,10,1,32.0,81.0,2.527,4.0,0.0,42,41,1,121.0,300.2,2.49,4.0,0.0,7,2.467,4,1,graduate,0
221227,2.53,135.0,240.0,1,1,اجتاز,,,0,0,0,0.0,0.0,,,,1.5,,6,5,1,18.0,27.0,1.5,2.0,0.0,2.93,1.98,12,11,1,35.0,86.5,2.475,3.4,0.0,2.37,2.75,12,12,0,31.0,89.9,2.908,4.0,2.2,30,28,2,84.0,203.4,2.453,4.0,0.0,5,2.306,3,0,graduate,1
221228,3.08,135.0,130.0,0,0,اجتاز,2.4,2.44,13,12,1,35.0,84.7,2.354,3.7,0.0,2.44,,6,6,0,16.0,39.0,2.433,2.6,2.2,3.13,3.35,12,12,0,36.0,116.6,3.242,4.0,2.0,3.8,3.5,11,11,0,33.0,120.9,3.664,4.0,3.2,42,41,1,120.0,361.2,2.962,4.0,0.0,7,3.009,4,1,graduate,0
221238,2.3,135.0,240.0,2,2,اجتاز,2.12,2.07,13,13,0,35.0,73.4,2.123,3.7,1.0,1.17,,6,5,1,18.0,21.0,1.167,2.0,0.0,2.22,2.21,11,11,0,33.0,73.1,2.218,3.0,1.5,2.89,2.74,13,13,0,38.0,106.8,2.815,4.0,2.0,43,42,1,124.0,274.3,2.223,4.0,0.0,7,2.203,4,1,graduate,1
221239,3.13,135.0,240.0,2,2,اجتاز,0.62,2.37,11,7,4,29.0,38.9,1.464,4.0,0.0,2.52,,5,5,0,15.0,37.8,2.52,2.6,2.4,,,0,0,0,0.0,0.0,,,,3.76,3.52,13,13,0,36.0,130.8,3.6,4.0,3.0,29,25,4,80.0,207.5,2.603,4.0,0.0,5,2.558,3,0,graduate,1
221254,2.53,135.0,200.0,2,2,,1.62,2.14,11,10,1,32.0,59.6,1.873,3.7,0.0,2.03,,6,6,0,18.0,36.6,2.033,2.4,1.0,2.44,2.51,12,12,0,36.0,89.1,2.483,3.7,1.0,3.35,3.12,12,12,0,32.0,104.2,3.258,4.0,2.6,41,40,1,118.0,289.5,2.48,4.0,0.0,7,2.459,4,1,graduate,1
221256,3.45,135.0,200.0,0,0,اجتاز,3.05,2.72,14,13,1,38.0,108.9,2.886,4.0,0.0,3.28,,6,6,0,17.0,55.8,3.267,3.7,3.0,3.68,3.7,12,12,0,36.0,132.9,3.692,4.0,3.0,3.88,3.42,9,9,0,27.0,99.3,3.678,4.0,3.2,41,40,1,118.0,396.9,3.351,4.0,0.0,7,3.39,4,1,graduate,0
221288,2.69,135.0,190.0,0,0,اجتاز,2.05,2.51,13,13,0,35.0,80.0,2.3,4.0,1.5,2.33,,6,6,0,18.0,42.0,2.333,2.6,2.2,2.86,2.89,12,12,0,36.0,103.5,2.883,3.4,2.4,3.32,2.77,10,10,0,29.0,89.9,3.09,4.0,2.4,41,41,0,118.0,315.4,2.668,4.0,1.5,7,2.676,4,1,graduate,0
221290,2.89,135.0,240.0,0,0,,2.42,2.74,13,13,0,35.0,90.5,2.569,3.7,1.0,2.5,,6,6,0,18.0,45.0,2.5,2.8,2.0,2.92,3.12,12,12,0,36.0,108.6,3.017,3.7,1.5,3.3,3.17,10,10,0,29.0,94.3,3.25,4.0,2.4,41,41,0,118.0,338.4,2.856,4.0,1.0,7,2.881,4,1,graduate,0
221292,3.08,135.0,100.0,0,0,,2.34,3.14,13,13,0,35.0,96.3,2.762,4.0,1.5,2.76,,6,6,0,17.0,47.0,2.8,3.4,1.0,3.37,2.98,12,12,0,36.0,114.3,3.175,4.0,2.4,3.44,3.44,11,11,0,32.0,110.2,3.436,4.0,2.8,42,42,0,120.0,367.8,3.062,4.0,1.0,7,3.067,4,1,graduate,0
221294,3.23,135.0,240.0,0,0,اجتاز,2.71,3.1,13,13,0,35.0,101.8,2.908,4.0,2.0,2.97,,6,6,0,18.0,53.4,2.967,3.2,2.8,3.23,3.41,14,14,0,41.0,136.0,3.314,4.0,2.4,3.77,3.4,9,9,0,26.0,94.7,3.633,4.0,3.0,42,42,0,120.0,385.9,3.207,4.0,2.0,7,3.227,4,1,graduate,0
221301,3.0,135.0,240.0,0,0,اجتاز,2.78,2.81,13,13,0,35.0,97.8,2.762,4.0,1.0,2.7,,6,6,0,18.0,48.6,2.7,3.2,2.2,3.25,3.26,11,11,0,33.0,107.4,3.255,3.7,2.8,3.46,2.96,11,11,0,32.0,103.3,3.227,4.0,2.2,41,41,0,118.0,357.1,3.01,4.0,1.0,7,3.031,4,1,graduate,0
221305,2.22,132.0,100.0,1,0,اجتاز,1.99,2.31,13,13,0,35.0,75.3,2.146,3.4,1.0,2.53,,6,6,0,18.0,45.6,2.533,3.0,2.0,2.62,1.09,12,10,2,36.0,66.9,1.867,3.0,0.0,1.5,1.61,11,6,0,31.5,58.1,2.867,4.0,1.5,42,35,2,120.5,245.9,2.235,4.0,0.0,7,1.95,4,1,level4_non_graduate,1
221312,3.06,135.0,240.0,0,0,,2.89,3.0,13,13,0,35.0,103.2,2.962,3.7,2.0,2.81,,6,6,0,17.0,47.8,2.833,3.2,2.4,3.1,2.78,13,13,0,39.0,114.1,2.931,3.7,1.0,3.44,3.35,10,10,0,29.0,98.8,3.4,4.0,3.0,42,42,0,120.0,363.9,3.038,4.0,1.0,7,3.053,4,1,graduate,0
221328,2.35,135.0,240.0,0,0,اجتاز,2.28,2.58,13,13,0,35.0,85.3,2.454,3.7,1.0,2.25,,6,6,0,18.0,40.5,2.25,2.8,1.5,2.26,1.79,12,11,1,36.0,72.9,2.033,3.0,0.0,2.4,2.63,12,12,0,34.0,85.7,2.542,3.4,1.5,43,42,1,123.0,284.4,2.333,3.7,0.0,7,2.313,4,1,graduate,0
221335,2.94,135.0,240.0,0,0,اجتاز,2.75,2.94,13,13,0,35.0,99.6,2.831,4.0,2.0,2.77,,6,6,0,18.0,49.8,2.767,3.0,2.6,2.96,2.79,12,12,0,36.0,103.5,2.883,3.4,2.2,3.39,3.1,11,11,0,31.0,101.2,3.255,4.0,2.6,42,42,0,120.0,354.1,2.948,4.0,2.0,7,2.957,4,1,graduate,0
221338,2.73,135.0,240.0,0,0,اجتاز,2.21,2.94,13,12,1,35.0,90.5,2.554,3.7,0.0,1.93,,6,6,0,18.0,34.8,1.933,2.4,1.5,3.05,2.58,12,12,0,36.0,101.3,2.817,3.7,1.5,3.16,3.2,11,9,0,33.0,98.6,2.911,4.0,2.0,42,39,1,122.0,325.2,2.62,4.0,0.0,7,2.724,4,1,graduate,0
221344,2.46,135.0,100.0,0,0,اجتاز,2.41,2.23,13,12,1,35.0,81.1,2.285,3.4,0.0,1.67,,6,6,0,18.0,30.0,1.667,2.0,1.0,2.58,2.54,12,12,0,35.0,89.7,2.592,3.4,1.5,2.55,2.91,12,12,0,34.0,93.1,2.742,3.7,1.5,43,42,1,122.0,293.9,2.412,3.7,0.0,7,2.413,4,1,graduate,0
221349,3.06,135.0,240.0,0,0,اجتاز,2.15,2.73,13,13,0,35.0,85.8,2.454,3.4,1.0,2.65,,6,6,0,17.0,45.1,2.683,3.2,1.5,3.43,3.53,12,12,0,36.0,125.3,3.483,4.0,2.6,3.46,3.05,10,10,0,29.0,95.5,3.29,3.7,2.6,41,41,0,117.0,351.7,2.993,4.0,1.0,7,3.0,4,1,graduate,0
221358,3.08,135.0,130.0,0,0,,2.6,2.87,13,13,0,35.0,95.8,2.738,4.0,2.2,3.15,,6,6,0,18.0,56.7,3.15,3.7,2.6,2.97,3.35,12,12,0,36.0,113.7,3.158,3.7,2.2,3.53,3.15,10,10,0,29.0,97.9,3.35,4.0,2.6,41,41,0,118.0,364.1,3.071,4.0,2.2,7,3.089,4,1,graduate,0
221367,2.75,135.0,240.0,1,1,,1.76,2.42,11,11,0,32.0,66.2,2.073,3.4,1.0,2.44,,6,6,0,17.0,41.4,2.433,2.8,2.0,2.77,3.09,12,12,0,36.0,105.5,2.933,3.4,2.0,3.43,3.16,12,12,0,33.0,108.7,3.283,4.0,2.6,41,41,0,118.0,321.8,2.732,4.0,1.0,7,2.724,4,1,graduate,1
221370,2.53,135.0,240.0,0,0,اجتاز,2.31,2.48,13,13,0,35.0,83.9,2.415,3.4,1.0,1.42,,6,5,1,18.0,25.5,1.417,2.0,0.0,2.52,2.59,12,12,0,36.0,92.0,2.558,3.2,1.5,3.27,2.68,12,12,0,34.0,101.3,2.983,4.0,2.2,43,42,1,123.0,302.7,2.474,4.0,0.0,7,2.467,4,1,graduate,0
221373,2.98,135.0,230.0,0,0,اجتاز,2.55,3.07,13,13,0,35.0,98.6,2.862,4.0,1.0,3.15,,6,6,0,18.0,56.7,3.15,3.7,2.4,3.2,2.72,13,13,0,39.0,114.7,2.946,4.0,1.0,2.98,3.09,10,10,0,28.0,84.8,3.02,4.0,2.4,42,42,0,120.0,354.8,2.967,4.0,1.0,7,2.966,4,1,graduate,0
221374,3.24,135.0,240.0,0,0,اجتاز,2.76,3.02,13,13,0,35.0,101.2,2.877,3.7,2.2,2.9,,6,6,0,18.0,52.2,2.9,3.4,2.2,3.45,3.54,13,13,0,39.0,136.5,3.5,4.0,2.8,3.51,3.34,10,10,0,28.0,96.6,3.42,4.0,2.8,42,42,0,120.0,386.5,3.202,4.0,2.2,7,3.217,4,1,graduate,0
221403,2.28,135.0,240.0,0,0,اجتاز,2.48,2.69,13,13,0,35.0,90.6,2.585,3.2,2.0,2.22,,6,6,0,18.0,39.9,2.217,2.8,1.5,2.18,1.38,12,11,1,36.0,64.1,1.783,3.0,0.0,2.51,2.36,11,11,0,32.0,78.1,2.464,3.7,1.0,42,41,1,121.0,272.7,2.271,3.7,0.0,7,2.26,4,1,graduate,0
221415,3.15,135.0,240.0,0,0,,2.68,2.69,13,13,0,35.0,94.0,2.685,4.0,1.5,2.67,,6,6,0,18.0,48.0,2.667,2.8,2.4,3.35,3.58,12,12,0,36.0,124.8,3.467,4.0,2.8,3.74,3.45,10,10,0,29.0,105.1,3.61,4.0,3.0,41,41,0,118.0,371.9,3.137,4.0,1.5,7,3.166,4,1,graduate,0
221416,3.11,135.0,240.0,0,0,,2.78,2.76,13,13,0,35.0,97.0,2.723,4.0,1.0,2.74,,6,6,0,17.0,46.6,2.767,3.2,2.4,3.1,3.24,12,12,0,36.0,114.2,3.175,4.0,2.0,3.6,3.52,11,11,0,32.0,114.1,3.555,4.0,3.0,42,42,0,120.0,371.9,3.076,4.0,1.0,7,3.106,4,1,graduate,0
221433,2.82,133.0,70.0,3,0,اجتاز,1.27,1.4,11,7,4,32.0,42.6,1.291,3.0,0.0,2.32,,6,5,1,15.0,34.8,2.267,3.2,0.0,,,0,0,0,0.0,0.0,,,,3.46,2.83,13,10,1,37.0,116.2,3.036,4.0,0.0,30,22,6,84.0,193.6,2.186,4.0,0.0,5,2.256,3,0,level4_non_graduate,1
221438,2.46,135.0,240.0,1,1,اجتاز,2.15,2.4,13,13,0,35.0,79.7,2.246,3.2,1.0,1.45,,6,6,0,18.0,26.1,1.45,2.2,1.0,2.52,2.65,12,12,0,36.0,93.1,2.592,3.2,1.5,2.99,2.82,10,10,0,29.0,84.8,2.92,3.7,2.2,41,41,0,118.0,283.7,2.395,3.7,1.0,7,2.426,4,1,graduate,1
221443,3.04,135.0,240.0,0,0,,3.02,3.04,14,14,0,38.0,115.2,3.021,4.0,2.0,2.62,,5,5,0,13.0,34.0,2.6,3.0,2.0,2.9,2.98,13,13,0,39.0,114.6,2.946,3.7,2.6,3.45,3.13,7,7,0,21.0,69.6,3.314,4.0,2.4,39,39,0,111.0,333.4,2.995,4.0,2.0,7,3.02,4,1,graduate,0
221458,3.02,135.0,240.0,0,0,اجتاز,2.68,2.98,13,13,0,35.0,99.1,2.823,4.0,1.5,2.9,,6,6,0,18.0,52.2,2.9,3.4,2.4,3.1,3.03,12,12,0,36.0,110.3,3.067,3.4,2.4,3.44,3.1,10,10,0,29.0,95.7,3.29,4.0,2.6,41,41,0,118.0,357.3,3.02,4.0,1.5,7,3.033,4,1,graduate,0
221461,2.89,135.0,170.0,0,0,اجتاز,2.34,2.52,13,13,0,35.0,85.1,2.446,3.7,1.0,2.32,,6,6,0,18.0,41.7,2.317,3.2,1.5,3.28,3.15,12,12,0,36.0,115.8,3.217,3.7,2.8,3.34,3.13,11,11,0,31.0,100.7,3.245,3.7,2.8,42,42,0,120.0,343.3,2.857,3.7,1.0,7,2.869,4,1,graduate,0
221462,2.81,135.0,240.0,0,0,,2.71,2.94,13,13,0,35.0,98.9,2.808,4.0,2.0,2.59,,6,6,0,17.0,44.0,2.6,3.2,2.2,2.97,2.48,12,12,0,36.0,98.1,2.725,3.4,1.5,2.94,3.06,9,9,0,26.0,77.6,2.978,4.0,2.4,40,40,0,114.0,318.6,2.79,4.0,1.5,7,2.813,4,1,graduate,0
221463,2.17,135.0,240.0,3,3,,1.31,2.48,11,8,3,32.0,59.4,1.8,4.0,0.0,1.93,,6,6,0,18.0,34.8,1.933,2.4,1.5,1.72,1.51,12,10,2,34.0,55.1,1.683,2.6,0.0,2.26,2.41,13,13,0,37.0,87.0,2.369,3.7,1.0,42,37,5,121.0,236.3,1.962,4.0,0.0,7,1.946,4,1,graduate,1
221465,2.93,135.0,240.0,0,0,,2.27,1.88,13,11,2,35.0,72.4,2.085,3.7,0.0,2.3,,6,6,0,17.0,39.1,2.317,2.8,1.5,3.24,3.27,12,12,0,36.0,117.2,3.258,4.0,2.6,3.56,3.35,9,9,0,26.0,90.1,3.456,4.0,2.8,40,38,2,114.0,318.8,2.78,4.0,0.0,7,2.839,4,1,graduate,0
221468,2.59,135.0,160.0,3,3,اجتاز,1.87,2.0,11,11,0,32.0,61.8,1.918,3.7,1.0,1.35,,6,6,0,17.0,23.0,1.333,2.0,1.0,2.96,2.4,12,12,0,36.0,96.5,2.683,3.2,2.0,3.25,3.01,12,12,0,35.0,109.7,3.142,4.0,2.2,41,41,0,120.0,291.0,2.415,4.0,1.0,7,2.406,4,1,graduate,1
221480,2.82,135.0,240.0,0,0,,2.07,2.92,13,13,0,35.0,87.8,2.523,4.0,1.0,2.67,,6,6,0,18.0,48.0,2.667,3.0,2.0,3.12,2.61,12,12,0,36.0,103.1,2.867,3.7,1.5,3.26,2.97,9,9,0,26.0,81.4,3.133,3.7,2.4,40,40,0,115.0,320.3,2.785,4.0,1.0,7,2.803,4,1,graduate,0
221508,2.63,135.0,240.0,3,3,,1.77,1.74,11,10,1,32.0,56.2,1.764,3.7,0.0,1.78,,6,5,1,17.0,30.3,1.683,2.4,0.0,2.98,2.49,12,12,0,36.0,98.5,2.742,3.7,2.0,3.16,2.73,12,12,0,34.0,99.8,2.95,4.0,2.0,41,39,2,119.0,284.8,2.385,4.0,0.0,7,2.379,4,1,graduate,1
221512,2.26,135.0,240.0,1,1,اجتاز,2.25,2.08,13,12,1,35.0,75.7,2.146,3.2,0.0,1.4,,6,5,1,18.0,25.2,1.4,2.4,0.0,2.23,2.02,12,11,1,36.0,76.5,2.133,3.4,0.0,2.35,2.54,12,12,0,34.0,83.2,2.467,3.7,1.0,43,40,3,123.0,260.6,2.128,3.7,0.0,7,2.124,4,1,graduate,1
221520,2.64,135.0,240.0,0,0,,2.16,2.19,13,12,1,35.0,76.3,2.138,4.0,0.0,2.28,,6,6,0,18.0,41.1,2.283,2.6,1.5,2.73,2.51,12,12,0,36.0,94.3,2.625,3.4,1.5,3.29,2.94,11,11,0,31.0,97.2,3.109,4.0,2.2,42,41,1,120.0,308.9,2.552,4.0,0.0,7,2.586,4,1,graduate,0
221524,2.02,130.0,110.0,3,0,اجتاز,1.52,1.44,11,10,1,32.0,47.4,1.482,3.4,0.0,1.86,,6,6,0,15.0,27.9,1.917,2.4,1.0,,,0,0,0,0.0,0.0,,,,2.6,2.1,9,7,0,22.0,59.0,2.629,3.0,2.0,26,23,1,69.0,134.3,1.925,3.4,0.0,5,1.904,3,0,level4_non_graduate,1
221528,3.32,135.0,240.0,0,0,اجتاز,3.03,3.41,13,13,0,35.0,112.8,3.231,4.0,2.2,3.0,,7,7,0,21.0,63.0,3.0,3.2,2.6,3.68,3.3,12,12,0,36.0,125.7,3.492,4.0,2.8,3.41,3.04,11,11,0,31.0,100.6,3.218,3.7,2.4,43,43,0,123.0,402.1,3.263,4.0,2.2,7,3.267,4,1,graduate,0
221544,2.44,135.0,140.0,0,0,اجتاز,2.54,2.33,13,13,0,35.0,85.1,2.431,3.7,1.5,1.75,,6,5,1,18.0,31.5,1.75,2.8,0.0,2.53,1.86,12,11,1,36.0,79.1,2.2,3.2,0.0,2.74,2.76,11,11,0,32.0,88.0,2.745,4.0,2.0,42,40,2,121.0,283.7,2.35,4.0,0.0,7,2.359,4,1,graduate,0
221548,2.95,103.0,100.0,0,0,لم يجتاز,,,0,0,0,0.0,0.0,,,,2.53,,6,6,0,18.0,45.6,2.533,3.0,2.2,3.35,3.2,12,12,0,36.0,117.9,3.275,4.0,2.0,3.18,2.88,11,7,0,32.0,94.7,2.786,3.7,2.0,29,25,0,86.0,258.2,2.96,4.0,2.0,5,3.028,3,0,level4_non_graduate,0
221564,2.54,135.0,130.0,0,0,اجتاز,2.16,2.76,13,13,0,35.0,86.3,2.485,4.0,1.0,2.22,,6,6,0,18.0,39.9,2.217,2.6,1.5,2.56,2.66,12,12,0,36.0,93.9,2.617,2.8,2.0,2.5,2.7,11,11,0,31.0,80.3,2.591,4.0,2.0,42,42,0,120.0,300.4,2.512,4.0,1.0,7,2.509,4,1,graduate,0
221571,2.32,135.0,240.0,2,2,اجتاز,1.46,2.4,11,10,1,32.0,60.8,1.873,4.0,0.0,2.02,,5,5,0,15.0,30.3,2.02,2.8,1.0,2.28,2.42,12,12,0,36.0,84.6,2.358,3.2,1.5,2.95,2.62,13,13,0,35.0,97.8,2.785,4.0,2.2,41,40,1,118.0,273.5,2.322,4.0,0.0,7,2.307,4,1,graduate,1
221572,2.78,135.0,240.0,0,0,اجتاز,2.16,2.59,13,13,0,35.0,83.4,2.369,3.7,1.0,2.47,,6,6,0,18.0,44.4,2.467,3.2,1.0,3.1,2.99,12,12,0,36.0,109.7,3.05,4.0,2.2,3.14,3.02,10,7,0,29.0,89.7,2.986,3.7,2.4,41,38,0,118.0,327.2,2.713,4.0,1.0,7,2.781,4,1,graduate,0
221575,3.02,135.0,240.0,0,0,اجتاز,2.32,2.96,13,13,0,35.0,92.6,2.662,3.7,1.0,2.4,,6,6,0,18.0,43.2,2.4,3.0,2.0,3.43,3.32,12,12,0,36.0,121.4,3.375,4.0,2.6,3.44,3.2,10,10,0,29.0,97.0,3.34,3.7,2.6,41,41,0,118.0,354.2,2.998,4.0,1.0,7,3.01,4,1,graduate,0
221581,2.7,135.0,170.0,0,0,اجتاز,2.38,2.31,13,13,0,35.0,82.0,2.277,3.7,1.0,2.0,,6,6,0,18.0,36.0,2.0,3.0,1.0,3.04,2.96,12,12,0,36.0,108.0,3.008,3.7,2.6,3.2,2.9,10,10,0,29.0,89.2,3.08,4.0,2.2,41,41,0,118.0,315.2,2.646,4.0,1.0,7,2.684,4,1,graduate,0
221589,3.15,135.0,240.0,0,0,,2.49,3.24,13,13,0,35.0,100.8,2.885,4.0,1.5,2.87,,6,6,0,18.0,51.6,2.867,3.4,2.4,3.33,3.21,14,14,0,42.0,137.4,3.271,3.7,2.8,3.22,3.55,9,9,0,25.0,84.3,3.344,4.0,2.8,42,42,0,120.0,374.1,3.11,4.0,1.5,7,3.13,4,1,graduate,0
221598,2.93,135.0,100.0,0,0,اجتاز,2.84,3.14,13,13,0,35.0,104.8,3.008,3.7,1.0,2.33,,6,6,0,17.0,39.6,2.367,3.2,1.0,2.96,2.61,11,11,0,33.0,92.4,2.809,3.7,1.5,3.24,3.05,10,10,0,29.0,91.7,3.17,4.0,2.4,40,40,0,114.0,328.5,2.897,4.0,1.0,7,2.881,4,1,graduate,0
221602,3.35,135.0,240.0,0,0,,2.7,3.16,13,13,0,35.0,102.8,2.931,4.0,2.0,3.02,,6,6,0,18.0,54.3,3.017,3.7,2.6,3.5,3.53,14,14,0,42.0,147.5,3.514,4.0,2.6,3.95,3.7,8,8,0,23.0,88.7,3.85,4.0,3.4,41,41,0,118.0,393.3,3.322,4.0,2.0,7,3.366,4,1,graduate,0
221603,2.69,135.0,170.0,0,0,,2.52,2.84,13,13,0,35.0,94.1,2.677,4.0,1.0,2.57,,6,6,0,18.0,46.2,2.567,3.2,2.2,2.64,1.93,12,11,1,36.0,82.4,2.3,3.4,0.0,3.28,2.7,11,11,0,31.0,93.6,2.973,4.0,1.5,42,41,1,120.0,316.3,2.631,4.0,0.0,7,2.64,4,1,graduate,0
221609,2.52,135.0,240.0,0,0,اجتاز,2.69,2.31,13,13,0,35.0,87.3,2.531,3.7,1.0,2.52,,6,6,0,17.0,42.8,2.533,3.0,2.2,2.56,1.9,12,12,0,36.0,80.2,2.233,3.0,1.0,2.77,2.76,11,11,0,32.0,88.6,2.782,4.0,2.0,42,42,0,120.0,298.9,2.512,4.0,1.0,7,2.501,4,1,graduate,0
221612,3.39,135.0,240.0,0,0,اجتاز,2.89,3.3,13,13,0,35.0,108.5,3.131,4.0,1.5,3.24,,7,7,0,20.0,64.7,3.214,3.7,2.6,3.7,3.44,14,14,0,42.0,150.0,3.571,4.0,3.2,3.65,3.56,8,8,0,23.0,83.3,3.612,4.0,3.0,42,42,0,120.0,406.5,3.383,4.0,1.5,7,3.397,4,1,graduate,0
221614,2.55,135.0,240.0,0,0,,2.09,2.63,13,13,0,35.0,83.0,2.4,3.4,1.0,2.18,,6,6,0,18.0,39.3,2.183,2.6,1.5,2.83,2.04,12,12,0,36.0,87.8,2.442,3.2,1.5,3.13,2.87,10,10,0,29.0,87.8,3.02,3.7,2.4,41,41,0,118.0,297.9,2.532,3.7,1.0,7,2.539,4,1,graduate,0
221616,2.88,135.0,240.0,0,0,اجتاز,2.76,2.74,13,13,0,35.0,96.4,2.754,4.0,2.0,2.5,,6,6,0,18.0,45.0,2.5,3.2,2.0,3.03,2.97,12,12,0,36.0,108.0,3.0,3.4,2.4,3.23,2.92,11,11,0,31.0,95.9,3.082,4.0,2.6,42,42,0,120.0,345.3,2.874,4.0,2.0,7,2.879,4,1,graduate,0
221617,2.42,135.0,100.0,0,0,اجتاز,2.14,2.76,13,13,0,35.0,86.1,2.454,3.7,1.0,1.66,,6,5,1,17.0,28.2,1.567,2.4,0.0,2.33,1.73,12,11,1,36.0,73.0,2.033,3.0,0.0,2.87,2.48,11,11,0,32.0,86.0,2.691,3.4,2.0,42,40,2,120.0,273.3,2.269,3.7,0.0,7,2.281,4,1,graduate,0
221635,2.62,135.0,170.0,0,0,اجتاز,2.14,2.75,13,13,0,35.0,85.9,2.469,3.7,1.0,2.13,,6,6,0,18.0,38.4,2.133,2.4,2.0,2.89,2.39,12,12,0,36.0,95.1,2.65,3.2,2.0,3.02,3.03,10,10,0,28.0,84.8,3.0,4.0,2.4,41,41,0,117.0,304.2,2.602,4.0,1.0,7,2.621,4,1,graduate,0
221682,2.75,135.0,240.0,0,0,اجتاز,2.51,2.17,13,12,1,35.0,81.6,2.308,3.7,0.0,2.6,,6,6,0,18.0,46.8,2.6,3.0,2.0,3.08,2.66,12,12,0,36.0,103.3,2.875,3.7,2.4,3.18,2.87,12,12,0,33.0,99.8,3.017,4.0,2.4,43,42,1,122.0,331.5,2.705,4.0,0.0,7,2.724,4,1,graduate,0
221686,2.36,135.0,240.0,0,0,اجتاز,2.38,2.0,13,12,1,35.0,76.4,2.138,2.8,0.0,2.45,,6,6,0,17.0,41.7,2.45,3.2,1.5,2.41,2.19,12,12,0,36.0,82.9,2.308,3.4,1.5,3.14,2.66,11,8,0,32.0,93.3,2.763,4.0,1.5,42,38,1,120.0,294.3,2.367,4.0,0.0,7,2.461,4,1,graduate,0
221702,2.92,135.0,240.0,0,0,,2.08,2.41,13,13,0,35.0,78.8,2.238,4.0,1.0,2.08,,6,6,0,17.0,35.3,2.117,2.8,1.0,3.37,3.3,12,12,0,36.0,120.0,3.333,3.7,2.8,3.76,3.22,9,9,0,27.0,95.1,3.522,4.0,2.8,40,40,0,115.0,329.2,2.837,4.0,1.0,7,2.889,4,1,graduate,0
221706,2.75,135.0,170.0,0,0,,2.29,1.9,13,11,2,35.0,73.1,2.046,4.0,0.0,1.9,,6,6,0,17.0,32.3,1.95,2.8,1.0,2.98,3.2,12,12,0,36.0,111.3,3.092,3.7,2.2,3.54,3.35,10,10,0,29.0,100.4,3.44,4.0,2.8,41,39,2,117.0,317.1,2.678,4.0,0.0,7,2.737,4,1,graduate,0
221710,2.52,135.0,60.0,2,2,اجتاز,1.89,1.54,11,9,2,32.0,55.3,1.736,2.8,0.0,2.54,,5,5,0,15.0,38.1,2.54,3.0,1.5,2.79,2.65,12,12,0,35.0,95.2,2.717,3.4,2.0,2.72,2.88,13,13,0,35.0,101.0,2.831,3.7,2.0,41,39,2,117.0,289.6,2.468,3.7,0.0,7,2.43,4,1,graduate,1
221730,2.54,135.0,240.0,0,0,اجتاز,2.14,2.19,13,12,1,35.0,75.7,2.108,4.0,0.0,2.38,,6,6,0,18.0,42.9,2.383,3.0,1.5,2.42,2.26,12,12,0,36.0,84.2,2.35,3.0,1.5,3.15,2.9,11,11,0,31.0,94.0,3.0,4.0,2.4,42,41,1,120.0,296.8,2.45,4.0,0.0,7,2.491,4,1,graduate,0
221737,2.64,104.0,70.0,1,0,ليس لديها تربية عسكرية,1.96,2.51,13,12,1,35.0,78.6,2.246,4.0,0.0,2.33,,6,6,0,18.0,42.0,2.333,2.6,2.0,2.86,2.78,12,12,0,36.0,101.5,2.825,3.7,2.2,2.72,2.92,11,11,0,31.0,87.3,2.791,4.0,2.0,42,41,1,120.0,309.4,2.567,4.0,0.0,7,2.583,4,1,level4_non_graduate,1
221748,2.86,135.0,240.0,0,0,,2.75,3.09,13,13,0,35.0,102.4,2.908,4.0,2.0,2.15,,6,6,0,18.0,38.7,2.15,3.0,1.0,3.25,2.97,12,12,0,36.0,111.9,3.117,3.7,2.6,3.36,3.05,10,10,0,29.0,93.8,3.22,4.0,2.4,41,41,0,118.0,346.8,2.934,4.0,1.0,7,2.946,4,1,graduate,0
221751,2.92,135.0,170.0,0,0,اجتاز,2.53,2.64,13,13,0,35.0,90.5,2.562,3.7,1.5,2.41,,6,6,0,17.0,40.9,2.383,3.0,1.5,3.08,2.92,12,12,0,36.0,108.0,3.008,3.7,2.4,3.24,3.01,10,10,0,29.0,90.8,3.12,4.0,2.6,41,41,0,117.0,330.2,2.802,4.0,1.5,7,2.833,4,1,graduate,0
221761,2.61,135.0,190.0,0,0,,2.25,2.36,13,13,0,35.0,80.7,2.292,3.4,1.0,2.2,,6,6,0,18.0,39.6,2.2,2.6,1.5,2.73,2.58,12,12,0,36.0,95.6,2.667,3.4,1.0,3.11,3.1,10,10,0,29.0,90.2,3.1,4.0,2.4,41,41,0,118.0,306.1,2.585,4.0,1.0,7,2.619,4,1,graduate,0
221763,2.55,135.0,240.0,2,2,اجتاز,1.91,1.92,11,8,3,32.0,61.2,1.855,4.0,0.0,2.47,,6,6,0,17.0,42.0,2.5,3.0,2.0,2.44,1.78,12,11,1,35.0,74.3,2.183,3.7,0.0,3.11,2.7,12,12,0,34.0,98.5,2.908,3.7,1.0,41,37,4,118.0,276.0,2.354,4.0,0.0,7,2.333,4,1,graduate,1
221774,2.5,135.0,240.0,0,0,اجتاز,2.43,2.59,13,13,0,35.0,88.0,2.508,3.7,1.5,2.03,,6,6,0,18.0,36.6,2.033,2.6,1.0,2.53,2.32,12,12,0,36.0,87.3,2.442,3.4,1.0,2.97,2.8,10,10,0,29.0,84.2,2.9,3.4,2.6,41,41,0,118.0,296.1,2.515,3.7,1.0,7,2.524,4,1,graduate,0
221775,3.14,135.0,240.0,0,0,,2.35,3.03,13,13,0,35.0,94.6,2.738,4.0,1.0,2.57,,6,6,0,18.0,46.2,2.567,3.0,2.0,3.53,3.38,12,12,0,36.0,124.5,3.458,4.0,3.0,3.82,3.3,10,10,0,29.0,104.6,3.6,4.0,3.2,41,41,0,118.0,369.9,3.134,4.0,1.0,7,3.14,4,1,graduate,0
221798,2.42,135.0,100.0,1,1,اجتاز,2.04,2.09,13,12,1,35.0,72.3,2.054,3.4,0.0,1.45,,6,5,1,18.0,26.1,1.45,2.2,0.0,2.19,2.83,12,12,0,36.0,90.5,2.517,3.2,1.0,3.02,2.7,11,11,0,32.0,91.9,2.864,4.0,2.0,42,40,2,121.0,280.8,2.312,4.0,0.0,7,2.331,4,1,graduate,1
221802,2.56,135.0,170.0,3,0,,1.38,1.86,11,10,1,32.0,51.3,1.6,3.4,0.0,2.08,,5,5,0,15.0,31.2,2.08,2.2,2.0,2.82,2.48,12,12,0,36.0,95.4,2.658,3.2,1.5,3.12,2.81,12,12,0,34.0,101.0,2.95,3.7,2.2,40,39,1,117.0,278.9,2.383,3.7,0.0,7,2.364,4,1,graduate,1
221803,2.68,135.0,240.0,1,0,اجتاز,1.84,2.22,11,10,1,32.0,64.6,2.018,3.2,0.0,2.04,,6,6,0,17.0,34.7,2.083,2.8,1.0,2.72,2.93,12,12,0,36.0,101.7,2.833,3.2,2.2,3.38,3.05,12,12,0,33.0,106.1,3.192,4.0,2.4,41,40,1,118.0,307.1,2.61,4.0,0.0,7,2.597,4,1,graduate,1
221815,2.36,135.0,140.0,1,0,اجتاز,2.04,2.02,13,12,1,35.0,71.0,2.0,2.8,0.0,1.68,,6,6,0,18.0,30.3,1.683,2.4,1.0,2.55,2.08,11,11,0,33.0,77.1,2.336,3.4,1.5,2.98,2.78,11,11,0,32.0,92.5,2.882,4.0,2.2,41,40,1,118.0,270.9,2.28,4.0,0.0,7,2.304,4,1,graduate,1
221829,2.93,135.0,240.0,0,0,اجتاز,2.59,1.73,13,11,2,35.0,75.3,2.208,3.7,0.0,2.93,,6,6,0,18.0,52.8,2.933,3.4,2.2,3.03,2.63,12,12,0,36.0,102.0,2.833,3.2,2.4,3.38,3.26,11,11,0,31.0,103.0,3.345,4.0,2.2,42,40,2,120.0,333.1,2.788,4.0,0.0,7,2.793,4,1,graduate,0
221844,2.34,135.0,140.0,0,0,,,,0,0,0,0.0,0.0,,,,1.95,,6,6,0,17.0,33.2,2.0,2.8,1.5,2.05,1.56,12,10,2,36.0,64.9,1.808,3.2,0.0,2.61,2.92,11,11,0,32.0,88.3,2.755,4.0,1.5,29,27,2,85.0,186.4,2.207,4.0,0.0,5,2.218,3,0,graduate,0
221845,2.75,135.0,240.0,2,0,اجتاز,0.99,1.91,12,9,3,32.0,45.4,1.483,3.0,0.0,2.52,,5,5,0,15.0,37.8,2.52,3.0,2.0,3.02,2.79,12,12,0,36.0,104.7,2.917,3.4,2.4,3.32,3.2,12,12,0,34.0,110.8,3.233,3.7,2.4,41,38,3,117.0,298.7,2.541,3.7,0.0,7,2.536,4,1,graduate,1
221849,3.02,135.0,240.0,0,0,اجتاز,2.7,2.61,13,13,0,35.0,92.9,2.669,3.7,1.0,1.84,,6,4,2,17.0,31.2,1.733,2.8,0.0,3.17,3.2,12,12,0,36.0,114.6,3.183,4.0,2.4,3.55,3.12,11,11,0,32.0,107.3,3.364,4.0,2.6,42,40,2,120.0,346.0,2.864,4.0,0.0,7,2.884,4,1,graduate,0
221856,2.67,135.0,130.0,0,0,اجتاز,2.35,2.05,13,12,1,35.0,76.8,2.215,4.0,0.0,2.6,,6,6,0,18.0,46.8,2.6,2.8,2.4,3.02,2.66,12,12,0,36.0,102.2,2.842,3.7,2.2,2.96,2.67,11,11,0,31.0,87.9,2.827,4.0,2.0,42,41,1,120.0,313.7,2.61,4.0,0.0,7,2.616,4,1,graduate,0
221857,2.63,135.0,240.0,0,0,,2.15,2.46,13,13,0,35.0,80.7,2.315,3.7,1.0,1.93,,6,6,0,18.0,34.8,1.933,2.4,1.5,2.93,2.83,12,12,0,36.0,103.6,2.883,3.4,2.2,3.07,3.25,10,10,0,29.0,91.2,3.14,4.0,2.4,41,41,0,118.0,310.3,2.627,4.0,1.0,7,2.66,4,1,graduate,0
221864,3.04,135.0,240.0,3,0,اجتاز,1.97,1.86,13,12,1,35.0,66.9,1.846,4.0,0.0,1.82,,6,5,1,18.0,32.7,1.817,2.4,0.0,3.6,3.52,12,12,0,36.0,128.1,3.558,3.7,3.2,3.4,3.12,11,11,0,32.0,104.9,3.264,3.7,2.8,42,40,2,121.0,332.6,2.702,4.0,0.0,7,2.756,4,1,graduate,1
221865,3.34,135.0,140.0,0,0,اجتاز,2.86,3.41,13,13,0,35.0,110.0,3.123,4.0,2.0,3.01,,7,7,0,21.0,63.3,3.014,3.7,2.4,3.59,3.53,14,14,0,42.0,149.4,3.557,4.0,2.8,3.65,3.23,7,7,0,20.0,69.3,3.443,4.0,2.6,41,41,0,118.0,392.0,3.307,4.0,2.0,7,3.326,4,1,graduate,0
221869,2.99,135.0,190.0,1,1,,1.91,2.8,11,11,0,32.0,74.4,2.3,4.0,1.0,2.52,,7,7,0,18.0,45.3,2.529,3.0,1.5,3.06,3.28,12,12,0,36.0,114.2,3.175,3.7,2.6,3.47,3.25,10,10,0,29.0,98.1,3.37,4.0,2.8,40,40,0,115.0,332.0,2.87,4.0,1.0,7,2.899,4,1,graduate,1
221898,2.88,135.0,160.0,0,0,,2.84,3.06,13,13,0,35.0,103.2,2.946,3.7,2.2,2.48,,6,6,0,18.0,44.7,2.483,2.8,1.5,3.08,2.69,12,12,0,36.0,103.9,2.892,3.7,2.0,3.14,2.92,10,10,0,29.0,88.6,3.06,3.7,2.4,41,41,0,118.0,340.4,2.89,3.7,1.5,7,2.887,4,1,graduate,0
221904,2.89,135.0,160.0,2,2,اجتاز,1.42,1.92,11,10,1,32.0,52.9,1.682,2.8,0.0,2.96,,5,5,0,15.0,44.4,2.96,3.4,2.6,3.55,3.47,12,12,0,36.0,126.3,3.508,4.0,3.0,3.04,3.08,12,12,0,34.0,104.1,3.042,4.0,1.0,40,39,1,117.0,327.7,2.798,4.0,0.0,7,2.777,4,1,graduate,1
221910,2.76,135.0,70.0,0,0,اجتاز,2.15,2.77,13,13,0,35.0,86.3,2.485,3.4,1.0,2.38,,6,6,0,17.0,40.4,2.3,3.2,1.0,3.29,2.69,12,12,0,36.0,107.8,3.0,4.0,2.4,3.15,2.62,11,11,0,32.0,92.9,2.936,4.0,1.5,42,42,0,120.0,327.4,2.724,4.0,1.0,7,2.721,4,1,graduate,0
221911,3.3,135.0,170.0,0,0,اجتاز,3.16,3.18,14,14,0,38.0,120.5,3.164,4.0,1.5,2.78,,7,7,0,20.0,55.6,2.771,3.2,2.4,3.48,3.37,13,13,0,39.0,133.5,3.423,4.0,3.0,3.58,3.46,8,8,0,23.0,81.4,3.525,4.0,3.2,42,42,0,120.0,391.0,3.248,4.0,1.5,7,3.287,4,1,graduate,0
221921,2.99,135.0,170.0,0,0,,2.3,2.71,13,13,0,35.0,87.9,2.546,4.0,1.0,2.53,,6,6,0,18.0,45.6,2.533,3.0,2.0,3.03,3.33,12,12,0,36.0,114.6,3.183,4.0,2.2,3.74,3.31,11,11,0,31.0,110.1,3.518,4.0,2.8,42,42,0,120.0,358.2,2.981,4.0,1.0,7,2.993,4,1,graduate,0
221925,2.61,135.0,240.0,0,0,اجتاز,2.36,2.22,13,13,0,35.0,80.1,2.315,4.0,1.0,2.55,,6,6,0,17.0,43.4,2.567,3.0,2.0,2.93,2.4,12,12,0,36.0,95.9,2.667,3.4,1.0,2.82,2.7,9,9,0,27.0,74.7,2.767,3.7,2.2,40,40,0,115.0,294.1,2.56,4.0,1.0,7,2.569,4,1,graduate,0
221927,2.69,135.0,240.0,0,0,اجتاز,2.12,2.21,13,12,1,35.0,75.9,2.131,3.4,0.0,2.36,,6,6,0,17.0,40.2,2.367,2.8,2.2,3.02,2.67,12,12,0,36.0,102.3,2.842,3.7,2.2,3.04,2.77,9,9,0,27.0,78.9,2.922,4.0,2.2,40,39,1,115.0,297.3,2.558,4.0,0.0,7,2.599,4,1,graduate,0
221931,2.56,135.0,170.0,1,1,اجتاز,1.7,3.02,11,10,1,32.0,74.2,2.309,4.0,0.0,2.09,,6,6,0,17.0,35.5,2.117,2.6,1.5,2.29,2.56,12,12,0,36.0,87.4,2.433,3.0,1.0,3.1,2.81,12,12,0,33.0,97.6,2.933,3.7,2.0,41,40,1,118.0,294.7,2.5,4.0,0.0,7,2.51,4,1,graduate,1
221937,1.97,132.0,40.0,2,2,اجتاز,2.33,2.44,13,13,0,35.0,83.5,2.392,4.0,1.0,1.53,,6,6,0,18.0,27.6,1.533,2.2,1.0,1.29,2.06,11,9,2,33.0,54.2,1.645,2.6,0.0,2.81,2.04,11,7,1,32.0,78.5,2.312,3.7,0.0,41,35,3,118.0,243.8,2.024,4.0,0.0,7,2.071,4,1,level4_non_graduate,1
221938,2.85,135.0,200.0,0,0,,2.65,3.09,13,13,0,35.0,100.6,2.9,4.0,2.0,2.72,,6,6,0,17.0,46.2,2.733,3.2,2.4,2.93,2.7,12,12,0,36.0,101.4,2.817,3.4,2.0,3.4,3.04,11,11,0,32.0,103.4,3.236,4.0,2.6,42,42,0,120.0,351.6,2.94,4.0,2.0,7,2.933,4,1,graduate,0
221942,2.54,135.0,240.0,1,1,اجتاز,1.68,2.46,11,10,1,32.0,65.4,2.055,3.7,0.0,1.83,,6,6,0,18.0,33.0,1.833,2.4,1.0,2.27,2.91,12,12,0,35.0,90.3,2.6,4.0,1.0,3.11,2.88,12,12,0,34.0,102.0,2.983,3.4,2.4,41,40,1,119.0,290.7,2.454,4.0,0.0,7,2.449,4,1,graduate,1
221954,3.19,135.0,240.0,0,0,اجتاز,3.01,3.04,14,14,0,38.0,114.9,3.014,4.0,2.4,2.88,,7,7,0,20.0,57.6,2.886,3.4,2.4,3.03,3.49,13,13,0,39.0,127.8,3.277,3.7,2.4,3.47,3.4,8,8,0,23.0,79.2,3.425,4.0,2.8,42,42,0,120.0,379.5,3.152,4.0,2.4,7,3.189,4,1,graduate,0
221957,2.83,135.0,170.0,0,0,,2.46,2.66,13,13,0,35.0,89.7,2.592,3.7,1.0,2.63,,6,6,0,18.0,47.4,2.633,2.8,2.4,3.07,3.03,12,12,0,36.0,109.8,3.05,4.0,2.2,3.17,3.02,10,10,0,29.0,90.3,3.11,3.7,2.6,41,41,0,118.0,337.2,2.859,4.0,1.0,7,2.863,4,1,graduate,0
221962,2.47,104.0,140.0,0,0,,2.34,2.66,13,13,0,35.0,87.5,2.515,3.4,1.0,1.65,,6,5,1,18.0,29.7,1.65,2.4,0.0,2.63,2.2,12,12,0,36.0,86.9,2.417,3.0,1.0,2.9,2.54,11,11,0,31.0,85.0,2.745,4.0,1.0,42,41,1,120.0,289.1,2.424,4.0,0.0,7,2.417,4,1,graduate,0
221981,2.82,135.0,240.0,0,0,,2.56,3.03,13,13,0,35.0,98.2,2.815,4.0,1.5,2.53,,6,6,0,17.0,43.0,2.533,2.8,2.2,3.03,2.17,12,12,0,36.0,93.6,2.608,3.4,1.0,3.24,3.2,11,11,0,32.0,103.2,3.218,4.0,2.8,42,42,0,120.0,338.0,2.821,4.0,1.0,7,2.823,4,1,graduate,0
221987,2.57,135.0,70.0,0,0,اجتاز,2.44,2.52,13,13,0,35.0,86.7,2.485,3.7,1.0,1.75,,6,5,1,18.0,31.5,1.75,2.6,0.0,2.76,2.37,12,12,0,36.0,92.2,2.567,3.2,1.0,2.6,2.88,11,7,1,33.0,72.0,2.5,3.2,0.0,42,37,2,122.0,282.4,2.4,3.7,0.0,7,2.474,4,1,graduate,0
222005,2.04,127.0,140.0,1,0,اجتاز,1.88,2.68,11,10,1,32.0,72.1,2.245,3.4,0.0,1.7,,6,6,0,18.0,30.6,1.7,2.2,1.0,2.07,1.56,12,11,1,35.0,63.8,1.833,3.2,0.0,1.35,1.71,12,7,1,32.0,41.7,2.038,4.4,0.0,41,34,3,117.0,208.2,1.978,4.4,0.0,7,1.85,4,1,level4_non_graduate,1
222009,2.45,135.0,240.0,0,0,اجتاز,2.04,2.56,13,13,0,35.0,80.8,2.323,3.7,1.5,1.57,,6,6,0,18.0,28.2,1.567,2.4,1.0,2.92,2.53,12,12,0,36.0,98.1,2.733,4.0,2.0,3.0,1.5,12,12,0,34.0,97.2,2.9,4.0,1.5,43,43,0,123.0,304.3,2.493,4.0,1.0,7,2.303,4,1,graduate,0
222016,2.25,240.0,240.0,0,0,,2.19,2.61,13,13,0,35.0,84.1,2.385,3.7,1.0,1.87,,6,6,0,18.0,33.6,1.867,2.6,1.0,2.63,1.86,12,11,1,35.0,79.1,2.275,3.4,0.0,,,0,0,0,0.0,0.0,,,,31,30,1,88.0,196.8,2.242,3.7,0.0,5,2.232,3,0,graduate,0
222018,3.43,135.0,200.0,0,0,,3.17,3.37,14,14,0,38.0,124.7,3.271,4.0,2.4,2.89,,7,7,0,20.0,57.8,2.886,3.4,2.4,3.56,3.66,14,14,0,42.0,151.5,3.607,4.0,3.2,3.81,3.7,7,7,0,20.0,75.3,3.729,4.0,3.0,42,42,0,120.0,409.3,3.395,4.0,2.4,7,3.451,4,1,graduate,0
222024,2.69,135.0,190.0,0,0,,2.22,2.03,13,13,0,35.0,74.4,2.1,3.2,1.0,2.18,,6,6,0,18.0,39.3,2.183,2.8,1.5,2.68,3.4,12,12,0,36.0,109.5,3.042,3.7,1.0,3.42,3.12,10,10,0,29.0,95.8,3.3,4.0,2.6,41,41,0,118.0,319.0,2.68,4.0,1.0,7,2.721,4,1,graduate,0
222070,2.74,240.0,240.0,0,0,اجتاز,2.44,2.97,13,13,0,35.0,95.0,2.723,3.7,1.0,2.32,,6,6,0,17.0,39.5,2.35,2.8,1.5,2.92,2.97,12,12,0,36.0,106.0,2.95,3.2,2.4,,,0,0,0,0.0,0.0,,,,31,31,0,88.0,240.5,2.739,3.7,1.0,5,2.724,3,0,graduate,0
222072,2.9,102.0,200.0,0,0,اجتاز,2.52,2.9,13,13,0,35.0,95.1,2.738,3.7,1.0,2.79,,6,6,0,17.0,47.4,2.8,3.2,2.2,3.09,2.68,12,12,0,35.0,101.3,2.9,4.0,2.4,3.11,2.88,11,11,0,33.0,99.3,3.009,3.7,2.6,42,42,0,120.0,343.1,2.864,4.0,1.0,7,2.853,4,1,graduate,0
222077,2.61,135.0,240.0,0,0,اجتاز,2.59,1.99,13,12,1,35.0,79.8,2.215,3.4,0.0,2.46,,7,7,0,18.0,44.3,2.529,3.0,1.5,2.58,2.65,12,12,0,36.0,94.1,2.617,3.7,1.5,2.93,2.76,11,11,0,33.0,94.2,2.855,4.0,2.2,43,42,1,122.0,312.4,2.542,4.0,0.0,7,2.566,4,1,graduate,0
222086,2.59,135.0,130.0,2,2,اجتاز,1.92,1.92,11,11,0,32.0,61.4,1.927,3.0,1.0,2.3,,6,6,0,18.0,41.4,2.3,2.8,2.0,2.99,2.58,12,12,0,36.0,100.3,2.792,3.7,1.0,3.33,2.97,11,11,0,30.0,95.8,3.182,4.0,2.4,40,40,0,116.0,298.9,2.587,4.0,1.0,7,2.573,4,1,graduate,1
222088,2.37,135.0,240.0,0,0,اجتاز,2.24,2.69,13,13,0,35.0,86.5,2.431,4.0,1.0,2.08,,6,6,0,18.0,37.5,2.083,2.4,1.5,2.26,2.56,12,12,0,36.0,86.7,2.417,3.0,2.0,2.36,2.62,10,10,0,28.0,73.1,2.65,4.0,1.5,41,41,0,117.0,283.8,2.429,4.0,1.0,7,2.401,4,1,graduate,0
222102,2.64,135.0,240.0,0,0,,2.09,2.38,13,13,0,35.0,78.4,2.238,4.0,1.0,2.22,,6,6,0,18.0,39.9,2.217,2.8,1.5,2.88,2.8,12,12,0,36.0,102.2,2.842,4.0,1.5,3.29,2.98,11,11,0,31.0,97.8,3.145,4.0,2.2,42,42,0,120.0,318.3,2.645,4.0,1.0,7,2.663,4,1,graduate,0
222117,2.93,135.0,240.0,0,0,اجتاز,2.4,2.92,13,13,0,35.0,93.4,2.654,4.0,1.5,2.55,,6,6,0,18.0,45.9,2.55,3.0,1.5,2.93,3.22,12,12,0,36.0,110.7,3.075,3.7,1.5,3.34,3.0,10,10,0,29.0,92.8,3.2,4.0,2.4,41,41,0,118.0,342.8,2.895,4.0,1.5,7,2.909,4,1,graduate,0
222124,2.97,135.0,170.0,0,0,,2.26,2.63,13,13,0,35.0,85.8,2.423,4.0,1.0,2.6,,6,6,0,18.0,46.8,2.6,3.0,2.2,3.43,3.42,12,12,0,36.0,123.3,3.425,4.0,2.8,3.31,3.2,10,10,0,29.0,94.8,3.26,4.0,2.8,41,41,0,118.0,350.7,2.946,4.0,1.0,7,2.979,4,1,graduate,0
222131,2.29,135.0,150.0,3,3,اجتاز,2.03,1.77,13,12,1,35.0,66.3,1.9,3.4,0.0,1.02,,6,4,2,18.0,18.3,1.017,2.6,0.0,2.76,2.65,12,12,0,35.0,94.7,2.717,3.4,2.0,2.85,2.6,12,12,0,30.0,92.4,3.1,4.0,2.4,43,40,3,118.0,271.7,2.34,4.0,0.0,7,2.24,4,1,graduate,1
222136,2.71,135.0,240.0,0,0,اجتاز,2.49,2.09,13,11,2,35.0,80.0,2.277,3.7,0.0,2.24,,6,5,1,17.0,38.0,2.267,3.2,0.0,2.84,2.44,12,12,0,36.0,95.2,2.65,4.0,1.5,2.92,2.85,12,12,0,35.0,101.0,2.883,3.7,2.4,43,40,3,123.0,314.2,2.549,4.0,0.0,7,2.553,4,1,graduate,0
222139,2.4,135.0,0.0,2,2,اجتاز,2.58,1.7,13,12,1,35.0,74.4,2.162,3.7,0.0,1.28,,6,5,1,18.0,23.1,1.283,2.2,0.0,2.11,2.79,12,12,0,36.0,88.3,2.458,3.7,1.0,3.01,2.8,11,11,0,32.0,93.2,2.909,3.4,2.2,42,40,2,121.0,279.0,2.317,3.7,0.0,7,2.324,4,1,graduate,1
222147,2.55,135.0,130.0,0,0,اجتاز,2.44,2.76,13,13,0,35.0,91.1,2.608,4.0,1.0,2.23,,6,6,0,18.0,40.2,2.233,2.8,1.0,2.96,1.99,12,11,1,36.0,89.0,2.483,4.0,0.0,2.72,2.64,11,11,0,32.0,86.0,2.691,4.0,2.0,42,41,1,121.0,306.3,2.54,4.0,0.0,7,2.534,4,1,graduate,0
222157,2.93,135.0,240.0,1,1,,1.98,2.84,13,13,0,35.0,84.8,2.423,4.0,1.0,2.63,,6,6,0,18.0,47.4,2.633,2.8,2.4,2.97,3.32,12,12,0,36.0,113.1,3.142,3.7,2.0,3.5,3.04,11,11,0,31.0,102.1,3.282,4.0,2.4,42,42,0,120.0,347.4,2.883,4.0,1.0,7,2.897,4,1,graduate,1
222158,2.85,135.0,100.0,0,0,اجتاز,2.34,2.92,13,13,0,35.0,92.2,2.631,3.7,1.5,2.38,,6,6,0,18.0,42.9,2.383,2.8,1.5,3.2,3.04,12,12,0,36.0,112.4,3.125,3.7,2.4,2.98,2.77,10,10,0,29.0,84.0,2.9,3.7,2.0,41,41,0,118.0,331.5,2.805,3.7,1.5,7,2.804,4,1,graduate,0
222190,2.59,135.0,240.0,0,0,اجتاز,2.36,2.44,13,13,0,35.0,84.2,2.4,3.7,1.0,2.18,,6,6,0,18.0,39.3,2.183,2.4,1.5,2.62,2.37,12,12,0,36.0,89.8,2.508,3.0,1.5,3.04,3.02,11,11,0,32.0,97.0,3.036,3.7,2.4,42,42,0,121.0,310.3,2.567,3.7,1.0,7,2.576,4,1,graduate,0
222208,2.93,135.0,240.0,2,2,اجتاز,1.96,1.96,13,11,2,35.0,68.5,2.046,3.7,0.0,3.03,,6,6,0,18.0,54.6,3.033,3.4,2.6,3.08,3.09,12,12,0,36.0,111.2,3.092,3.7,2.6,3.5,3.46,9,9,0,26.0,90.7,3.478,4.0,3.2,40,38,2,115.0,325.0,2.83,4.0,0.0,7,2.869,4,1,graduate,1
222221,2.79,135.0,240.0,0,0,اجتاز,2.71,2.78,13,13,0,35.0,96.0,2.731,4.0,1.0,2.57,,6,6,0,18.0,46.2,2.567,2.8,2.0,2.73,2.76,12,12,0,36.0,98.8,2.75,3.2,2.2,3.28,2.82,11,11,0,31.0,95.3,3.064,4.0,2.2,42,42,0,120.0,336.3,2.8,4.0,1.0,7,2.807,4,1,graduate,0
222240,2.2,135.0,100.0,1,0,لم يجتاز,2.32,2.0,13,13,0,35.0,75.5,2.177,3.0,1.5,1.67,,6,6,0,18.0,30.0,1.667,2.6,1.0,2.61,1.86,12,11,1,36.0,80.5,2.242,3.2,0.0,3.4,2.18,11,9,1,33.5,70.6,1.91,3.4,0.0,42,39,2,122.5,256.6,2.056,3.4,0.0,7,2.291,4,1,level4_non_graduate,1
222245,2.07,135.0,100.0,1,1,اجتاز,2.0,1.93,13,12,1,35.0,68.8,1.992,4.0,0.0,1.77,,6,6,0,18.0,31.8,1.767,2.4,1.0,1.92,2.03,12,12,0,36.0,71.2,1.983,3.0,1.0,2.45,2.05,10,10,0,27.0,64.4,2.28,4.0,1.0,41,40,1,116.0,236.2,2.027,4.0,0.0,7,2.021,4,1,graduate,1
222246,2.37,135.0,240.0,0,0,اجتاز,2.37,2.2,13,12,1,35.0,79.9,2.223,4.0,0.0,1.77,,6,6,0,18.0,31.8,1.767,2.4,1.0,2.67,2.12,12,12,0,36.0,86.1,2.392,3.2,1.0,3.03,2.27,10,10,0,29.0,78.9,2.73,4.0,1.0,41,40,1,118.0,276.7,2.329,4.0,0.0,7,2.347,4,1,graduate,0
222254,2.65,135.0,100.0,0,0,اجتاز,2.27,2.79,13,13,0,35.0,88.8,2.5,4.0,1.0,2.18,,6,6,0,18.0,39.3,2.183,2.4,1.5,2.4,2.88,12,12,0,36.0,95.1,2.658,3.4,1.5,2.78,2.77,10,10,0,29.0,80.6,2.78,3.7,2.0,41,41,0,118.0,303.8,2.568,4.0,1.0,7,2.581,4,1,graduate,0
222264,2.6,135.0,110.0,3,3,,1.45,2.14,11,9,2,32.0,56.7,1.718,3.7,0.0,1.58,,5,4,1,15.0,23.7,1.58,2.2,0.0,,,0,0,0,0.0,0.0,,,,2.98,2.71,13,13,0,36.0,102.0,2.831,4.0,2.0,29,26,3,83.0,182.4,2.193,4.0,0.0,5,2.172,3,0,graduate,1
222266,2.59,135.0,170.0,1,0,اجتاز,1.59,2.54,11,9,2,32.0,65.1,1.973,3.7,0.0,2.83,,6,6,0,18.0,51.0,2.833,3.2,2.6,2.41,2.28,12,12,0,35.0,82.0,2.358,2.8,1.5,2.48,2.67,12,12,0,33.0,85.2,2.6,3.7,1.0,41,39,2,118.0,283.3,2.395,3.7,0.0,7,2.4,4,1,graduate,1
222271,2.52,135.0,240.0,0,0,اجتاز,2.42,2.27,13,12,1,35.0,82.0,2.331,4.0,0.0,1.93,,6,6,0,18.0,34.8,1.933,3.0,1.0,2.56,2.37,12,12,0,36.0,88.7,2.475,3.4,1.5,2.81,2.79,11,11,0,31.0,90.9,2.955,4.0,2.2,42,41,1,120.0,296.4,2.479,4.0,0.0,7,2.45,4,1,graduate,0
222291,2.9,101.0,240.0,0,0,اجتاز,2.16,2.62,13,12,1,35.0,84.0,2.462,4.0,0.0,2.05,,6,6,0,18.0,36.9,2.05,2.8,1.0,3.47,2.73,12,12,0,36.0,111.5,3.1,4.0,2.0,3.42,3.02,12,12,0,34.0,109.8,3.2,3.7,2.2,43,42,1,123.0,342.2,2.788,4.0,0.0,7,2.781,4,1,graduate,0
222308,2.54,135.0,240.0,0,0,اجتاز,2.02,2.63,13,13,0,35.0,81.7,2.323,3.7,1.0,2.2,,6,6,0,18.0,39.6,2.2,2.6,2.0,2.6,2.83,12,12,0,36.0,97.7,2.717,3.7,1.5,3.05,2.87,11,11,0,31.0,92.2,2.964,3.4,2.4,42,42,0,120.0,311.2,2.586,3.7,1.0,7,2.6,4,1,graduate,0
222312,2.97,135.0,240.0,0,0,اجتاز,2.79,2.79,13,13,0,35.0,97.7,2.762,4.0,1.0,2.73,,6,6,0,18.0,49.2,2.733,3.0,2.2,3.17,3.13,12,12,0,36.0,113.4,3.15,3.4,2.2,3.27,2.9,10,9,0,28.0,87.6,3.022,3.4,2.4,41,40,0,117.0,347.9,2.933,4.0,1.0,7,2.969,4,1,graduate,0
222316,2.1,130.0,100.0,4,2,اجتاز,1.99,2.01,13,13,0,35.0,70.0,2.031,3.2,1.0,1.2,,6,5,1,18.0,21.6,1.2,2.2,0.0,2.19,1.22,11,9,2,33.0,54.8,1.664,2.8,0.0,2.42,2.5,11,8,0,33.5,81.2,2.338,4.0,1.0,41,35,3,119.5,227.6,1.858,4.0,0.0,7,1.933,4,1,level4_non_graduate,1
222322,3.11,135.0,200.0,0,0,,2.92,3.2,13,13,0,35.0,107.2,3.062,4.0,2.2,2.81,,6,6,0,16.0,45.0,2.833,4.0,2.0,3.13,2.75,13,13,0,39.0,115.2,2.954,3.7,1.5,3.7,3.06,7,7,0,21.0,72.0,3.429,4.0,2.6,39,39,0,111.0,339.4,3.056,4.0,1.5,7,3.081,4,1,graduate,0
222338,2.57,135.0,240.0,3,0,اجتاز,1.92,1.56,11,11,0,32.0,56.0,1.764,3.0,1.0,1.96,,5,4,1,15.0,29.4,1.96,2.6,0.0,2.59,2.13,12,12,0,36.0,85.0,2.367,3.4,1.0,2.98,3.14,11,11,0,33.0,100.8,3.055,4.0,2.6,39,38,1,116.0,271.2,2.338,4.0,0.0,7,2.326,4,1,graduate,1
222339,2.3,95.0,170.0,0,0,لم يجتاز,2.24,2.47,13,13,0,35.0,82.5,2.408,3.7,1.0,1.87,,6,6,0,18.0,33.6,1.867,2.6,1.0,2.49,1.07,12,9,3,36.0,64.0,1.783,2.8,0.0,2.13,2.6,12,9,0,35.5,80.7,2.378,3.7,1.0,43,37,3,124.5,260.8,2.133,3.7,0.0,7,2.124,4,1,level4_non_graduate,0
222341,2.91,135.0,240.0,0,0,,2.31,2.53,13,13,0,35.0,84.9,2.415,3.7,1.5,2.5,,6,6,0,18.0,45.0,2.5,2.8,2.0,3.32,3.28,12,12,0,35.0,115.5,3.292,4.0,2.8,3.15,3.24,10,10,0,29.0,93.3,3.21,4.0,2.4,41,41,0,117.0,338.7,2.878,4.0,1.5,7,2.904,4,1,graduate,0
222342,2.68,135.0,140.0,0,0,اجتاز,2.64,2.29,13,13,0,35.0,86.0,2.477,3.4,1.0,2.52,,6,6,0,17.0,42.8,2.533,2.8,2.4,2.86,2.42,12,12,0,36.0,95.0,2.65,4.0,2.0,3.0,3.06,11,11,0,32.0,96.9,3.027,4.0,2.2,42,42,0,120.0,320.7,2.679,4.0,1.0,7,2.684,4,1,graduate,0
222374,2.43,96.0,0.0,0,0,اجتاز,2.43,2.03,13,12,1,35.0,77.8,2.246,4.0,0.0,2.25,,6,6,0,17.0,38.3,2.283,2.8,1.5,2.9,1.76,12,10,2,36.0,83.9,2.333,3.4,0.0,2.05,2.04,12,5,2,39.0,74.8,1.486,3.0,0.0,43,33,5,127.0,274.8,2.139,4.0,0.0,7,2.209,4,1,level4_non_graduate,0
222406,2.14,135.0,240.0,1,0,,2.01,2.5,13,12,1,35.0,79.2,2.285,4.0,0.0,1.98,,6,6,0,17.0,33.7,2.05,3.2,1.0,2.0,1.46,12,11,1,36.0,62.3,1.733,2.6,0.0,2.39,2.3,12,12,0,31.0,82.1,2.675,3.7,2.0,43,41,2,119.0,257.3,2.207,4.0,0.0,7,2.091,4,1,graduate,1
222407,2.49,135.0,240.0,0,0,,2.13,2.19,13,13,0,35.0,75.6,2.162,3.4,1.0,2.16,,6,6,0,17.0,36.7,2.183,2.6,1.5,2.69,2.1,12,11,1,36.0,86.2,2.4,3.4,0.0,2.78,2.68,13,13,0,38.0,103.7,2.715,3.7,2.2,44,43,1,126.0,302.2,2.393,3.7,0.0,7,2.39,4,1,graduate,0
222442,2.69,135.0,240.0,0,0,اجتاز,2.25,2.52,13,13,0,35.0,83.6,2.408,4.0,1.5,2.4,,6,6,0,18.0,43.2,2.4,2.6,2.0,2.78,2.74,12,12,0,36.0,99.4,2.767,3.7,1.5,3.02,3.01,11,11,0,31.0,93.6,3.0,4.0,2.2,42,42,0,120.0,319.8,2.664,4.0,1.5,7,2.674,4,1,graduate,0
222447,3.23,135.0,130.0,0,0,اجتاز,2.52,2.62,13,13,0,35.0,90.0,2.538,4.0,1.0,2.97,,6,6,0,18.0,53.4,2.967,3.4,2.6,3.68,3.67,13,13,0,39.0,143.4,3.677,4.0,3.2,3.65,3.6,9,9,0,26.0,94.6,3.622,4.0,3.2,41,41,0,118.0,381.4,3.2,4.0,1.0,7,3.244,4,1,graduate,0
222458,2.86,135.0,240.0,0,0,,2.22,2.97,13,13,0,35.0,91.3,2.608,4.0,1.0,2.28,,6,6,0,18.0,41.1,2.283,2.8,1.5,3.18,2.75,12,12,0,36.0,106.7,2.967,3.7,1.5,3.55,3.22,10,10,0,29.0,99.1,3.41,4.0,2.8,41,41,0,118.0,338.2,2.861,4.0,1.0,7,2.881,4,1,graduate,0
222462,2.37,135.0,240.0,0,0,اجتاز,2.55,2.12,13,12,1,35.0,81.6,2.338,3.7,0.0,1.88,,6,6,0,17.0,31.9,1.883,2.6,1.0,2.87,1.97,12,12,0,36.0,87.0,2.417,3.2,1.0,1.93,2.35,12,11,1,35.0,74.8,2.15,3.7,0.0,43,41,2,123.0,275.3,2.244,3.7,0.0,7,2.239,4,1,graduate,0
222497,2.57,97.0,130.0,2,2,اجتاز,1.65,2.4,11,11,0,32.0,64.1,1.973,3.0,1.0,2.26,,6,6,0,17.0,38.5,2.317,3.2,1.5,2.79,2.36,12,12,0,36.0,92.8,2.583,3.4,1.0,3.26,2.82,12,12,0,33.0,101.1,3.092,4.0,2.4,41,41,0,118.0,296.5,2.529,4.0,1.0,7,2.506,4,1,graduate,1
222512,2.24,135.0,240.0,1,0,اجتاز,1.93,2.08,11,11,0,32.0,64.0,2.0,3.2,1.0,2.25,,6,6,0,17.0,38.2,2.3,3.2,1.0,2.59,1.9,12,12,0,36.0,80.9,2.25,3.2,1.0,2.98,2.76,12,12,0,33.0,95.2,2.9,4.0,2.0,41,41,0,118.0,278.3,2.38,4.0,1.0,7,2.356,4,1,graduate,1
222516,3.24,135.0,120.0,0,0,اجتاز,2.91,3.17,13,13,0,35.0,106.6,3.046,3.7,2.0,3.22,,7,7,0,20.0,64.3,3.214,3.7,2.8,3.44,3.04,14,14,0,42.0,136.1,3.243,4.0,2.4,3.32,3.53,8,8,0,23.0,78.4,3.4,4.0,3.0,42,42,0,120.0,385.4,3.207,4.0,2.0,7,3.233,4,1,graduate,0
222522,2.51,135.0,240.0,0,0,اجتاز,2.16,1.91,13,11,2,35.0,71.1,2.077,3.7,0.0,2.42,,6,6,0,18.0,43.5,2.417,3.2,1.5,2.48,2.04,11,11,0,33.0,75.3,2.282,3.2,1.0,2.88,2.92,11,11,0,32.0,92.8,2.891,4.0,2.4,41,39,2,118.0,282.7,2.4,4.0,0.0,7,2.401,4,1,graduate,0
222525,2.72,135.0,200.0,0,0,,2.36,2.09,13,12,1,35.0,77.7,2.277,3.7,0.0,2.85,,6,6,0,17.0,48.4,2.833,3.2,2.6,2.78,2.37,12,12,0,36.0,92.7,2.583,3.4,1.0,3.16,2.91,12,12,0,35.0,106.3,3.042,4.0,2.2,43,42,1,123.0,325.1,2.653,4.0,0.0,7,2.646,4,1,graduate,0
222547,2.9,135.0,240.0,0,0,اجتاز,2.79,3.15,13,13,0,35.0,104.2,2.977,4.0,1.5,2.47,,6,6,0,18.0,44.4,2.467,3.2,1.0,3.13,2.63,12,12,0,36.0,103.6,2.883,3.4,2.2,2.97,3.1,10,10,0,29.0,87.8,3.04,4.0,2.0,41,41,0,118.0,340.0,2.89,4.0,1.0,7,2.891,4,1,graduate,0
222586,3.21,135.0,130.0,0,0,اجتاز,3.16,3.21,14,14,0,38.0,121.1,3.171,3.7,2.4,3.04,,7,7,0,20.0,60.7,3.043,3.7,2.4,3.39,3.04,12,12,0,36.0,116.7,3.242,3.7,2.8,3.31,3.4,9,9,0,26.0,87.0,3.333,4.0,2.8,42,42,0,120.0,385.5,3.205,4.0,2.4,7,3.221,4,1,graduate,0
222612,2.27,135.0,100.0,3,0,اجتاز,1.79,1.48,11,10,1,32.0,52.7,1.664,3.2,0.0,1.96,,5,5,0,15.0,29.4,1.96,2.6,1.0,,,0,0,0,0.0,0.0,,,,2.58,2.17,13,13,0,38.5,94.1,2.523,4.0,1.5,29,28,1,85.5,176.2,2.1,4.0,0.0,5,1.996,3,0,graduate,1
222622,3.23,135.0,170.0,0,0,,2.78,2.89,13,13,0,35.0,99.3,2.823,4.0,2.0,2.97,,6,6,0,18.0,53.4,2.967,3.4,2.8,3.55,3.6,12,12,0,36.0,128.7,3.575,3.7,3.4,3.51,3.4,10,10,0,29.0,100.6,3.46,4.0,3.0,41,41,0,118.0,382.0,3.22,4.0,2.0,7,3.243,4,1,graduate,0
222630,2.66,135.0,100.0,1,1,,1.8,2.88,11,11,0,32.0,73.8,2.282,4.0,1.0,2.5,,6,6,0,18.0,45.0,2.5,3.0,2.0,2.64,2.59,12,12,0,36.0,94.2,2.625,3.4,1.5,3.33,2.89,12,12,0,32.0,100.5,3.108,4.0,2.4,41,41,0,118.0,313.5,2.656,4.0,1.0,7,2.661,4,1,graduate,1
222653,2.59,135.0,240.0,0,0,اجتاز,2.63,2.53,13,13,0,35.0,90.3,2.577,4.0,1.0,1.93,,6,6,0,17.0,32.8,1.967,2.8,1.0,2.92,2.33,12,12,0,36.0,94.5,2.625,3.7,1.0,3.05,2.71,12,12,0,35.0,100.9,2.875,4.0,2.2,43,43,0,123.0,318.5,2.588,4.0,1.0,7,2.586,4,1,graduate,0
222656,2.92,103.0,140.0,0,0,اجتاز,2.48,2.19,13,11,2,35.0,81.5,2.3,3.4,0.0,2.45,,6,6,0,18.0,44.1,2.45,3.2,1.5,3.23,3.21,11,11,0,33.0,106.3,3.227,4.0,2.6,3.18,3.0,10,10,0,29.0,90.2,3.12,3.4,2.4,40,38,2,115.0,322.1,2.782,4.0,0.0,7,2.82,4,1,graduate,0
222674,2.72,135.0,130.0,0,0,اجتاز,2.46,2.33,13,12,1,35.0,83.9,2.446,3.7,0.0,1.86,,6,6,0,17.0,31.6,1.933,3.2,1.0,3.03,2.36,11,11,0,33.0,90.0,2.727,3.4,1.0,3.27,3.05,12,12,0,35.0,110.6,3.15,3.7,2.6,42,41,1,120.0,316.1,2.648,3.7,0.0,7,2.623,4,1,graduate,0
222678,2.68,135.0,100.0,3,3,اجتاز,1.91,1.96,11,10,1,32.0,61.9,1.936,3.7,0.0,1.92,,6,6,0,18.0,34.5,1.917,2.8,1.0,3.18,2.9,12,12,0,36.0,109.4,3.05,4.0,2.6,3.01,2.82,11,11,0,32.0,93.9,2.918,3.7,2.4,40,39,1,118.0,299.7,2.538,4.0,0.0,7,2.529,4,1,graduate,1
222692,2.54,135.0,240.0,2,2,اجتاز,1.65,1.78,11,10,1,32.0,54.7,1.718,3.4,0.0,2.4,,5,5,0,15.0,36.0,2.4,3.0,2.0,3.1,2.53,12,12,0,36.0,101.3,2.817,3.4,2.0,2.91,2.72,11,11,0,30.0,85.1,2.845,4.0,2.0,39,38,1,113.0,277.1,2.462,4.0,0.0,7,2.441,4,1,graduate,1
222729,2.42,135.0,100.0,1,0,,1.74,2.48,11,11,0,32.0,66.8,2.055,3.4,1.0,1.8,,6,6,0,18.0,32.4,1.8,2.4,1.0,2.81,1.83,12,11,1,36.0,83.6,2.325,3.7,0.0,2.95,2.65,10,10,0,28.0,79.0,2.82,4.0,2.2,39,38,1,114.0,261.8,2.295,4.0,0.0,7,2.323,4,1,graduate,1
222774,2.51,135.0,240.0,3,3,اجتاز,,,0,0,0,0.0,0.0,,,,1.82,,5,5,0,15.0,27.3,1.82,2.4,1.0,,,0,0,0,0.0,0.0,,,,2.88,2.83,13,13,0,37.0,105.8,2.877,4.0,1.5,18,18,0,52.0,133.1,2.583,4.0,1.0,3,2.51,2,0,graduate,1
222806,2.71,135.0,240.0,0,0,,2.08,2.03,13,13,0,35.0,71.8,2.108,3.4,1.0,2.27,,6,6,0,18.0,40.8,2.267,2.4,2.0,3.13,2.97,12,12,0,36.0,109.8,3.05,3.7,2.4,3.29,3.35,10,10,0,29.0,96.2,3.3,4.0,2.8,41,41,0,118.0,318.6,2.698,4.0,1.0,7,2.731,4,1,graduate,0
222827,2.53,135.0,240.0,0,0,اجتاز,,,0,0,0,0.0,0.0,,,,1.37,,6,5,1,18.0,24.6,1.367,2.2,0.0,2.66,2.08,12,11,1,36.0,85.3,2.375,3.4,0.0,2.71,2.73,11,11,0,30.0,87.6,2.927,3.4,2.0,29,27,2,84.0,197.5,2.376,3.4,0.0,5,2.31,3,0,graduate,0
222831,2.14,135.0,140.0,3,2,اجتاز,2.09,2.03,13,13,0,35.0,72.1,2.1,3.0,1.0,1.08,,6,5,1,18.0,19.5,1.083,2.0,0.0,2.65,1.62,11,10,1,32.0,67.4,2.118,3.7,0.0,2.55,2.26,12,12,0,35.0,84.3,2.425,3.7,1.0,42,40,2,120.0,243.3,2.052,3.7,0.0,7,2.04,4,1,graduate,1
222839,3.14,135.0,240.0,0,0,اجتاز,2.83,3.18,13,13,0,35.0,105.4,2.985,4.0,2.0,2.84,,7,7,0,20.0,56.8,2.857,3.2,2.4,3.03,3.3,13,13,0,39.0,123.9,3.177,3.7,2.4,3.55,3.26,9,9,0,26.0,89.9,3.456,4.0,2.6,42,42,0,120.0,376.0,3.124,4.0,2.0,7,3.141,4,1,graduate,0
222840,2.48,135.0,240.0,0,0,اجتاز,2.31,2.18,13,12,1,35.0,78.6,2.269,3.7,0.0,1.85,,6,6,0,18.0,33.3,1.85,2.2,1.0,2.8,2.79,12,12,0,36.0,100.6,2.8,3.4,2.4,2.34,2.22,9,9,0,24.0,57.6,2.289,3.7,1.0,40,39,1,113.0,270.1,2.37,3.7,0.0,7,2.356,4,1,graduate,0
222845,3.12,135.0,100.0,0,0,اجتاز,2.1,2.89,13,12,1,35.0,87.7,2.469,4.0,0.0,2.82,,6,6,0,18.0,50.7,2.817,3.7,2.0,3.51,3.3,12,12,0,36.0,122.6,3.408,4.0,2.6,3.54,3.35,11,11,0,31.0,107.5,3.445,4.0,2.8,42,41,1,120.0,368.5,3.043,4.0,0.0,7,3.073,4,1,graduate,0
222847,3.19,135.0,240.0,0,0,,2.61,3.03,13,13,0,35.0,98.9,2.823,4.0,1.5,2.77,,6,6,0,18.0,49.8,2.767,3.0,2.2,3.29,3.26,13,13,0,39.0,127.7,3.277,3.7,2.6,3.91,3.7,9,9,0,26.0,99.2,3.8,4.0,3.4,41,41,0,118.0,375.6,3.173,4.0,1.5,7,3.224,4,1,graduate,0
222881,3.17,135.0,240.0,0,0,,2.66,3.03,13,13,0,35.0,99.8,2.892,3.7,1.5,2.97,,6,6,0,18.0,53.4,2.967,3.4,2.4,3.34,3.31,14,14,0,42.0,139.8,3.329,3.7,3.0,3.44,3.2,9,9,0,25.0,83.5,3.3,4.0,2.2,42,42,0,120.0,376.5,3.136,4.0,1.5,7,3.136,4,1,graduate,0
222941,2.64,135.0,70.0,3,3,اجتاز,1.02,2.32,11,9,2,32.0,52.2,1.582,3.2,0.0,1.0,,5,4,1,15.0,15.0,1.0,2.0,0.0,,,0,0,0,0.0,0.0,,,,3.21,2.83,14,14,0,39.0,117.4,3.007,3.7,2.2,30,27,3,86.0,184.6,2.15,3.7,0.0,5,2.076,3,0,graduate,1
222994,3.11,135.0,130.0,0,0,اجتاز,2.91,3.23,13,13,0,35.0,107.7,3.054,4.0,1.5,2.26,,7,7,0,20.0,45.2,2.257,3.0,1.0,3.1,3.58,12,12,0,36.0,120.3,3.342,4.0,2.2,3.53,3.3,10,10,0,29.0,99.7,3.43,4.0,2.8,42,42,0,120.0,372.9,3.093,4.0,1.0,7,3.13,4,1,graduate,0
223012,2.52,135.0,240.0,0,0,اجتاز,2.18,2.6,13,13,0,35.0,83.8,2.4,3.4,1.5,2.23,,6,6,0,18.0,40.2,2.233,2.8,1.0,2.49,2.19,12,12,0,36.0,84.4,2.35,2.8,1.0,3.1,2.92,10,10,0,29.0,87.8,3.02,3.7,2.4,41,41,0,118.0,296.2,2.512,3.7,1.0,7,2.53,4,1,graduate,0
223017,2.48,135.0,100.0,0,0,اجتاز,2.05,2.02,13,12,1,35.0,71.3,2.038,3.2,0.0,2.07,,6,6,0,17.0,35.2,2.067,2.8,1.0,2.73,2.27,12,12,0,35.0,87.7,2.5,3.4,1.0,3.03,2.91,12,12,0,36.0,107.1,2.975,4.0,2.2,43,42,1,123.0,301.3,2.433,4.0,0.0,7,2.44,4,1,graduate,0
223020,2.68,135.0,90.0,0,0,,2.66,2.43,13,13,0,35.0,89.1,2.515,4.0,1.0,2.47,,6,6,0,18.0,44.4,2.467,3.4,2.0,2.83,2.52,12,12,0,36.0,96.3,2.683,3.4,2.0,2.87,2.85,10,10,0,29.0,83.0,2.86,4.0,2.0,41,41,0,118.0,312.8,2.641,4.0,1.0,7,2.661,4,1,graduate,0
223125,3.1,135.0,240.0,0,0,اجتاز,,,0,0,0,0.0,0.0,,,,2.62,,6,6,0,18.0,47.1,2.617,3.4,1.5,3.22,3.25,12,12,0,35.0,113.2,3.217,3.7,2.6,3.31,3.24,11,11,0,32.0,104.9,3.282,4.0,2.8,29,29,0,85.0,265.2,3.117,4.0,1.5,5,3.128,3,0,graduate,0
223135,2.25,135.0,240.0,2,2,,,,0,0,0,0.0,0.0,,,,2.46,,5,5,0,15.0,36.9,2.46,3.0,1.5,2.36,1.61,12,11,1,36.0,71.4,1.992,2.6,0.0,2.72,2.6,13,13,0,35.0,97.3,2.808,4.0,2.0,30,29,1,86.0,205.6,2.423,4.0,0.0,5,2.35,3,0,graduate,1
223136,2.55,135.0,100.0,0,0,اجتاز,2.21,2.67,13,12,1,35.0,85.6,2.462,4.0,0.0,2.42,,6,6,0,18.0,43.5,2.417,3.0,1.5,2.01,2.43,12,12,0,36.0,79.8,2.225,3.0,1.0,3.05,2.55,11,11,0,31.0,90.8,2.909,3.7,2.2,42,41,1,120.0,299.7,2.505,4.0,0.0,7,2.477,4,1,graduate,0
223166,2.77,104.0,240.0,0,0,,2.51,2.57,13,12,1,35.0,88.8,2.562,4.0,0.0,1.88,,6,6,0,18.0,33.9,1.883,2.6,1.0,3.08,2.66,12,12,0,36.0,103.2,2.875,3.7,2.2,2.81,2.9,12,11,1,31.0,97.3,2.908,4.0,0.0,43,41,2,120.0,323.2,2.651,4.0,0.0,7,2.63,4,1,graduate,0
223172,2.53,135.0,240.0,3,3,اجتاز,,,0,0,0,0.0,0.0,,,,1.54,,6,5,1,17.0,26.2,1.6,2.6,0.0,,,0,0,0,0.0,0.0,,,,2.88,2.92,13,13,0,37.0,107.5,2.885,4.0,2.4,19,18,1,54.0,133.7,2.479,4.0,0.0,3,2.447,2,0,graduate,1
223203,2.21,99.0,170.0,1,0,,1.85,2.38,11,11,0,32.0,67.1,2.1,3.7,1.0,2.46,,6,6,0,17.0,41.8,2.433,2.8,2.0,2.24,1.77,12,11,1,36.0,72.2,2.008,2.8,0.0,2.58,2.32,11,8,0,31.0,81.0,2.725,4.4,2.0,40,36,1,116.0,262.1,2.259,4.4,0.0,7,2.229,4,1,level4_non_graduate,1
223231,3.21,135.0,240.0,0,0,اجتاز,3.12,3.14,14,14,0,38.0,119.0,3.15,4.0,1.5,2.88,,7,7,0,20.0,57.6,2.886,3.2,2.4,3.27,3.24,14,14,0,42.0,136.8,3.257,3.7,2.2,3.56,3.53,7,7,0,20.0,71.0,3.543,3.7,3.2,42,42,0,120.0,384.4,3.207,4.0,1.5,7,3.249,4,1,graduate,0
223274,3.0,135.0,240.0,0,0,اجتاز,2.74,3.01,13,13,0,35.0,100.7,2.854,3.7,2.0,2.38,,6,6,0,17.0,40.4,2.367,3.2,1.0,3.23,3.3,12,12,0,36.0,117.6,3.267,3.4,2.8,3.22,3.1,9,9,0,27.0,85.5,3.167,3.7,2.4,40,40,0,115.0,344.2,2.975,3.7,1.0,7,2.997,4,1,graduate,0
223289,2.47,135.0,130.0,0,0,,2.21,1.87,13,12,1,35.0,71.2,2.092,3.2,0.0,2.12,,6,6,0,18.0,38.1,2.117,2.6,1.5,1.79,2.43,12,11,1,36.0,76.0,2.117,3.0,0.0,3.27,2.87,10,10,0,29.0,90.2,3.14,4.0,2.2,41,39,2,118.0,275.5,2.359,4.0,0.0,7,2.366,4,1,graduate,0
223292,3.04,135.0,240.0,0,0,اجتاز,2.57,2.75,13,13,0,35.0,93.2,2.677,3.7,1.5,2.6,,6,6,0,18.0,46.8,2.6,3.2,2.2,2.97,3.28,12,12,0,36.0,112.4,3.125,4.0,2.2,3.58,3.33,9,9,0,26.0,90.9,3.478,4.0,2.8,40,40,0,115.0,343.3,2.98,4.0,1.5,7,3.011,4,1,graduate,0
223294,2.81,135.0,130.0,0,0,اجتاز,2.87,2.31,13,13,0,35.0,90.3,2.592,4.0,1.0,2.17,,6,6,0,18.0,39.0,2.167,2.8,1.0,2.99,2.93,12,12,0,36.0,106.6,2.967,3.4,2.6,3.2,3.05,10,10,0,29.0,91.0,3.14,4.0,2.6,41,41,0,118.0,326.9,2.773,4.0,1.0,7,2.789,4,1,graduate,0
223297,2.55,135.0,240.0,1,0,,1.78,2.76,11,11,0,32.0,71.7,2.218,3.4,1.0,2.23,,7,7,0,18.0,40.1,2.3,3.2,1.5,2.56,2.56,12,12,0,35.0,89.7,2.583,3.2,1.0,2.96,2.95,9,9,0,27.0,79.8,2.956,4.0,2.2,39,39,0,112.0,281.3,2.515,4.0,1.0,7,2.543,4,1,graduate,1
223301,2.65,135.0,70.0,1,1,اجتاز,1.89,2.38,11,10,1,32.0,67.9,2.118,3.7,0.0,1.64,,7,5,2,18.0,29.6,1.629,2.8,0.0,,,0,0,0,0.0,0.0,,,,2.89,2.91,13,13,0,37.0,107.4,2.908,4.0,2.4,31,28,3,87.0,204.9,2.339,4.0,0.0,5,2.342,3,0,graduate,1
223325,3.16,135.0,240.0,0,0,,2.79,2.96,13,13,0,35.0,100.8,2.9,4.0,1.5,3.02,,6,6,0,17.0,51.4,3.033,3.4,2.6,3.17,3.33,12,12,0,36.0,117.0,3.25,4.0,2.4,3.44,3.26,11,11,0,32.0,107.5,3.355,3.7,2.8,42,42,0,120.0,376.7,3.138,4.0,1.5,7,3.139,4,1,graduate,0
223327,2.73,135.0,70.0,3,3,اجتاز,1.93,1.68,11,9,2,32.0,58.0,1.836,4.0,0.0,1.5,,5,5,0,15.0,22.5,1.5,2.0,1.0,,,0,0,0,0.0,0.0,,,,3.13,3.19,13,13,0,37.0,117.1,3.146,3.7,2.6,29,27,2,84.0,197.6,2.366,4.0,0.0,5,2.286,3,0,graduate,1
223329,2.47,135.0,110.0,3,0,,1.46,1.2,11,8,3,32.0,42.9,1.3,2.6,0.0,2.17,,6,6,0,15.0,32.5,2.25,3.0,1.5,,,0,0,0,0.0,0.0,,,,3.23,2.95,12,12,0,34.0,104.9,3.075,4.0,2.2,29,26,3,81.0,180.3,2.231,4.0,0.0,5,2.202,3,0,graduate,1
223332,2.64,135.0,240.0,0,0,اجتاز,,,0,0,0,0.0,0.0,,,,1.57,,6,6,0,18.0,28.2,1.567,2.4,1.0,3.06,2.76,12,12,0,35.0,102.0,2.925,4.0,1.0,3.21,2.56,11,11,0,32.0,93.1,2.918,3.7,2.2,29,29,0,85.0,223.3,2.641,4.0,1.0,5,2.632,3,0,graduate,0
223337,2.83,135.0,170.0,1,0,اجتاز,1.62,2.54,11,10,1,32.0,65.7,2.064,3.7,0.0,2.47,,6,6,0,17.0,42.0,2.5,3.0,1.0,2.96,2.79,12,12,0,36.0,103.6,2.883,3.7,2.2,3.5,3.14,11,11,0,30.0,100.1,3.309,4.0,2.2,40,39,1,115.0,311.4,2.717,4.0,0.0,7,2.717,4,1,graduate,1
223351,2.65,135.0,240.0,0,0,,2.19,1.84,13,12,1,35.0,70.5,2.062,3.4,0.0,2.4,,6,6,0,18.0,43.2,2.4,2.8,2.2,2.76,2.76,12,12,0,36.0,99.3,2.767,3.4,2.0,3.3,3.3,9,9,0,26.0,85.9,3.3,4.0,3.0,40,39,1,115.0,298.9,2.603,4.0,0.0,7,2.65,4,1,graduate,0
223353,2.98,135.0,170.0,0,0,,2.26,2.69,13,13,0,35.0,86.9,2.523,3.7,1.0,2.46,,6,6,0,17.0,41.9,2.517,3.4,1.5,3.2,3.38,12,12,0,36.0,118.5,3.292,4.0,1.5,3.72,3.3,9,9,0,26.0,91.7,3.522,4.0,2.8,40,40,0,114.0,339.0,2.978,4.0,1.0,7,3.001,4,1,graduate,0
223361,2.43,135.0,240.0,2,2,اجتاز,2.0,1.21,13,12,1,35.0,55.8,1.646,2.8,0.0,1.84,,5,4,1,14.0,25.8,1.92,3.0,0.0,2.13,2.3,12,12,0,36.0,79.7,2.217,3.4,1.0,3.11,3.0,12,12,0,35.0,106.9,3.042,3.7,1.5,42,40,2,120.0,268.2,2.24,3.7,0.0,7,2.227,4,1,graduate,1
223369,3.0,135.0,200.0,0,0,,2.15,3.03,13,13,0,35.0,91.2,2.631,3.7,1.0,2.07,,6,5,1,18.0,37.2,2.067,3.2,0.0,2.85,2.99,12,12,0,36.0,105.2,2.933,3.4,2.6,3.58,3.38,9,9,0,26.0,90.9,3.478,4.0,2.8,40,39,1,115.0,324.5,2.827,4.0,0.0,7,2.864,4,1,graduate,0
223383,2.42,135.0,240.0,1,0,اجتاز,,,0,0,0,0.0,0.0,,,,2.12,,6,6,0,17.0,36.1,2.117,2.6,1.5,2.45,2.06,12,11,1,36.0,81.2,2.258,3.4,0.0,2.9,2.27,14,14,0,36.0,97.8,2.743,3.7,1.5,32,31,1,89.0,215.1,2.444,3.7,0.0,5,2.36,3,0,graduate,1
223385,2.86,135.0,130.0,0,0,اجتاز,2.55,2.51,13,13,0,35.0,88.5,2.523,3.7,1.5,2.17,,6,5,1,18.0,39.0,2.167,3.0,0.0,3.07,2.93,12,12,0,36.0,108.0,3.0,3.4,2.2,3.35,2.98,11,11,0,32.0,101.7,3.173,4.0,2.6,42,41,1,121.0,337.2,2.779,4.0,0.0,7,2.794,4,1,graduate,0
223397,3.05,135.0,170.0,0,0,اجتاز,3.0,3.13,14,14,0,38.0,116.8,3.05,4.0,2.2,2.71,,7,7,0,20.0,54.2,2.714,3.2,2.2,2.83,3.06,12,12,0,36.0,106.0,2.95,3.4,2.4,3.31,3.2,9,9,0,26.0,84.8,3.267,4.0,2.4,42,42,0,120.0,361.8,3.012,4.0,2.2,7,3.034,4,1,graduate,0
223410,2.72,135.0,240.0,0,0,اجتاز,2.41,2.18,13,13,0,35.0,80.1,2.269,3.2,1.0,2.52,,6,6,0,18.0,45.3,2.517,3.0,1.5,2.83,2.93,12,12,0,36.0,103.6,2.883,3.4,2.4,3.11,2.97,10,10,0,29.0,88.7,3.07,3.7,2.4,41,41,0,118.0,317.7,2.68,3.7,1.0,7,2.707,4,1,graduate,0
223412,2.36,135.0,240.0,2,2,اجتاز,1.95,2.19,13,13,0,35.0,72.7,2.046,3.7,1.0,1.65,,6,6,0,18.0,29.7,1.65,2.2,1.0,2.44,2.59,12,12,0,36.0,90.6,2.525,3.4,1.5,2.99,2.7,12,12,0,35.0,99.5,2.842,3.7,1.5,43,43,0,124.0,292.5,2.347,3.7,1.0,7,2.359,4,1,graduate,1
223414,2.65,135.0,130.0,0,0,اجتاز,2.21,2.1,13,13,0,35.0,75.4,2.162,3.2,1.0,2.07,,6,6,0,17.0,35.2,2.1,2.6,1.5,2.89,2.73,12,12,0,36.0,101.3,2.817,3.4,2.0,3.11,3.16,11,11,0,32.0,100.4,3.127,4.0,2.4,42,42,0,120.0,312.3,2.593,4.0,1.0,7,2.61,4,1,graduate,0
223423,2.3,104.0,170.0,0,0,اجتاز,2.04,2.29,13,13,0,35.0,75.9,2.177,4.0,1.0,1.95,,6,6,0,18.0,35.1,1.95,2.4,1.0,2.63,2.53,12,12,0,36.0,92.8,2.583,3.0,2.0,,,0,0,0,0.0,0.0,,,,31,31,0,89.0,203.8,2.29,4.0,1.0,5,2.288,3,0,graduate,0
223439,2.25,135.0,240.0,0,0,اجتاز,2.54,2.62,13,13,0,35.0,90.3,2.554,3.7,1.0,1.65,,6,6,0,17.0,28.1,1.683,2.4,1.0,2.19,2.17,12,12,0,36.0,78.4,2.183,3.4,1.0,3.03,2.85,11,11,0,32.0,94.6,2.945,4.0,2.4,42,42,0,120.0,291.4,2.426,4.0,1.0,7,2.436,4,1,graduate,0
223441,3.14,135.0,170.0,0,0,,2.65,2.3,13,12,1,35.0,86.5,2.5,3.4,0.0,3.05,,6,6,0,18.0,54.9,3.05,3.7,2.0,3.33,3.15,12,12,0,36.0,116.7,3.242,3.7,2.8,3.7,3.3,11,11,0,31.0,109.9,3.555,4.0,2.8,42,41,1,120.0,368.0,3.067,4.0,0.0,7,3.069,4,1,graduate,0
223468,2.51,135.0,240.0,1,0,,2.24,1.7,13,11,2,35.0,68.6,1.969,4.0,0.0,2.4,,5,5,0,15.0,36.0,2.4,2.6,2.0,1.93,2.83,12,12,0,36.0,85.7,2.383,3.2,1.0,3.1,1.5,10,10,0,29.0,82.5,2.85,4.0,1.5,40,38,2,115.0,272.8,2.367,4.0,0.0,7,2.243,4,1,graduate,1
223485,2.0,41.0,70.0,2,0,اجتاز,1.6,2.34,11,10,1,32.0,62.3,1.918,4.0,0.0,1.72,,5,4,1,15.0,25.8,1.72,3.2,0.0,,,0,0,0,0.0,0.0,,,,,,0,0,0,0.0,0.0,,,,16,14,2,47.0,88.1,1.856,4.0,0.0,3,1.887,2,0,graduate,1
223493,2.64,135.0,240.0,0,0,اجتاز,2.45,2.8,13,13,0,35.0,92.1,2.638,3.4,1.5,2.53,,6,6,0,18.0,45.6,2.533,3.0,2.2,2.3,2.36,12,12,0,36.0,83.8,2.333,3.4,1.0,2.83,2.9,10,10,0,29.0,83.0,2.84,4.0,2.2,41,41,0,118.0,304.5,2.583,4.0,1.0,7,2.596,4,1,graduate,0
223508,3.22,135.0,130.0,0,0,اجتاز,2.53,2.58,13,12,1,35.0,89.4,2.6,4.0,0.0,3.1,,6,6,0,18.0,55.8,3.1,3.4,2.8,3.57,3.48,12,12,0,36.0,126.9,3.525,4.0,2.8,3.52,3.22,10,10,0,29.0,98.6,3.4,4.0,2.6,41,40,1,118.0,370.7,3.139,4.0,0.0,7,3.143,4,1,graduate,0
223513,3.09,135.0,200.0,0,0,,2.68,2.91,13,13,0,35.0,97.9,2.777,3.7,1.5,2.57,,6,6,0,18.0,46.2,2.567,3.2,2.2,3.02,3.28,12,12,0,36.0,113.4,3.15,3.7,2.0,3.72,3.26,10,10,0,28.0,99.2,3.5,4.0,2.8,41,41,0,117.0,356.7,3.032,4.0,1.5,7,3.063,4,1,graduate,0
223516,2.78,135.0,130.0,0,0,اجتاز,2.11,2.31,13,12,1,35.0,77.5,2.208,3.7,0.0,2.43,,6,6,0,18.0,43.8,2.433,3.0,2.0,2.86,2.72,12,12,0,35.0,97.8,2.8,3.4,2.6,3.23,3.11,12,12,0,34.0,107.9,3.175,4.0,2.4,43,42,1,122.0,327.0,2.674,4.0,0.0,7,2.681,4,1,graduate,0
223533,2.99,135.0,240.0,0,0,,2.32,2.88,13,13,0,35.0,91.4,2.6,3.7,1.5,2.18,,6,6,0,18.0,39.3,2.183,2.6,1.5,3.47,3.4,12,12,0,36.0,123.6,3.433,3.7,2.8,3.55,3.45,10,10,0,29.0,101.8,3.5,4.0,3.0,41,41,0,118.0,356.1,3.002,4.0,1.5,7,3.036,4,1,graduate,0
223549,2.62,135.0,200.0,0,0,اجتاز,2.08,2.31,13,13,0,35.0,76.9,2.185,4.0,1.0,2.4,,6,6,0,18.0,43.2,2.4,2.8,2.0,2.83,2.79,12,12,0,36.0,101.3,2.817,3.4,2.2,3.03,3.02,10,10,0,29.0,87.9,3.03,4.0,2.4,41,41,0,118.0,309.3,2.607,4.0,1.0,7,2.637,4,1,graduate,0
223570,2.32,135.0,240.0,3,0,اجتاز,1.84,2.1,11,11,0,32.0,62.7,1.945,3.0,1.0,1.94,,5,5,0,15.0,29.1,1.94,2.2,1.5,,,0,0,0,0.0,0.0,,,,2.51,2.43,13,13,0,35.0,92.9,2.654,4.0,1.5,29,29,0,82.0,184.7,2.262,4.0,1.0,5,2.164,3,0,graduate,1
223572,3.04,135.0,130.0,0,0,اجتاز,2.34,2.68,13,13,0,35.0,87.9,2.5,4.0,1.0,2.92,,6,6,0,18.0,52.5,2.917,3.7,2.2,3.13,3.42,12,12,0,36.0,117.9,3.275,3.7,3.0,3.35,3.19,10,10,0,29.0,95.4,3.28,4.0,2.6,41,41,0,118.0,353.7,2.978,4.0,1.0,7,3.004,4,1,graduate,0
223583,2.77,135.0,240.0,0,0,اجتاز,2.48,2.72,13,12,1,35.0,91.2,2.577,4.0,0.0,2.63,,6,6,0,18.0,47.4,2.633,3.4,2.2,2.54,2.73,12,12,0,36.0,95.0,2.642,3.4,1.5,2.81,2.8,10,10,0,29.0,81.5,2.81,4.0,2.0,41,40,1,118.0,315.1,2.661,4.0,0.0,7,2.673,4,1,graduate,0
223595,2.71,135.0,240.0,0,0,اجتاز,2.61,1.87,13,12,1,35.0,77.9,2.177,3.2,0.0,2.4,,6,6,0,18.0,43.2,2.4,2.8,2.0,2.93,2.4,12,11,1,36.0,96.0,2.667,3.4,0.0,3.25,2.94,12,12,0,34.0,105.4,3.1,4.0,2.4,43,41,2,123.0,322.5,2.602,4.0,0.0,7,2.629,4,1,graduate,0
223602,2.68,135.0,240.0,3,3,,1.92,1.28,11,9,2,32.0,51.8,1.636,3.0,0.0,2.36,,5,5,0,15.0,35.4,2.36,2.6,2.2,,,0,0,0,0.0,0.0,,,,3.22,2.72,13,13,0,37.0,109.4,2.938,3.7,1.5,29,27,2,84.0,196.6,2.345,3.7,0.0,5,2.3,3,0,graduate,1
223615,2.2,135.0,240.0,0,0,اجتاز,2.12,2.12,13,13,0,35.0,74.2,2.069,3.4,1.0,2.23,,6,6,0,18.0,40.2,2.233,2.6,2.0,1.73,1.85,11,10,1,32.0,57.4,1.809,2.8,0.0,2.67,2.35,12,12,0,33.0,87.7,2.692,4.0,1.5,42,41,1,118.0,259.5,2.202,4.0,0.0,7,2.153,4,1,graduate,0
223624,2.78,135.0,240.0,1,0,,1.99,2.63,13,13,0,35.0,81.3,2.338,4.0,1.0,2.47,,6,6,0,18.0,44.4,2.467,3.0,2.0,3.27,2.83,12,12,0,36.0,109.8,3.05,3.4,2.2,3.38,3.2,10,10,0,29.0,95.9,3.31,4.0,2.6,41,41,0,118.0,331.4,2.802,4.0,1.0,7,2.824,4,1,graduate,1
223632,2.38,135.0,240.0,2,2,,1.81,2.44,11,11,0,32.0,67.3,2.1,3.2,1.0,1.77,,6,6,0,18.0,31.8,1.767,2.4,1.5,2.68,2.42,12,12,0,36.0,91.8,2.55,3.7,1.5,2.94,2.56,13,13,0,34.0,97.7,2.915,4.0,2.0,42,42,0,120.0,288.6,2.433,4.0,1.0,7,2.374,4,1,graduate,1
223652,2.93,135.0,240.0,0,0,,2.55,2.9,13,13,0,35.0,95.6,2.708,4.0,1.5,2.42,,6,6,0,18.0,43.5,2.417,3.0,1.5,3.09,2.97,12,12,0,36.0,109.1,3.033,3.7,1.5,3.35,3.11,11,11,0,31.0,100.6,3.218,4.0,2.4,42,42,0,120.0,348.8,2.893,4.0,1.5,7,2.913,4,1,graduate,0
223660,2.46,240.0,240.0,0,0,اجتاز,2.45,2.42,13,13,0,35.0,85.1,2.492,4.0,1.0,2.42,,6,6,0,18.0,43.5,2.417,3.0,1.5,2.49,2.28,12,12,0,36.0,85.9,2.392,3.0,1.5,,,0,0,0,0.0,0.0,,,,31,31,0,89.0,214.5,2.439,4.0,1.0,5,2.412,3,0,graduate,0
223662,1.84,46.0,70.0,3,0,اجتاز,1.54,2.02,11,9,2,32.0,56.4,1.755,3.4,0.0,1.48,,5,5,0,15.0,22.2,1.48,2.4,1.0,,,0,0,0,0.0,0.0,,,,3.14,2.76,12,11,0,34.0,104.4,3.109,4.4,2.4,28,25,2,81.0,183.0,2.256,4.4,0.0,5,2.188,3,0,level4_non_graduate,1
223667,2.71,135.0,100.0,0,0,,2.47,2.52,13,13,0,35.0,87.4,2.508,3.4,2.0,2.63,,6,6,0,18.0,47.4,2.633,3.4,2.0,2.76,2.73,12,12,0,36.0,98.9,2.75,3.4,2.2,3.07,2.73,11,8,0,31.0,90.5,2.737,3.7,2.2,42,39,0,120.0,324.2,2.649,3.7,2.0,7,2.701,4,1,graduate,0
223679,2.72,135.0,130.0,0,0,اجتاز,2.61,1.56,13,11,2,35.0,72.3,2.069,3.7,0.0,2.13,,6,6,0,18.0,38.4,2.133,2.8,1.5,3.2,3.16,12,12,0,35.0,111.4,3.183,3.4,2.8,3.25,2.9,11,11,0,31.0,96.5,3.136,4.0,2.2,42,40,2,119.0,318.6,2.676,4.0,0.0,7,2.687,4,1,graduate,0
223693,2.4,135.0,240.0,3,3,اجتاز,,,0,0,0,0.0,0.0,,,,1.72,,5,5,0,15.0,25.8,1.72,2.4,1.0,,,0,0,0,0.0,0.0,,,,2.96,2.23,13,13,0,34.0,98.0,2.892,4.0,1.5,18,18,0,49.0,123.8,2.567,4.0,1.0,3,2.303,2,0,graduate,1
223707,2.59,135.0,140.0,0,0,اجتاز,,,0,0,0,0.0,0.0,,,,1.57,,6,5,1,17.0,26.7,1.567,2.2,0.0,2.52,2.55,12,12,0,36.0,91.3,2.542,3.7,1.0,3.11,2.61,12,12,0,36.0,103.2,2.867,3.7,2.0,30,29,1,89.0,221.2,2.477,3.7,0.0,5,2.472,3,0,graduate,0
223716,2.85,135.0,240.0,0,0,اجتاز,2.33,3.01,13,13,0,35.0,93.8,2.646,4.0,1.0,2.28,,6,6,0,18.0,41.1,2.283,2.8,1.5,2.88,2.88,12,12,0,36.0,103.7,2.883,3.7,2.0,3.22,3.17,10,10,0,28.0,89.8,3.18,3.7,2.6,41,41,0,117.0,328.4,2.793,4.0,1.0,7,2.824,4,1,graduate,0
223815,3.25,135.0,240.0,0,0,اجتاز,,,0,0,0,0.0,0.0,,,,2.89,,7,7,0,20.0,57.8,2.914,3.4,2.4,3.36,3.26,14,14,0,42.0,138.9,3.307,3.7,3.0,3.64,3.6,7,7,0,20.0,72.5,3.614,4.0,3.4,28,28,0,82.0,269.2,3.286,4.0,2.4,5,3.35,3,0,graduate,0
223831,2.92,135.0,240.0,1,0,,2.24,1.42,13,12,1,35.0,63.6,1.9,3.4,0.0,2.8,,6,6,0,18.0,50.4,2.8,3.0,2.4,3.12,3.42,12,12,0,36.0,117.6,3.267,4.0,2.2,3.41,3.27,10,10,0,29.0,97.5,3.35,4.0,2.8,41,40,1,118.0,329.1,2.785,4.0,0.0,7,2.811,4,1,graduate,1
223832,3.14,135.0,170.0,0,0,,2.68,2.94,13,13,0,35.0,98.6,2.838,4.0,1.0,2.83,,6,6,0,18.0,51.0,2.833,3.0,2.4,3.2,3.5,12,12,0,36.0,120.6,3.35,4.0,1.0,3.55,3.11,11,11,0,31.0,104.0,3.327,4.0,2.4,42,42,0,120.0,374.2,3.112,4.0,1.0,7,3.116,4,1,graduate,0
223834,2.86,135.0,170.0,0,0,اجتاز,2.73,2.62,13,13,0,35.0,93.6,2.685,4.0,1.0,2.1,,6,6,0,18.0,37.8,2.1,2.6,1.5,3.08,2.93,12,12,0,36.0,108.3,3.008,3.7,2.2,3.38,3.17,10,10,0,29.0,95.7,3.29,3.7,2.8,41,41,0,118.0,335.4,2.841,4.0,1.0,7,2.859,4,1,graduate,0
223838,2.95,135.0,130.0,0,0,,2.87,3.09,13,13,0,35.0,104.4,2.977,4.0,2.0,2.63,,6,6,0,18.0,47.4,2.633,3.0,2.2,3.23,2.86,12,12,0,36.0,109.7,3.05,3.4,2.4,2.87,3.12,10,10,0,29.0,86.4,2.98,4.0,1.5,41,41,0,118.0,347.9,2.949,4.0,1.5,7,2.953,4,1,graduate,0
223853,3.11,135.0,30.0,0,0,اجتاز,2.54,3.03,13,13,0,35.0,97.7,2.769,4.0,1.0,3.0,,6,6,0,18.0,54.0,3.0,3.4,2.6,3.17,3.26,13,13,0,39.0,125.4,3.215,3.4,3.0,3.45,3.13,9,9,0,26.0,86.9,3.356,4.0,2.6,41,41,0,118.0,364.0,3.073,4.0,1.0,7,3.083,4,1,graduate,0
223901,2.73,135.0,120.0,2,2,,1.02,2.58,12,9,3,32.0,56.1,1.808,3.2,0.0,2.32,,6,6,0,18.0,41.7,2.317,2.6,1.5,2.99,3.17,12,12,0,36.0,110.9,3.083,3.4,2.4,3.21,3.21,12,12,0,34.0,109.4,3.175,4.0,1.5,42,39,3,120.0,318.1,2.636,4.0,0.0,7,2.643,4,1,graduate,1
223914,2.21,135.0,240.0,3,3,اجتاز,2.19,1.87,13,12,1,35.0,70.9,1.992,3.4,0.0,1.52,,6,6,0,18.0,27.3,1.517,2.6,1.0,2.19,1.96,10,10,0,30.0,62.3,2.08,2.6,1.0,2.51,2.43,12,12,0,34.0,89.1,2.642,3.7,1.0,41,40,1,117.0,249.6,2.134,3.7,0.0,7,2.096,4,1,graduate,1
223918,3.02,135.0,160.0,0,0,,2.68,2.34,13,13,0,35.0,87.7,2.554,3.7,1.0,2.8,,6,6,0,18.0,50.4,2.8,3.2,2.0,3.3,3.52,12,12,0,36.0,122.7,3.408,3.7,3.2,3.51,3.17,10,10,0,29.0,97.9,3.37,4.0,2.8,41,41,0,118.0,358.7,3.039,4.0,1.0,7,3.046,4,1,level4_non_graduate,0
223920,2.48,135.0,240.0,0,0,,2.2,2.62,13,12,1,35.0,84.6,2.338,4.0,0.0,1.67,,6,6,0,18.0,30.0,1.667,2.6,1.0,2.7,2.7,12,12,0,36.0,97.2,2.7,3.4,1.0,2.84,2.75,10,10,0,29.0,81.4,2.8,3.4,2.0,41,40,1,118.0,293.2,2.459,4.0,0.0,7,2.497,4,1,graduate,0
223961,1.92,47.0,70.0,3,0,,1.85,1.96,11,11,0,32.0,60.9,1.918,3.0,1.0,1.96,,5,5,0,15.0,29.4,1.96,2.4,1.0,,,0,0,0,0.0,0.0,,,,,,0,0,0,0.0,0.0,,,,16,16,0,47.0,90.3,1.931,3.0,1.0,3,1.923,2,0,level4_non_graduate,1
223985,2.39,135.0,30.0,2,2,اجتاز,,,0,0,0,0.0,0.0,,,,1.71,,6,5,1,17.0,29.0,1.733,2.6,0.0,2.53,2.28,12,12,0,35.0,84.3,2.425,3.4,1.5,2.68,2.87,13,13,0,38.0,106.0,2.785,3.7,1.5,31,30,1,90.0,219.3,2.442,3.7,0.0,5,2.414,3,0,graduate,1
224085,2.7,135.0,140.0,0,0,,2.34,2.7,14,14,0,37.0,93.8,2.621,4.0,1.0,2.55,,6,6,0,18.0,45.9,2.55,3.0,1.5,3.0,2.58,12,12,0,36.0,100.4,2.792,3.4,1.5,2.88,2.77,9,9,0,26.0,73.7,2.833,4.0,2.2,41,41,0,117.0,313.8,2.707,4.0,1.0,7,2.689,4,1,graduate,0
235395,3.29,135.0,,0,0,اجتاز,,,0,0,0,0.0,0.0,,,,,,0,0,0,0.0,0.0,,,,,,0,0,0,0.0,0.0,,,,3.35,3.4,13,13,0,38.0,128.2,3.369,4.0,2.6,13,13,0,38.0,128.2,3.369,4.0,2.6,2,3.375,1,0,graduate,0
235404,2.73,135.0,120.0,0,0,اجتاز,,,0,0,0,0.0,0.0,,,,,,0,0,0,0.0,0.0,,,,2.26,2.59,12,12,0,36.0,87.3,2.433,3.2,2.0,2.4,2.75,8,8,0,24.0,61.8,2.575,4.0,1.0,20,20,0,60.0,149.1,2.49,4.0,1.0,4,2.5,2,0,graduate,0
